id,created_at,user_id,content_id,content_type,progress_completed,progress_total,updated_at
000bb83b-221d-4f99-b708-ca6853cb2313,2025-10-24 17:13:18.39+00,e42df817-3bde-47b2-bcb7-d5c9b6be55a9,8b9325d4-5472-4dcc-8bb6-4c5cc9074280,byte,126,126,2025-10-24 17:13:18.39
005b0683-fe42-43a3-a227-07382cc9cd4d,2025-10-08 14:09:27.488+00,a5027740-b102-4eab-ba92-cbeb0d9c8144,43a719d1-b700-44c8-8176-695050ce0287,summary,79,1287,2025-10-08 14:10:27.485
005b0855-f42c-4271-a0f3-cf3479405f88,2025-10-07 14:43:23.263+00,890b8c71-fe02-48b7-9ccd-d93a944ee3d6,f33c7ac5-2da8-4547-908b-da3d4dbb9b26,summary,724,789,2025-10-07 15:06:40.022
00f13f71-ae4b-4f46-8c5f-ac72538c50c5,2025-10-04 22:11:28.227+00,b145a2ea-c8e3-4e49-97b5-8082250d9791,848764d8-d7c3-4c82-9c68-faff38bcbc9e,journey,77,77,2025-10-04 22:11:28.227
011eacdf-d779-4efc-9c43-b84d626cda7a,2025-10-04 09:59:54.245+00,253b1368-e5a5-4868-a729-1f49d12b4518,43a719d1-b700-44c8-8176-695050ce0287,summary,159,1287,2025-10-04 10:02:13.223
012a8ceb-0155-4a02-90e9-a17612121112,2025-09-30 17:22:12.049+00,33c30cc7-ed4e-4f89-abf7-7efa43c9f0ff,be2ad415-2f72-4399-a701-7b0b641fac5c,byte,105,105,2025-09-30 17:22:12.049
014b353a-ce43-4c79-8769-ed24f75b6985,2025-10-09 14:02:02.201+00,3a286115-4983-4e39-aa25-e1c42add080c,43a719d1-b700-44c8-8176-695050ce0287,summary,179,1287,2025-10-09 14:04:42.116
01739350-5d4c-4b26-b682-3a867fa12140,2025-10-05 09:52:35.806+00,41c61c74-815f-4345-b30f-29665592b98d,aec0c8f9-b75a-4edc-8e60-dd7b9e92bcea,summary,59,1021,2025-10-05 09:53:15.846
01b5f358-9a9a-4550-a261-74a18c029ea5,2025-10-04 11:16:56.786+00,c4187179-4849-4f48-87f9-a0b99974a703,4e9f1799-8847-4fe5-9310-d01ffe5dd2c0,summary,0,0,2025-10-04 11:16:56.786
02167826-e5ec-4ff2-92a0-ae96a217c0c1,2025-09-28 05:55:45.263+00,481b800c-c447-4cd6-a76a-2acea1361ab1,b2678c2e-0855-4a7b-810c-6bb043a69d3d,byte,188,188,2025-09-28 05:55:45.263
0222f84d-d3ba-4f17-8bba-d02e2c33205c,2025-10-07 13:37:34.135+00,a1197f9c-1055-461a-bea1-85bd37f83c9f,82e618fa-a346-4b6c-9c72-f42236d97f38,byte,168,168,2025-10-07 13:37:34.135
02391599-6df9-4982-aa94-bcb28d122d3e,2025-10-26 07:21:06.41+00,c4e9446e-488e-45f5-b39a-414620f94fa7,aec0c8f9-b75a-4edc-8e60-dd7b9e92bcea,summary,1012,1021,2025-10-26 07:27:50.984
02c01611-e52d-4ece-b76f-2c477b9b0dc9,2025-10-14 05:33:03.247+00,0a3848ab-a5d1-47a0-8748-aa8f695c7ef0,2b596717-2692-44b6-a768-5339499c4490,summary,1061,1061,2025-10-14 05:33:03.247
02c1489f-2429-48e9-879f-b59288ce0499,2025-10-15 06:49:00.528+00,de77bf96-b55c-4f71-b2e0-1421c0c71e43,ce189564-fcd9-4a40-9090-283c45330629,journey,156,156,2025-10-15 06:49:00.528
031da680-0ad4-4ad5-b834-a98ca190f8b2,2025-10-03 07:20:18.438+00,82fbb04c-e54d-4637-97d7-336607c7d58e,43a719d1-b700-44c8-8176-695050ce0287,summary,1287,1287,2025-10-03 07:41:25.711
03848a9c-8fce-43f2-8de9-11fdf1efcb45,2025-09-28 00:18:08.57+00,acd509aa-b110-4d13-9f30-b42e28e325be,c0d96c7f-5f78-4a59-ac69-341064a37c17,summary,0,0,2025-09-28 00:18:08.57
03a81b66-7a44-4fe6-8de7-013bba0a22ad,2025-09-28 06:00:53.076+00,cb72f951-a824-44ee-8cb2-6750da1f2b02,b2678c2e-0855-4a7b-810c-6bb043a69d3d,byte,188,188,2025-09-28 06:00:53.076
03b2a427-8027-497f-aa31-8b20c038c542,2025-10-25 09:55:58.795+00,ad2e071b-3c54-42b2-a668-affe1072a05e,aec0c8f9-b75a-4edc-8e60-dd7b9e92bcea,summary,61,1021,2025-10-25 09:56:38.736
03cd0a58-f73d-41dc-b8cd-181f54e314d4,2025-09-28 04:57:13.499+00,c502f5b6-f57a-441a-a7f2-702c83255148,43a719d1-b700-44c8-8176-695050ce0287,summary,0,0,2025-09-28 04:57:13.499
043dd42b-3983-4b58-a876-5830de32a6d0,2025-09-30 10:17:19.318+00,f4958a66-2708-4276-8f52-3ece2f27dcfd,ffef9923-95a8-41e3-859c-61e2f3c6c441,byte,135,135,2025-09-30 10:17:19.318
043f91ca-6d41-4741-8e82-9f6660e98ce7,2025-10-08 23:16:57.144+00,b145a2ea-c8e3-4e49-97b5-8082250d9791,6d308ea0-2973-4ebf-95ff-bc723fcae745,journey,209,209,2025-10-27 23:18:26.097
04441540-05aa-4d2a-8940-50e7f670e760,2025-09-30 12:59:20.743+00,a1197f9c-1055-461a-bea1-85bd37f83c9f,b2678c2e-0855-4a7b-810c-6bb043a69d3d,byte,188,188,2025-09-30 12:59:20.743
04780e0c-59ca-4d30-8959-bcda020d822e,2025-10-02 11:05:41.162+00,c9324c15-0fbb-4e75-bdbb-3b5961ceff1f,64163358-aacd-4059-9f1c-e74d841576d8,journey,89,89,2025-10-02 11:05:41.162
0494a8e6-a087-468d-b99d-1ac4e36fc719,2025-10-04 23:13:45.623+00,b145a2ea-c8e3-4e49-97b5-8082250d9791,99e9ec76-b71c-4a16-b4df-5a27218d2590,journey,247,247,2025-10-04 23:13:45.623
04bec919-3925-4ad9-9108-4244d4be1560,2025-09-30 13:00:00.012+00,5df84569-d1b8-4fb6-804d-e5248d00e953,59218631-e747-444e-b35d-c74b250f3a55,byte,107,107,2025-09-30 13:00:00.012
04e2189c-50d8-4e75-bbca-c438b5401cc5,2025-10-07 06:28:24.225+00,2f2af87b-1a51-4ae9-885c-39765dce0af8,ffef9923-95a8-41e3-859c-61e2f3c6c441,byte,135,135,2025-10-07 06:30:20.14
04e7d5c1-222c-41eb-b89f-372de69f8687,2025-10-07 08:04:52.755+00,824d3f93-b1de-4da2-af4a-9044c93fc354,7ea24f8e-ccaf-4881-9231-b0c9597ad808,summary,770,1357,2025-10-07 08:17:26.803
0500df18-e48d-4e2a-8169-1e97d979a694,2025-09-30 05:48:57.384+00,8569795b-60e0-48af-98de-86ff798002e8,be2ad415-2f72-4399-a701-7b0b641fac5c,byte,105,105,2025-09-30 05:48:57.384
05bb30a5-7f87-489b-81df-2204dca4c02d,2025-10-05 21:29:46.973+00,df1d9eaa-ea9a-4a3c-bfe1-af916ae860b7,e3d7dfe2-ad6c-4b4c-a501-986c05dd9ad3,summary,1250,1250,2025-10-05 21:29:56.258
05e80b51-8d3f-4f60-b7c3-0cebe7f680a7,2025-10-09 23:55:44.544+00,8b81f2d9-9eda-4a65-9e74-aec94dc17dd6,2b596717-2692-44b6-a768-5339499c4490,summary,799,1061,2025-10-10 00:08:44.494
05ef3997-7b06-446c-b1e8-3cfa8207a9ae,2025-09-28 16:50:13.976+00,cec22eea-2f00-44ab-b5b1-f506aa461db5,43a719d1-b700-44c8-8176-695050ce0287,summary,0,0,2025-09-28 16:50:13.976
0644cb51-7b7f-4758-b3c1-cb487ab66c50,2025-10-01 06:15:27.207+00,23754c63-f983-4850-9a50-e2fa245a0e00,b2678c2e-0855-4a7b-810c-6bb043a69d3d,byte,188,188,2025-10-01 06:15:27.207
06c8dbe3-835a-49f1-9dcb-794cad462142,2025-10-25 08:15:06.632+00,50a6a4b4-d961-4a17-baa3-e4052fc404a2,e3d7dfe2-ad6c-4b4c-a501-986c05dd9ad3,summary,1247,1250,2025-10-25 08:35:34.03
06cc0707-335f-4695-996e-602941a0bc7b,2025-10-08 08:49:28.248+00,82b73b21-2c77-43c8-8dc8-eb9f73944add,f73da11b-9c31-4688-ad4e-6e3ab119d287,byte,227,228,2025-10-08 08:52:56.675
06e703d5-dcac-4abc-a45c-006be03b3877,2025-10-02 11:50:24.439+00,e54cd5c3-76bc-4b95-bd58-f39de409d0cc,c4849c39-d9bd-4072-ba4b-d7ebc057b52d,summary,1179,1179,2025-10-02 11:50:24.439
0740666c-8a79-41cf-8ec0-8afb7151aa51,2025-10-04 06:46:47.691+00,3ad76948-a91f-4883-86c5-d056f392ddb6,c4849c39-d9bd-4072-ba4b-d7ebc057b52d,summary,0,0,2025-10-04 06:46:47.691
08345c28-68e7-47cc-a446-e89a9cdf9d33,2025-10-05 09:54:18.045+00,41c61c74-815f-4345-b30f-29665592b98d,e3d7dfe2-ad6c-4b4c-a501-986c05dd9ad3,summary,19,1250,2025-10-05 09:54:18.045
0842b1a1-4222-4d5d-9c51-77c805cb86f1,2025-09-28 13:40:46.813+00,570f9bb1-f65d-4679-ad00-e2fb1f5b9ec8,d104220f-2003-4618-9076-5f4594460a47,byte,184,184,2025-09-28 13:40:46.813
085c0a1d-442d-4bec-831e-8043d58566a7,2025-10-04 12:53:39.736+00,bf6810ba-dadc-41a2-860f-a67606f9720d,9181b76c-67a9-4328-9632-3315cfc0b427,summary,1239,1348,2025-10-04 13:13:59.74
0903a77b-b8f5-4f9c-995a-94236f912c85,2025-10-02 20:29:58.991+00,d36afa78-6e08-4820-9d2a-10ea6c929bb1,a3a943ba-0df0-4645-9019-a05abdd2b030,summary,1337,1337,2025-10-02 20:56:31.931
09599327-b90c-4b13-8534-c4646c48f4ec,2025-10-06 02:05:49.56+00,2efa06ef-b135-4d6c-8410-b1cf129c1a48,2df2492f-428f-4575-aba3-5c766d99b159,journey,109,109,2025-10-06 02:05:49.56
09882b4e-ac5b-455e-8174-81c56331769d,2025-10-20 21:15:27.574+00,6f2b03be-9399-45c7-8456-dd10bed6e402,aec0c8f9-b75a-4edc-8e60-dd7b9e92bcea,summary,519,1021,2025-10-20 21:23:47.586
0998032b-0db6-4e8b-9c13-33c074249770,2025-10-11 19:03:44.383+00,52cc37ce-ff13-48f7-8f54-c599ec854040,77f3e47f-acf5-4934-b421-d21a394d90d7,byte,125,125,2025-10-11 19:03:44.383
09d21c31-1885-4c50-bcbe-f30b381d0813,2025-10-03 07:49:22.473+00,78d7ec64-6991-4db8-8236-c7590fee5ade,a3a943ba-0df0-4645-9019-a05abdd2b030,summary,1349,1349,2025-10-03 07:49:22.473
09f55e49-d927-4252-9ccc-50dd85e93587,2025-10-05 10:54:14.958+00,3841d47b-36bf-40fa-a96e-7527c211c667,2b596717-2692-44b6-a768-5339499c4490,summary,0,0,2025-10-05 10:54:14.958
0a08b766-53a9-4792-855a-180650bdeb96,2025-10-12 20:21:42.426+00,e655f842-6a47-4716-a45d-cae3a4145e0c,c4849c39-d9bd-4072-ba4b-d7ebc057b52d,summary,1186,1186,2025-10-12 22:00:41.657
0a2c32e5-1ff6-4a08-b227-af35e7243ccd,2025-09-30 09:33:37.03+00,87ea3090-6dfc-4b88-87cd-8e9ee43b29c9,e3d7dfe2-ad6c-4b4c-a501-986c05dd9ad3,summary,0,0,2025-09-30 09:33:37.03
0a315860-0202-4546-a40e-208b72013940,2025-09-27 15:43:59.985+00,0f63e24b-b5c7-44a1-8546-c816391c02a6,b2678c2e-0855-4a7b-810c-6bb043a69d3d,byte,188,188,2025-09-27 15:43:59.985
0a451d58-089f-49eb-92c2-42166a6ecdab,2025-10-05 20:49:17.195+00,cc2f6c21-3c46-434f-89e0-c865b4974330,77f3e47f-acf5-4934-b421-d21a394d90d7,byte,125,125,2025-10-05 20:51:03.187
0a76d7fc-e9c7-42ef-b02b-e23c69bc60af,2025-10-18 14:37:58.831+00,66ff7fc6-afce-48fa-8e85-018e3300fe13,b50e0d58-5ac0-427a-a4de-4b387c1c05b1,summary,0,0,2025-10-18 14:56:57.677
0a94ae9e-78fd-4ccf-b5ab-df669e9e2e45,2025-10-26 12:40:21.202+00,175a268b-313c-49ff-a8dc-a74ea11abe9c,43a719d1-b700-44c8-8176-695050ce0287,summary,839,1287,2025-10-26 12:54:01.144
0b0d7b2f-420d-4889-b143-62fdb2197751,2025-09-29 16:07:23.503+00,2d96e21c-5609-4940-9f6c-dca11cd20d96,77f3e47f-acf5-4934-b421-d21a394d90d7,byte,125,125,2025-09-29 16:07:23.503
0b4b2177-702c-4282-8990-0e965f427e3c,2025-10-05 23:23:27.386+00,c8acc3dd-97bc-4935-b3a8-293e9c7db28c,43a719d1-b700-44c8-8176-695050ce0287,summary,49,1287,2025-10-05 23:23:47.386
0b548513-6531-458f-b5c6-a98ccd06e905,2025-10-02 16:08:35.855+00,3563eed6-e605-4cf0-82ff-2f73f2ed58be,b8c04b2d-4a4d-44d8-907b-ff53044e55d2,journey,156,156,2025-10-02 16:08:35.855
0b9374b8-cdf4-437c-89e7-7c2d611070b8,2025-10-28 15:58:05.82+00,deb1f726-8f4b-466a-aa14-d3650086aceb,2b596717-2692-44b6-a768-5339499c4490,summary,0,0,2025-10-28 16:19:08.963
0ba4cdda-65f9-4f58-9023-6cf04a7ff4d4,2025-10-01 07:14:00.252+00,8fb3b538-0e67-467c-ac83-2cdb17fd32e7,c4849c39-d9bd-4072-ba4b-d7ebc057b52d,summary,0,0,2025-10-01 07:14:00.252
0ba97450-5544-4593-b2af-51ba5ab1a93a,2025-10-06 07:37:11.646+00,23754c63-f983-4850-9a50-e2fa245a0e00,59218631-e747-444e-b35d-c74b250f3a55,byte,107,107,2025-10-06 07:37:11.646
0c0100c0-2c19-41d1-ba4d-960c5fb5630e,2025-10-05 06:36:20.662+00,23754c63-f983-4850-9a50-e2fa245a0e00,2e058380-90ad-412b-9887-52149e8bc2ae,byte,143,143,2025-10-05 06:36:23.548
0c0d473a-5cf6-4cc2-959f-8e2ff867307b,2025-09-28 21:48:13.77+00,0762306d-c7ee-48c2-882a-58c1194c2b91,b50e0d58-5ac0-427a-a4de-4b387c1c05b1,summary,0,0,2025-09-28 21:48:13.77
0c0e2f47-9752-4cea-8247-8d6671141e25,2025-10-29 13:23:10.348+00,b5b7f47a-8898-4e94-9c1f-f8e41a911506,43a719d1-b700-44c8-8176-695050ce0287,summary,1286,1287,2025-10-29 13:44:17.129
0c2cea34-74ff-4406-b9ea-2941aabacd20,2025-10-01 07:44:09.809+00,74af2e38-4e67-4db3-817e-37e67e915917,b2678c2e-0855-4a7b-810c-6bb043a69d3d,byte,188,188,2025-10-01 07:44:09.809
0cbcd29d-5201-4196-a213-8f0c45f1ca6a,2025-10-02 16:02:25.775+00,a932ed42-b64a-4152-823f-53f007fde529,025020aa-1e2c-45a1-9eb1-b5b034d7095b,summary,0,0,2025-10-02 16:02:25.775
0cc81141-23bc-45c4-b4db-10faccae8660,2025-10-24 18:26:16.991+00,ff7bdf56-2a70-42ce-8ec4-88ac7c8fcf6b,2b596717-2692-44b6-a768-5339499c4490,summary,0,0,2025-10-24 18:46:57.052
0cccd338-049d-45d7-898b-248f60d58a5c,2025-10-06 17:39:35.49+00,4d3ba02b-c908-479b-a39f-a51d9b2e73ca,2b596717-2692-44b6-a768-5339499c4490,summary,59,1061,2025-10-06 17:40:15.524
0cf55174-3ddb-4432-b7d4-9f5f8e88952c,2025-10-02 06:40:49.571+00,a8ace97d-7e50-4eff-9f08-affb451db8f7,c4849c39-d9bd-4072-ba4b-d7ebc057b52d,summary,37,1186,2025-10-02 06:41:09.539
0d10c362-6c7c-460b-b76c-751a2fa6a12b,2025-10-03 09:45:23.405+00,e655f842-6a47-4716-a45d-cae3a4145e0c,701daffb-6b59-4b3d-a957-27cc4ecf302a,summary,0,0,2025-10-03 09:45:23.405
0d29accd-4473-4dbd-a34a-2a4a657143a5,2025-10-04 10:32:18.005+00,f968dc8d-b41e-4898-b840-9d116423b0c3,2610c709-8108-4e18-aca5-a71b6e8e9fc3,summary,1199,1199,2025-10-04 11:34:26.643
0da4024d-9d97-438b-98dd-62b30e1448f1,2025-10-06 18:19:51.511+00,59cf2089-ef6a-43b0-a3dd-526d868eda05,99e9ec76-b71c-4a16-b4df-5a27218d2590,journey,247,247,2025-10-06 18:19:51.511
0dbd61a7-af48-484f-9671-a8c95f1900da,2025-10-04 06:02:36.603+00,f24aeda9-390a-4d36-8cfa-1407922bb10a,c4849c39-d9bd-4072-ba4b-d7ebc057b52d,summary,0,0,2025-10-04 06:02:36.603
0dcdab1a-eb76-4ac2-acff-08daec4b460c,2025-10-15 12:45:33.852+00,ceca5f04-f85d-4946-87c4-5a2008c7d43a,77f3e47f-acf5-4934-b421-d21a394d90d7,byte,19,125,2025-10-15 12:45:33.852
0dcdf521-88e2-46d0-ae8d-c13d8829def0,2025-10-16 07:54:27.521+00,1a07d311-eb28-4e1d-a044-55de85166883,c4849c39-d9bd-4072-ba4b-d7ebc057b52d,summary,433,1186,2025-10-16 08:04:26.32
0dce5ed9-da6f-4a53-bb75-3f671f268747,2025-10-02 09:36:02.355+00,fe5f3a60-3080-4063-82c9-cf1abe92f4aa,b2678c2e-0855-4a7b-810c-6bb043a69d3d,byte,188,188,2025-10-02 09:36:02.355
0e0faee3-852e-4819-a156-d3ff7c2d50db,2025-10-03 12:56:40.716+00,bc60c7e3-3c0a-429d-85fb-a9eea160f52e,c4849c39-d9bd-4072-ba4b-d7ebc057b52d,summary,1179,1179,2025-10-03 12:56:40.716
0e4337b6-6e88-401c-a0b7-4b8d3f765a7f,2025-09-27 21:00:18.146+00,80f44570-ba50-4236-848b-e32d8f2a3edd,b2678c2e-0855-4a7b-810c-6bb043a69d3d,byte,188,188,2025-09-27 21:00:18.146
0e64d9ed-3ddc-4edf-9200-7984edcafe91,2025-10-02 19:35:55.537+00,a38c9a19-ade7-4579-bd4f-8645225ec30f,ffef9923-95a8-41e3-859c-61e2f3c6c441,byte,135,135,2025-10-02 19:35:55.537
0ec789e1-0d67-47ca-97c6-83f843fa3ce9,2025-10-08 08:52:18.541+00,2ba6764f-9d79-439e-9ae4-aefacc0b355f,2610c709-8108-4e18-aca5-a71b6e8e9fc3,summary,1199,1199,2025-10-08 09:32:38.299
0eef35eb-4f70-45cc-9dfd-9914deac0153,2025-10-12 13:57:30.579+00,37273563-380f-4728-9fad-1242421d01ab,2b596717-2692-44b6-a768-5339499c4490,summary,279,1061,2025-10-12 14:01:50.577
0ef3d9f4-a6d8-4dcc-98a0-9f681d0f5eaf,2025-10-22 06:11:39.892+00,27f81c3e-c991-4adb-9f29-de5faec6539f,2d242a27-75b5-4952-97fa-b30437cef044,summary,847,851,2025-10-22 06:25:27.697
0f940431-4453-485e-84ea-fa609b1d7fe1,2025-10-09 12:52:15.964+00,d36afa78-6e08-4820-9d2a-10ea6c929bb1,5cf2f9e3-3275-49f5-accc-ef43f6c584e3,summary,1389,1389,2025-10-09 13:15:05.89
0fed3711-7620-4fe1-b504-ea9b9495a362,2025-10-03 07:31:23.357+00,b0277fec-ded5-40e0-bd26-8539430691d9,77f3e47f-acf5-4934-b421-d21a394d90d7,byte,125,125,2025-10-03 07:37:11.076
0fefaffa-fccf-4b8e-9144-8d39c885ef6a,2025-10-02 23:01:23.916+00,365b600d-7a22-4c38-8e83-2b8311a3ea07,701daffb-6b59-4b3d-a957-27cc4ecf302a,summary,1073,1073,2025-10-02 23:01:23.916
10765732-c131-4a49-b62d-e984d45d9d84,2025-10-02 11:50:08.389+00,e54cd5c3-76bc-4b95-bd58-f39de409d0cc,43a719d1-b700-44c8-8176-695050ce0287,summary,1269,1269,2025-10-02 11:50:08.389
10a8b6f0-0d73-4b5e-bd02-34cd7660efc1,2025-10-03 11:20:44.798+00,00912375-28ea-422f-b0e2-dfa87cc2ef6d,2b596717-2692-44b6-a768-5339499c4490,summary,0,0,2025-10-03 11:20:44.798
1152ab30-9e6a-49f6-82a6-d7966541e7fb,2025-10-04 12:55:24.488+00,dd768840-2d41-48c9-b8ef-392e1a7e1137,77f3e47f-acf5-4934-b421-d21a394d90d7,byte,125,125,2025-10-04 12:57:10.87
117aba95-6fc4-4f33-8262-117015f3c794,2025-10-05 10:56:24.647+00,5b6ef15a-3be8-484a-a9c9-751d065675aa,fa86e29f-8020-4c56-be6a-14de5bb2d58e,byte,19,155,2025-10-05 10:56:24.647
11d3cfcf-b973-48aa-91d7-de6c870040f2,2025-10-02 13:47:23.015+00,10fb13d2-2bcf-42a6-b7df-4a22726fc2d5,43a719d1-b700-44c8-8176-695050ce0287,summary,1179,1287,2025-10-02 14:06:44.2
11d5dedd-e628-4e8b-baef-d3adfffa385a,2025-09-30 17:20:53.392+00,16a2cce0-32d2-49cc-b517-77e55a3a8f13,c4849c39-d9bd-4072-ba4b-d7ebc057b52d,summary,0,0,2025-09-30 17:20:53.392
11da4d20-9a37-4357-88af-463dbb9e6226,2025-10-04 06:24:42.217+00,cfd11b8b-ffd2-4e55-a4de-253950a44e48,b50e0d58-5ac0-427a-a4de-4b387c1c05b1,summary,1095,1095,2025-10-04 06:24:42.217
12178474-dad8-4686-95e9-fdfde2ee8cc5,2025-09-27 13:39:45.451+00,815589d7-eab0-44e7-90d3-1814401fc65e,77f3e47f-acf5-4934-b421-d21a394d90d7,byte,125,125,2025-09-27 13:39:45.451
1222ce45-9acb-47f2-9b28-5b125710aabb,2025-10-03 19:18:49.294+00,01bf7f60-5cb6-4a19-8dae-a9b38762ddd9,c4849c39-d9bd-4072-ba4b-d7ebc057b52d,summary,1186,1186,2025-10-03 19:59:02.72
1231041b-686b-48d7-8a2e-465c50aadbf6,2025-10-15 13:18:11.231+00,505aec51-245f-4f8e-8063-1eca3637d20a,77f3e47f-acf5-4934-b421-d21a394d90d7,byte,124,125,2025-10-15 13:19:55.479
1264e7f6-04e7-45da-9db0-279f0c9abac5,2025-09-29 12:32:14.244+00,74af2e38-4e67-4db3-817e-37e67e915917,b2678c2e-0855-4a7b-810c-6bb043a69d3d,byte,188,188,2025-09-29 12:32:14.244
13271594-d718-49ae-b8e9-841331fb68df,2025-10-04 05:39:39.859+00,8984f475-91e0-48ac-baca-35d7ec755c9c,2b596717-2692-44b6-a768-5339499c4490,summary,0,0,2025-10-04 05:39:39.86
132e394a-068a-4ef4-9d3e-34446433f6da,2025-10-08 07:31:54.285+00,d51ba89f-6332-4327-81cd-4e9045fa15ee,77f3e47f-acf5-4934-b421-d21a394d90d7,byte,125,125,2025-10-08 07:31:54.285
13557422-306a-4442-a5d2-ec2ae3058e96,2025-10-04 05:06:31.619+00,f24aeda9-390a-4d36-8cfa-1407922bb10a,c4849c39-d9bd-4072-ba4b-d7ebc057b52d,summary,1186,1186,2025-10-04 05:25:58.875
13783ab3-35ed-40ac-8107-4323c9c721d0,2025-10-21 10:34:53.615+00,3dd5a388-a889-49d6-945c-8e4018e03122,77f3e47f-acf5-4934-b421-d21a394d90d7,byte,125,125,2025-10-21 10:34:55.097
13b61d3c-f5eb-49ba-82e6-ddf4b1b4803f,2025-10-21 15:53:50.335+00,f99b5c48-caa1-42d4-b37b-3f9cb7cca1ac,a3a943ba-0df0-4645-9019-a05abdd2b030,summary,830,1337,2025-10-21 16:07:30.355
13b89a45-94c9-43ad-8674-e64ccb2635aa,2025-10-14 15:27:07.728+00,34324cb0-d4c6-46e0-9a81-9f03ee15f2d6,b6006b29-0055-461d-9bf8-6eaf261b154e,byte,134,134,2025-10-14 15:27:07.728
13cd2650-433f-4a75-b669-71d6e6077bbb,2025-10-25 15:31:28.077+00,72562734-9adc-40ba-9990-1ff517f1fab1,9181b76c-67a9-4328-9632-3315cfc0b427,summary,19,1348,2025-10-25 15:31:28.077
13d2e2d6-0343-4fe0-a6b3-b7f2e77ba2cb,2025-10-10 02:17:45.425+00,bfb9d7d2-7742-43e8-97bd-2345626a1e8f,e3d7dfe2-ad6c-4b4c-a501-986c05dd9ad3,summary,456,1250,2025-10-10 02:25:05.36
141dfa20-69e7-49a2-b639-766b3c5dbf21,2025-10-14 16:08:44.381+00,daa21ec4-2cd2-4724-bf63-eec668de557f,dea581bb-61a3-47ab-9025-138f0c1b4c7e,byte,109,123,2025-10-14 16:10:13.929
149550ef-5afb-49dc-82ae-e5cfce16259d,2025-10-05 14:18:08.723+00,7069c159-0a5f-4fce-b858-b1780a9b5106,77f3e47f-acf5-4934-b421-d21a394d90d7,byte,125,125,2025-10-05 14:20:39.782
14967a10-5b5f-4ef4-ba7a-01171b96cbb0,2025-09-28 12:34:43.57+00,9c89d1d2-2b9e-437d-acc4-63217c44863b,d6366c7b-6b7f-455d-b743-b4a509e4a1df,byte,123,123,2025-09-28 12:34:43.57
14ccb537-e728-4eb9-9c9a-70fc255634d4,2025-10-25 11:11:58.04+00,6c26c45b-96e0-44a0-83ee-b2fccf681bbd,b50e0d58-5ac0-427a-a4de-4b387c1c05b1,summary,139,1110,2025-10-25 11:13:59.678
14e29453-93d4-47e2-b919-5d054aacaaec,2025-10-08 22:00:03.544+00,ff7df3e7-d740-4142-84dc-ba2fc1f1847c,b8c04b2d-4a4d-44d8-907b-ff53044e55d2,journey,156,156,2025-10-08 22:00:07.341
151ada4b-67a4-46ca-96e2-666188051401,2025-10-28 10:34:15.851+00,9a944fd7-8f14-4311-8e23-bd4535edb783,e3d7dfe2-ad6c-4b4c-a501-986c05dd9ad3,summary,447,1250,2025-10-28 10:41:35.971
155a7910-d1d1-4dad-8bc8-a227e2ed040c,2025-10-07 14:30:00.981+00,bb70ed65-3f78-484a-be25-6319b08708cf,89354efe-b8bc-477a-b9ba-74a8e5c6a7a1,summary,39,675,2025-10-07 14:30:20.88
159fb6ea-bc27-4a6a-be17-3ee73ad5ae16,2025-10-04 20:43:20.951+00,3dd5a388-a889-49d6-945c-8e4018e03122,4e9f1799-8847-4fe5-9310-d01ffe5dd2c0,summary,0,0,2025-10-04 20:43:20.951
15fd8869-df7f-4839-a6e5-ccf44b343f97,2025-10-08 15:40:12.943+00,daa21ec4-2cd2-4724-bf63-eec668de557f,bc31c08b-249e-4f6f-a8c4-5f5f930b11c0,journey,238,238,2025-10-08 15:40:12.943
164d158c-68cb-4a37-8c9b-2a4e800811af,2025-10-25 12:01:10.946+00,232baad0-151c-4db0-8708-5c291feb2e56,aec0c8f9-b75a-4edc-8e60-dd7b9e92bcea,summary,39,1021,2025-10-25 12:01:30.857
171f9d09-d0bb-4522-9d42-50af1c5282c8,2025-10-21 22:59:18.675+00,8c747703-58b8-4d50-a85c-749acad2aa98,c4849c39-d9bd-4072-ba4b-d7ebc057b52d,summary,0,0,2025-10-21 23:20:46.507
1731fba9-4ee5-415f-94d9-3824b99ab9b7,2025-10-06 01:51:07.046+00,2efa06ef-b135-4d6c-8410-b1cf129c1a48,b50e0d58-5ac0-427a-a4de-4b387c1c05b1,summary,339,1110,2025-10-06 01:56:27.051
17afa815-5e7c-47da-bdd1-2ad5921eabda,2025-09-27 13:40:12.302+00,815589d7-eab0-44e7-90d3-1814401fc65e,77f3e47f-acf5-4934-b421-d21a394d90d7,byte,125,125,2025-09-27 13:40:12.302
17fd8d70-0daf-4b91-99f6-a2a684b7f301,2025-10-06 12:57:13.136+00,c5f601e7-4002-45e7-b941-33de242cc525,b775e83f-21a0-490a-8307-0e2e3cabeee8,summary,59,924,2025-10-06 12:57:53.067
1858a0c9-fafc-483a-a9fd-d719305936f4,2025-10-16 07:23:31.734+00,16fc6a9a-c809-4251-b776-21028b2b4525,a3a943ba-0df0-4645-9019-a05abdd2b030,summary,19,1337,2025-10-16 07:23:31.734
1869d6b0-293c-4d32-ad17-2d508357f95a,2025-10-04 06:46:47.554+00,3ad76948-a91f-4883-86c5-d056f392ddb6,c4849c39-d9bd-4072-ba4b-d7ebc057b52d,summary,0,0,2025-10-04 06:46:47.554
187fccf8-7f3c-4037-9c13-0daf4accde9c,2025-10-13 20:28:09.182+00,b2eeda05-f626-4c5a-bf19-31385caa368a,2b596717-2692-44b6-a768-5339499c4490,summary,1061,1061,2025-10-13 20:28:09.182
18c24517-9ad8-480a-8fe3-1c46d56f3806,2025-10-03 12:57:25.879+00,bc60c7e3-3c0a-429d-85fb-a9eea160f52e,c4849c39-d9bd-4072-ba4b-d7ebc057b52d,summary,1179,1179,2025-10-03 12:57:25.879
190e66f5-b25a-4545-b060-ba886eecdef1,2025-10-05 10:39:49.801+00,8fc84e2a-b0a8-42f7-b660-48b634cd9320,50355a21-c43a-43a8-a8c3-98a4fc94eb57,summary,1152,1150,2025-10-05 10:40:14.194
19125247-89fa-42b8-adc9-3f94da18ebcb,2025-10-08 23:25:36.088+00,b145a2ea-c8e3-4e49-97b5-8082250d9791,366e9675-7d2b-4a49-b489-e4459b4e919e,journey,223,223,2025-10-08 23:25:36.088
1951d64a-9dff-43d7-9fe7-2a22b396c700,2025-10-03 11:24:58.613+00,00912375-28ea-422f-b0e2-dfa87cc2ef6d,b8c04b2d-4a4d-44d8-907b-ff53044e55d2,journey,156,156,2025-10-03 11:24:58.613
19b069fa-87a9-4f5c-94ba-13cf71edcfe3,2025-09-30 11:36:06.281+00,a6543297-d642-461e-97b4-00d936baae48,77f3e47f-acf5-4934-b421-d21a394d90d7,byte,125,125,2025-09-30 11:36:06.281
19c8f869-bc47-49f0-ab42-393134c2b276,2025-09-29 21:50:45.076+00,c977ed2f-819e-4ade-a099-cf79bcf4b373,e3d7dfe2-ad6c-4b4c-a501-986c05dd9ad3,summary,0,0,2025-09-29 21:50:45.076
19f2b2b1-2c51-4d9f-87bc-52b0ca9b9b94,2025-10-22 19:11:43.499+00,6f2b03be-9399-45c7-8456-dd10bed6e402,4e9f1799-8847-4fe5-9310-d01ffe5dd2c0,summary,1207,1207,2025-10-22 20:08:21.377
19fe26ee-fc12-4faf-ae8e-4499ea3689a8,2025-10-25 08:46:12.677+00,8718ff60-93ee-4bf9-b0e9-672e1fde4dc4,fd5fd906-de60-4b55-b98d-81caf880229b,journey,212,212,2025-10-25 08:46:19.358
1a2d3792-04b2-4c64-96fe-39d713e80d8a,2025-10-09 19:56:12.047+00,58325fab-e10d-41c4-93e1-929ecbbc70b5,c4849c39-d9bd-4072-ba4b-d7ebc057b52d,summary,1186,1186,2025-10-09 20:28:34.911
1a400160-123f-4b79-82a7-eb119e6f967f,2025-10-22 16:03:01.772+00,7702b6ac-cd86-4ecf-9099-70d05488d3da,4e9f1799-8847-4fe5-9310-d01ffe5dd2c0,summary,1206,1207,2025-10-22 16:22:48.528
1a68cf54-d032-4938-a445-6951fb514cf3,2025-10-03 15:13:35.497+00,01bf7f60-5cb6-4a19-8dae-a9b38762ddd9,59218631-e747-444e-b35d-c74b250f3a55,byte,107,107,2025-10-03 15:14:48.033
1a81de02-2d1a-4348-97a1-a41bddb3b775,2025-10-01 18:31:43.663+00,3e15083d-0218-43aa-8cf0-9c6d24c4d815,77f3e47f-acf5-4934-b421-d21a394d90d7,byte,125,125,2025-10-01 18:31:43.663
1a8e8bd3-f95f-4153-83c8-7f3619a5ede6,2025-10-03 11:19:51.056+00,d36afa78-6e08-4820-9d2a-10ea6c929bb1,701daffb-6b59-4b3d-a957-27cc4ecf302a,summary,759,1073,2025-10-03 12:13:37.949
1b1ba0ec-70c6-441a-9bee-d1d29926406c,2025-10-05 18:20:27.735+00,49eff03d-d03a-4267-b116-9e696ef2091b,43a719d1-b700-44c8-8176-695050ce0287,summary,1269,1269,2025-10-05 18:20:30.347
1bccdd1d-b43d-45eb-b6f5-13eb9826b9a7,2025-10-27 13:07:23.463+00,52cc37ce-ff13-48f7-8f54-c599ec854040,43a719d1-b700-44c8-8176-695050ce0287,summary,39,1287,2025-10-27 13:07:43.723
1c2619f7-3883-45e8-9bfd-23292a251665,2025-10-19 12:26:22.588+00,66ff7fc6-afce-48fa-8e85-018e3300fe13,2b596717-2692-44b6-a768-5339499c4490,summary,0,0,2025-10-19 12:44:17.87
1c311b29-1150-47b6-9d70-0f397d162393,2025-10-09 14:09:54.117+00,34324cb0-d4c6-46e0-9a81-9f03ee15f2d6,c1a86471-cc92-42e5-8424-5e12bb92278f,byte,154,154,2025-10-09 14:09:55.055
1c319cb0-3154-45d0-a2df-1c66e6f3f5c5,2025-10-24 14:09:17.816+00,c977ed2f-819e-4ade-a099-cf79bcf4b373,2610c709-8108-4e18-aca5-a71b6e8e9fc3,summary,559,1199,2025-10-24 14:18:17.878
1c4ce1ef-7bf7-4359-bd28-a3e875c07a8c,2025-09-28 11:02:22.738+00,f70160fc-c56f-45f5-aa51-ed7ff6c4d83a,b2678c2e-0855-4a7b-810c-6bb043a69d3d,byte,188,188,2025-09-28 11:02:22.738
1ca1b552-34f4-4999-8190-ddf0aef56b67,2025-09-28 10:27:20.126+00,8b64432f-befa-4e38-bb61-428e67c4339f,b2678c2e-0855-4a7b-810c-6bb043a69d3d,byte,188,188,2025-09-28 10:27:20.126
1cd2c61d-4126-42c0-8359-5809184e0471,2025-10-23 20:26:14.163+00,50a6a4b4-d961-4a17-baa3-e4052fc404a2,aec0c8f9-b75a-4edc-8e60-dd7b9e92bcea,summary,1021,1021,2025-10-23 20:42:56.172
1cd397f4-e219-486d-bb5c-01b47057c13c,2025-10-05 19:29:24.912+00,72562734-9adc-40ba-9990-1ff517f1fab1,43a719d1-b700-44c8-8176-695050ce0287,summary,19,1287,2025-10-05 19:29:24.912
1ce6ed7b-e2fd-4b8a-90cd-30267e452dba,2025-10-15 21:39:19.267+00,50a6a4b4-d961-4a17-baa3-e4052fc404a2,89354efe-b8bc-477a-b9ba-74a8e5c6a7a1,summary,509,675,2025-10-15 21:48:19.329
1d7017fe-9611-41ee-9c25-fa497b3c98a6,2025-10-06 07:44:38.108+00,8ad23eac-1bfb-4716-a303-d5e3b8d7fee4,5fda1d3b-89a4-4f4c-a046-dd751289ff5f,byte,115,115,2025-10-06 07:44:49.956
1d967e68-cf98-4dac-a46f-3952d945372c,2025-10-05 11:08:07.664+00,35a5ab41-f590-46bf-a1d7-ddeba12d3b2b,43a719d1-b700-44c8-8176-695050ce0287,summary,19,1287,2025-10-05 11:08:07.664
1db7a3ce-dfc9-4ef7-a24c-c2637f0b1680,2025-10-02 12:08:31.063+00,d9e08100-5873-4947-b2e0-5f2c7c9a9c07,b2678c2e-0855-4a7b-810c-6bb043a69d3d,byte,188,188,2025-10-02 12:11:24.146
1e35323a-5959-46fa-835d-0e8eaed1fce1,2025-10-02 18:24:46.899+00,66ff7fc6-afce-48fa-8e85-018e3300fe13,c4849c39-d9bd-4072-ba4b-d7ebc057b52d,summary,1179,1179,2025-10-02 18:24:46.899
1e43699d-95ac-4083-9487-c3ced3e684a8,2025-10-22 08:39:25.321+00,4392ad5d-0c72-49c3-8a71-71476fa7b1c6,c4849c39-d9bd-4072-ba4b-d7ebc057b52d,summary,39,1186,2025-10-22 08:39:45.392
1ead8ae9-42a0-4b7b-859d-279660b0415f,2025-10-05 05:30:16.393+00,78996735-bcf4-4cda-b279-14bbe85202fe,b2678c2e-0855-4a7b-810c-6bb043a69d3d,byte,39,188,2025-10-05 05:30:35.923
1ebacef2-6219-4c61-afa0-7f0f87c434d2,2025-10-04 11:38:12.157+00,fd84845f-3035-4b29-b685-b4bafbc26b1c,2d242a27-75b5-4952-97fa-b30437cef044,summary,59,851,2025-10-04 11:38:52.496
1ee01264-1d44-47e0-ba00-2d76a0790d4b,2025-09-30 17:22:14.7+00,33c30cc7-ed4e-4f89-abf7-7efa43c9f0ff,be2ad415-2f72-4399-a701-7b0b641fac5c,byte,105,105,2025-09-30 17:22:14.7
1eee8517-ce64-43c5-a85c-24e8924e1115,2025-10-02 14:57:11.397+00,062cfd4d-0c44-47ee-abd1-ffec33bd84f3,b2678c2e-0855-4a7b-810c-6bb043a69d3d,byte,188,188,2025-10-02 14:57:11.397
1f0c5375-33ca-4bfe-bfad-6a6db30bfae2,2025-10-21 16:30:40.079+00,96b18a44-70e7-4733-a72b-93edfbe405b1,f8938abb-9d0a-4c77-9467-2c9685e66861,summary,513,1419,2025-10-21 16:38:55.404
1f22f98c-07bd-4ca7-9d47-c429f683983d,2025-10-03 13:57:10.848+00,8984f475-91e0-48ac-baca-35d7ec755c9c,a3a943ba-0df0-4645-9019-a05abdd2b030,summary,82,1337,2025-10-03 14:03:25.381
1f728390-efaa-4b0a-8697-fa4d7641f01a,2025-10-07 10:02:26.521+00,4d0b5604-c618-4b9e-9f56-0a6fc433557b,f35daa9a-a062-46c1-99ad-281f39e8979f,byte,140,140,2025-10-07 10:04:27.867
1fa611a0-8f5f-4f67-8f91-e1ba4b5868b9,2025-10-03 18:32:08.738+00,9976af3f-b975-4f8a-8c94-697585b1be13,43a719d1-b700-44c8-8176-695050ce0287,summary,425,1287,2025-10-03 18:40:12.945
1fa8806d-8133-424b-8aa6-66e95fc9128e,2025-10-03 11:59:33.591+00,e557fcf7-1745-4979-b518-16f006d0187b,a3a943ba-0df0-4645-9019-a05abdd2b030,summary,134,1337,2025-10-03 12:01:34.765
1fc267f1-3eb9-4db2-a9a6-77b620ad4a4a,2025-10-24 14:07:55.378+00,c977ed2f-819e-4ade-a099-cf79bcf4b373,43a719d1-b700-44c8-8176-695050ce0287,summary,39,1287,2025-10-24 14:08:15.343
1fda61c4-3e0f-4d88-82d4-32e065bc51f7,2025-10-26 10:01:58.672+00,c4e9446e-488e-45f5-b39a-414620f94fa7,b2678c2e-0855-4a7b-810c-6bb043a69d3d,byte,188,188,2025-10-26 10:10:52.016
206ca37b-85b2-451c-b6fb-7b5a169c725c,2025-10-02 23:14:15.458+00,26844d15-2f90-407f-9257-fbd839f289d5,2b596717-2692-44b6-a768-5339499c4490,summary,1061,1061,2025-10-02 23:34:55.135
2096d5e1-2a05-4371-86fb-7a2687afb102,2025-10-03 12:57:25.5+00,bc60c7e3-3c0a-429d-85fb-a9eea160f52e,c4849c39-d9bd-4072-ba4b-d7ebc057b52d,summary,1179,1179,2025-10-03 12:57:25.5
20a11a51-e009-4fe7-8662-c9b43d462949,2025-10-25 07:53:14.661+00,50a6a4b4-d961-4a17-baa3-e4052fc404a2,4e9f1799-8847-4fe5-9310-d01ffe5dd2c0,summary,1207,1207,2025-10-25 08:14:11.004
20a3e3b9-cd03-4c09-9619-4326c2bec920,2025-10-02 12:51:16.224+00,d9e08100-5873-4947-b2e0-5f2c7c9a9c07,f33c7ac5-2da8-4547-908b-da3d4dbb9b26,summary,789,789,2025-10-02 13:04:27.732
211ff5b5-2754-4e97-8a76-05826d7702ea,2025-09-30 15:46:40.977+00,34324cb0-d4c6-46e0-9a81-9f03ee15f2d6,d104220f-2003-4618-9076-5f4594460a47,byte,184,184,2025-09-30 15:46:40.977
2151bc28-4d84-4022-b0fb-867417cd701b,2025-10-03 22:06:34.261+00,1ec255f1-4404-49b3-af3c-dbab4dc18d4b,43a719d1-b700-44c8-8176-695050ce0287,summary,39,1287,2025-10-03 22:06:54.26
218b39d9-9fc6-4c5a-88e9-23251c8a58b5,2025-10-22 21:45:42.237+00,dcf95cb1-fc75-4dbd-b523-c574f2c57deb,36d800a1-28e5-4773-a821-05424e9f722e,journey,85,85,2025-10-22 21:45:42.237
21a347fd-2095-4b16-9f72-46eacfe887bc,2025-10-05 21:43:02.197+00,81294334-c0fb-4d01-9a97-8f43dbd0943e,fff5c4ef-4277-44db-a8c4-27ce7aa15ccd,summary,206,1140,2025-10-05 21:46:08.383
21a9f4ca-691a-42ab-8ea9-6cb17a93e30f,2025-10-27 08:53:53.221+00,bdd852f2-5a46-46bd-b791-2bbf307e13a5,2b596717-2692-44b6-a768-5339499c4490,summary,379,1061,2025-10-27 08:59:53.386
22023cbb-867d-4c15-930b-7783ca0d6693,2025-10-01 18:31:44.919+00,3e15083d-0218-43aa-8cf0-9c6d24c4d815,77f3e47f-acf5-4934-b421-d21a394d90d7,byte,125,125,2025-10-01 18:31:44.919
220f43d7-29c3-4c34-b982-bba2ff329a56,2025-10-03 21:03:04.802+00,9976af3f-b975-4f8a-8c94-697585b1be13,b2678c2e-0855-4a7b-810c-6bb043a69d3d,byte,19,188,2025-10-03 21:03:04.802
221ad083-bde5-4e25-b0c8-89ce3442bf58,2025-10-26 09:15:48.95+00,4ff00c71-4cbe-4d66-aba8-8c12c0a0d792,9a9a27d6-6c8b-4906-ab3e-924289c43bdf,journey,187,187,2025-10-26 09:15:53.958
226be0ab-39f1-4d95-8d8e-0577eaf5f62e,2025-10-05 14:33:44.787+00,d36afa78-6e08-4820-9d2a-10ea6c929bb1,4e9f1799-8847-4fe5-9310-d01ffe5dd2c0,summary,64,1207,2025-10-05 14:33:44.787
229fb5cb-6755-4f12-9eb3-9bdce721fd5c,2025-10-04 22:41:54.26+00,b145a2ea-c8e3-4e49-97b5-8082250d9791,77ea8e66-0055-43b1-8354-1a2d1052a5df,journey,54,54,2025-10-04 22:41:54.26
22b84204-837f-491a-aa70-dfb1e854ae41,2025-10-17 08:21:05.296+00,2a253097-ba8c-487f-a44c-d053f0c04ce3,b2678c2e-0855-4a7b-810c-6bb043a69d3d,byte,188,188,2025-10-17 08:21:11.302
239e9c5a-f04c-4feb-83f9-4d67e89aa907,2025-10-05 17:32:13.549+00,b98a56a5-527d-43f7-86cc-317b59958816,77f3e47f-acf5-4934-b421-d21a394d90d7,byte,120,125,2025-10-05 17:33:54.016
23dd3583-571f-4428-b6f2-06385b8c5ae7,2025-10-05 19:23:16.304+00,4d2d3bc4-8b3e-4a4d-a37b-a494d41b3cfc,b2678c2e-0855-4a7b-810c-6bb043a69d3d,byte,168,188,2025-10-05 19:26:31.832
24904352-cae0-45c6-a51d-5c321937e2da,2025-10-04 10:00:46.207+00,f968dc8d-b41e-4898-b840-9d116423b0c3,a3a943ba-0df0-4645-9019-a05abdd2b030,summary,1349,1349,2025-10-04 10:00:46.207
24a41a05-b59b-4bee-afab-7264e2b6f9e8,2025-10-18 07:44:34.596+00,b5b7f47a-8898-4e94-9c1f-f8e41a911506,aec0c8f9-b75a-4edc-8e60-dd7b9e92bcea,summary,1019,1021,2025-10-18 08:01:14.768
24aa49f5-3fae-4a35-b5a8-144e19f0c17a,2025-10-12 11:46:17.05+00,fd90e5c3-1af9-4da2-83fb-61bb2644bd93,43a719d1-b700-44c8-8176-695050ce0287,summary,139,1287,2025-10-12 11:48:17.053
24ce0119-059d-4a09-b5c2-f8802f59fa59,2025-10-26 09:02:41.892+00,4ff00c71-4cbe-4d66-aba8-8c12c0a0d792,b2678c2e-0855-4a7b-810c-6bb043a69d3d,byte,188,188,2025-10-26 09:02:41.892
24dbe7db-832c-4c05-9c9c-4da5809803e2,2025-10-11 09:32:47.57+00,2896b23d-1acb-4bf3-8b1d-93250d66b735,59218631-e747-444e-b35d-c74b250f3a55,byte,103,107,2025-10-11 09:34:10.696
24e23088-aa3e-4915-ac6e-86106def663f,2025-09-29 21:15:45.481+00,c977ed2f-819e-4ade-a099-cf79bcf4b373,c4849c39-d9bd-4072-ba4b-d7ebc057b52d,summary,419,0,2025-10-05 10:51:20.335
2533fa33-a251-4e9d-9fcb-51c7723a05c2,2025-10-28 04:24:56.594+00,8c747703-58b8-4d50-a85c-749acad2aa98,2b596717-2692-44b6-a768-5339499c4490,summary,1059,1061,2025-10-28 04:42:16.194
25568c31-8a28-4d76-af26-536d16736f85,2025-10-05 06:32:42.892+00,62e9860d-8a0a-446a-9d26-f91e3c3da09b,2610c709-8108-4e18-aca5-a71b6e8e9fc3,summary,18,1199,2025-10-05 06:32:42.892
255fd82d-7446-48e9-bead-824ecf702b92,2025-10-08 23:10:44.675+00,b145a2ea-c8e3-4e49-97b5-8082250d9791,67a18786-4667-4267-908f-6944b5c5a37a,journey,201,201,2025-10-08 23:10:44.675
2594b8ca-65fe-4f92-b30d-9378d5919c58,2025-10-12 08:41:41.613+00,8984f475-91e0-48ac-baca-35d7ec755c9c,aec0c8f9-b75a-4edc-8e60-dd7b9e92bcea,summary,19,1021,2025-10-12 08:41:41.613
25d70a4e-a57a-41ab-baf4-18dab0af35d2,2025-10-13 10:20:58.134+00,01bf7f60-5cb6-4a19-8dae-a9b38762ddd9,aec0c8f9-b75a-4edc-8e60-dd7b9e92bcea,summary,791,1021,2025-10-13 11:24:37.886
262b5aaa-ef8b-4991-9024-ae3f63bd433f,2025-10-03 15:55:57.905+00,013cce30-6c30-45c9-9be2-0b965213ee58,2b596717-2692-44b6-a768-5339499c4490,summary,1061,1061,2025-10-03 15:55:57.905
2668e4d0-385b-4346-a7be-b9fb152c98db,2025-10-11 12:17:32.316+00,daa21ec4-2cd2-4724-bf63-eec668de557f,43a719d1-b700-44c8-8176-695050ce0287,summary,259,1287,2025-10-11 12:21:32.239
267f69d9-2e49-416a-8a13-a1c2dca05615,2025-10-16 14:46:31.367+00,d36afa78-6e08-4820-9d2a-10ea6c929bb1,5667466a-7fe9-41ae-8ecc-b465b79bb030,journey,241,241,2025-10-16 14:46:58.064
26a71dc9-a3df-4087-9bd1-7314441da1ab,2025-10-15 11:18:32.92+00,de77bf96-b55c-4f71-b2e0-1421c0c71e43,9b26c1d9-d49a-41a0-a7c0-2ead9d60995d,journey,275,275,2025-10-15 11:18:32.92
272e8a98-41e8-494b-a9a3-1403b4c6aaa7,2025-10-08 07:36:55.274+00,53f83cb1-cdb9-49b6-82cd-2a480c803d01,2610c709-8108-4e18-aca5-a71b6e8e9fc3,summary,1199,1199,2025-10-08 07:56:58.737
276c89af-ea75-4d99-a2b9-85272ab414b2,2025-10-04 06:24:48.075+00,cfd11b8b-ffd2-4e55-a4de-253950a44e48,b50e0d58-5ac0-427a-a4de-4b387c1c05b1,summary,1095,1095,2025-10-04 06:24:48.075
27730d92-70b0-4d30-8a60-a8d051514c43,2025-10-10 22:29:12.028+00,6c26c45b-96e0-44a0-83ee-b2fccf681bbd,77f3e47f-acf5-4934-b421-d21a394d90d7,byte,79,125,2025-10-10 22:30:12.062
2777e319-0850-4785-b123-ace50ac15fed,2025-10-03 21:52:49.8+00,bc60c7e3-3c0a-429d-85fb-a9eea160f52e,c4849c39-d9bd-4072-ba4b-d7ebc057b52d,summary,1179,1179,2025-10-03 21:52:49.8
27d0e399-db8a-49fc-bb64-05b3165616e2,2025-10-07 09:26:10.333+00,d74f27c1-9dca-41b5-834e-19c7a6de4452,813d0f70-dbd4-4771-abe9-6abdb7dc78d0,journey,69,69,2025-10-07 09:26:31.316
27d12fc5-ce7b-4a9d-adff-55cee4e129c5,2025-10-07 11:00:59.083+00,589fa413-4067-4669-a182-cb993228c69c,b50e0d58-5ac0-427a-a4de-4b387c1c05b1,summary,1110,1110,2025-10-07 11:26:55.432
27e66855-8ddc-44fb-916f-e4a957d12f33,2025-10-24 08:06:54.687+00,94071b50-1c8b-44d9-b448-7bdfd3c80f04,c725d17c-04cd-4ebb-afb4-2445b97f84cc,summary,741,746,2025-10-24 08:18:56.164
281b8ea1-1523-4c02-b335-0f2fa295ff63,2025-10-02 12:19:57.792+00,d9e08100-5873-4947-b2e0-5f2c7c9a9c07,aec0c8f9-b75a-4edc-8e60-dd7b9e92bcea,summary,1021,1021,2025-10-02 12:36:40.553
283ed08c-9f26-4b5e-8796-ed5f60bb3833,2025-10-18 09:40:16.759+00,3ad76948-a91f-4883-86c5-d056f392ddb6,a3a943ba-0df0-4645-9019-a05abdd2b030,summary,39,1337,2025-10-18 09:40:36.674
284250dd-78df-4feb-9af9-d2f49e4de24a,2025-10-04 21:43:29.125+00,eb09e8f9-7bd5-4aba-8cc3-4a9a7a821bae,aec0c8f9-b75a-4edc-8e60-dd7b9e92bcea,summary,40,1021,2025-10-04 21:43:49.384
2856ba85-12b6-4151-8336-c4ee9e126a79,2025-10-05 21:04:50.376+00,cc2f6c21-3c46-434f-89e0-c865b4974330,ffef9923-95a8-41e3-859c-61e2f3c6c441,byte,66,135,2025-10-05 21:05:50.387
289c1550-ec62-45b8-b809-c1f99d791506,2025-10-01 09:16:56.363+00,62223902-ca0d-481a-87a1-14396e557424,82e618fa-a346-4b6c-9c72-f42236d97f38,byte,168,168,2025-10-01 09:16:56.363
28f50143-732e-4ed1-81d1-6194e9401a8f,2025-10-24 16:39:50.345+00,e42df817-3bde-47b2-bcb7-d5c9b6be55a9,2e058380-90ad-412b-9887-52149e8bc2ae,byte,143,143,2025-10-24 16:39:50.345
29019449-58d4-4a7e-b823-d43a18e7323d,2025-10-08 15:42:43.828+00,daa21ec4-2cd2-4724-bf63-eec668de557f,a4ce5a61-b038-4085-aa87-d19cb3493896,journey,91,91,2025-10-08 15:42:43.828
29114b2b-eb34-42ca-80a9-f61a1eed8249,2025-09-29 15:43:31.394+00,cd90a922-e98c-4012-a450-b12ef0e3449f,aec0c8f9-b75a-4edc-8e60-dd7b9e92bcea,summary,0,0,2025-09-29 15:43:31.394
291d85ac-6ece-4f0a-9abc-d53598b752e6,2025-10-03 08:16:42.124+00,f6d4dadc-a56a-4dc7-8df0-86ad6ee02701,2b596717-2692-44b6-a768-5339499c4490,summary,899,1061,2025-10-03 08:31:22.271
294841e1-036b-4ea1-a680-11aa991cc7e6,2025-10-19 21:30:43.92+00,d58e93a2-d51b-4b2d-bb61-fbdf7dfda808,43a719d1-b700-44c8-8176-695050ce0287,summary,0,0,2025-10-19 21:52:40.602
296d3056-a91d-4682-b96d-8552776476fa,2025-10-19 09:44:43.246+00,c53526da-1139-4d14-bf5f-be7b7354f82d,50355a21-c43a-43a8-a8c3-98a4fc94eb57,summary,0,0,2025-10-19 10:05:42.696
29742b0e-2dca-4aa1-87ab-b5559017028a,2025-10-02 09:16:36.811+00,95d2935f-def7-4ae7-923b-cb3f99ab850c,2b596717-2692-44b6-a768-5339499c4490,summary,179,1061,2025-10-02 09:19:18.049
297ef02f-1a67-4eb0-9af9-f5047bcc8b7a,2025-10-23 16:11:39.865+00,34324cb0-d4c6-46e0-9a81-9f03ee15f2d6,612935ba-635d-44ff-ac60-f857d4b2eda0,byte,126,126,2025-10-23 16:11:39.865
29848b0a-61c3-4e3a-850d-e35435986eab,2025-09-28 13:41:16.587+00,570f9bb1-f65d-4679-ad00-e2fb1f5b9ec8,d2740fc2-7a70-45bc-9b0d-a9a517062b62,byte,142,142,2025-09-28 13:41:16.587
29d8d505-19df-4aa6-9925-1a372a9c95ca,2025-10-03 12:57:22.399+00,bc60c7e3-3c0a-429d-85fb-a9eea160f52e,c4849c39-d9bd-4072-ba4b-d7ebc057b52d,summary,1179,1179,2025-10-03 12:57:22.399
29ff4825-7ffd-4e21-b6a9-01017c990304,2025-09-29 12:07:32.526+00,22013dce-42c3-4c18-889f-0ad995dc045e,43a719d1-b700-44c8-8176-695050ce0287,summary,0,0,2025-09-29 12:07:32.526
2a05da7f-0f80-4352-b4af-87d9d99be24a,2025-10-10 13:17:07.968+00,cfc45062-0286-46cd-9d4c-7ebcd91dd823,c4849c39-d9bd-4072-ba4b-d7ebc057b52d,summary,1179,1179,2025-10-10 13:17:07.968
2a0874b1-a421-4053-bee5-9b9d8bb6fd54,2025-10-19 23:14:56.065+00,2acc0b7d-d3fd-4d09-b517-9dd376361def,43a719d1-b700-44c8-8176-695050ce0287,summary,39,1287,2025-10-19 23:14:56.065
2a0f7a01-115b-482e-8478-3ba1d820e8e1,2025-10-16 08:55:40.456+00,94071b50-1c8b-44d9-b448-7bdfd3c80f04,aec0c8f9-b75a-4edc-8e60-dd7b9e92bcea,summary,19,1021,2025-10-16 08:55:40.456
2a5be570-e110-49d1-926b-17807fe2b3b7,2025-10-11 22:28:19.431+00,9a5d6755-5a4a-4535-893a-abb646f217d2,2b596717-2692-44b6-a768-5339499c4490,summary,0,0,2025-10-27 08:06:49.764
2a60b8e8-7537-458b-887f-55bc2d2b76d5,2025-10-15 12:46:41.382+00,5df84569-d1b8-4fb6-804d-e5248d00e953,2b596717-2692-44b6-a768-5339499c4490,summary,1061,1061,2025-10-15 12:46:41.382
2a8b6bba-47db-4c75-854f-70f8d97b1432,2025-10-15 13:36:37.771+00,1a843a0b-67e9-4b34-aed4-fdc6bd36a19d,aec0c8f9-b75a-4edc-8e60-dd7b9e92bcea,summary,19,1021,2025-10-15 13:36:37.771
2ad34acb-2f5d-4d76-b608-086c069a2785,2025-10-02 16:15:35.769+00,10fb13d2-2bcf-42a6-b7df-4a22726fc2d5,be2ad415-2f72-4399-a701-7b0b641fac5c,byte,105,105,2025-10-02 16:15:35.769
2b10c0f2-09d2-4645-bb74-022cc20e2f8f,2025-10-12 15:18:08.519+00,daa21ec4-2cd2-4724-bf63-eec668de557f,89354efe-b8bc-477a-b9ba-74a8e5c6a7a1,summary,325,675,2025-10-12 15:23:17.328
2bab854f-de6c-48f9-8a31-c3422da0571c,2025-10-16 06:53:04.356+00,087ddfd4-9ca0-4eeb-9168-5189bf9da47b,b2678c2e-0855-4a7b-810c-6bb043a69d3d,byte,188,188,2025-10-16 06:56:23.559
2bb3828a-0086-4881-809f-468fae49ee1e,2025-10-05 17:15:58.635+00,639333e6-a0eb-4a9e-aec6-8f7faab472af,43a719d1-b700-44c8-8176-695050ce0287,summary,1287,1287,2025-10-05 17:34:54.609
2bc0dab3-3496-4d8a-b3bb-c403beead1de,2025-10-05 21:02:02.685+00,cc2f6c21-3c46-434f-89e0-c865b4974330,2e058380-90ad-412b-9887-52149e8bc2ae,byte,139,143,2025-10-05 21:04:02.599
2bcdbf18-800f-4eaf-ab2a-f0ab28b8a6ec,2025-10-04 22:41:53.135+00,b145a2ea-c8e3-4e49-97b5-8082250d9791,77ea8e66-0055-43b1-8354-1a2d1052a5df,journey,54,54,2025-10-04 22:41:55.319
2bdc8596-63ab-4bb3-8871-339c0be0e0cc,2025-09-30 21:30:54.26+00,e2d7a9b6-c2f6-486b-b2e2-9856f4e6339f,77f3e47f-acf5-4934-b421-d21a394d90d7,byte,125,125,2025-09-30 21:30:54.26
2bffb8ef-f315-442d-bbcf-492fcbc54654,2025-10-24 08:04:32.038+00,94071b50-1c8b-44d9-b448-7bdfd3c80f04,dec65b67-7026-4455-9b5f-b98fcf6d25c6,summary,99,738,2025-10-24 08:05:45.344
2c762177-7697-46e8-b765-a4b7830d8464,2025-10-24 17:04:50.9+00,55102019-a064-4d42-8d07-898254a4a870,b2678c2e-0855-4a7b-810c-6bb043a69d3d,byte,19,188,2025-10-24 17:04:50.9
2c95d7ae-03d7-4cb4-af1f-dd3b2fa72904,2025-10-01 07:24:53.9+00,86550881-000d-4e1d-9fd6-b14fd63e9ea2,b2678c2e-0855-4a7b-810c-6bb043a69d3d,byte,188,188,2025-10-01 07:24:53.9
2cb55024-8f2f-4205-a941-3489d1147ba1,2025-10-27 18:25:32.056+00,20c4525e-b0c5-43bd-83e9-3ad7709f425c,43a719d1-b700-44c8-8176-695050ce0287,summary,479,1287,2025-10-27 18:33:12.079
2cca94a4-ea42-43b7-af34-b691fadca5b9,2025-10-08 08:34:46.004+00,82b73b21-2c77-43c8-8dc8-eb9f73944add,a3a943ba-0df0-4645-9019-a05abdd2b030,summary,96,1337,2025-10-08 08:36:06.1
2d1da75f-8e92-4ff4-82ad-190876b643c0,2025-10-04 10:42:30.169+00,15627f47-c37e-48e9-b4c0-e6ba8645f907,b50e0d58-5ac0-427a-a4de-4b387c1c05b1,summary,19,1110,2025-10-04 10:42:30.169
2d55c690-4210-48ca-b74e-68703e029b28,2025-09-28 16:35:42.469+00,0f63e24b-b5c7-44a1-8546-c816391c02a6,b2678c2e-0855-4a7b-810c-6bb043a69d3d,byte,188,188,2025-09-28 16:35:42.469
2d89c62f-ba18-43a7-9324-93abe87b91c0,2025-09-29 16:23:50.862+00,806304d7-0966-4f91-adbf-fb50e1c27ba9,c4849c39-d9bd-4072-ba4b-d7ebc057b52d,summary,0,0,2025-09-29 16:23:50.862
2d9e3bbd-e60e-4d54-bbba-3b78574a5ad1,2025-10-16 08:55:40.571+00,94071b50-1c8b-44d9-b448-7bdfd3c80f04,aec0c8f9-b75a-4edc-8e60-dd7b9e92bcea,summary,39,1021,2025-10-16 08:55:40.571
2dd9fc74-0057-4943-a18f-c5ac35afe367,2025-10-05 09:16:11.522+00,8906139c-a093-4e52-9a82-e72a7fb5cabb,c4849c39-d9bd-4072-ba4b-d7ebc057b52d,summary,39,1186,2025-10-05 09:16:31.527
2df0ab0b-1d5d-42e4-9cb4-116ae0423b4e,2025-10-14 08:30:10.391+00,b5b7f47a-8898-4e94-9c1f-f8e41a911506,2b596717-2692-44b6-a768-5339499c4490,summary,1061,1061,2025-10-14 08:49:49.396
2df0c2a3-ddf1-4446-8453-be70c5a1b2c0,2025-10-12 11:52:50.871+00,e5fd1401-389b-489d-b86c-610ce8103033,43a719d1-b700-44c8-8176-695050ce0287,summary,19,1287,2025-10-12 11:52:50.871
2e3c0774-f964-4226-a5e3-323fe4331d91,2025-10-15 11:52:20.932+00,729f6673-90e3-4066-bb4a-3445bddba067,4e9f1799-8847-4fe5-9310-d01ffe5dd2c0,summary,19,1207,2025-10-15 11:52:20.932
2e5053bf-35c0-4c85-a10d-62aeba762198,2025-10-19 09:21:09.115+00,c53526da-1139-4d14-bf5f-be7b7354f82d,4e9f1799-8847-4fe5-9310-d01ffe5dd2c0,summary,0,0,2025-10-19 09:44:03.666
2e814ffc-c831-4d0f-b784-42a858650ef2,2025-10-02 16:09:14.866+00,a5a412b5-7ff4-4ed7-9c77-2dba1ec510f2,16d1baef-8193-4e05-a831-6e389afc66d4,summary,1247,1247,2025-10-02 16:29:42.631
2ed6e9a2-f486-4860-ac42-bf0c59267b4e,2025-10-05 10:54:20.083+00,5b6ef15a-3be8-484a-a9c9-751d065675aa,89354efe-b8bc-477a-b9ba-74a8e5c6a7a1,summary,19,675,2025-10-05 10:54:20.083
2ef41f06-44a2-44ba-a64c-5933a9de8d0b,2025-10-03 06:38:18.039+00,afadaed9-0fbc-4917-8ce1-05d290b62982,43a719d1-b700-44c8-8176-695050ce0287,summary,1279,1287,2025-10-03 06:59:54.855
2f8689f5-752d-4c3c-aecf-95d7c53a6193,2025-10-02 19:36:37.391+00,a38c9a19-ade7-4579-bd4f-8645225ec30f,59218631-e747-444e-b35d-c74b250f3a55,byte,107,107,2025-10-02 19:36:37.391
2fd65ebd-c8a6-46bd-8aed-6eba4f34b21a,2025-10-08 18:01:54.761+00,59cf2089-ef6a-43b0-a3dd-526d868eda05,c0d96c7f-5f78-4a59-ac69-341064a37c17,summary,1550,1550,2025-10-08 18:28:02.306
2fd7c83f-3656-4912-8e1e-7a476c8130f5,2025-10-22 21:42:26.698+00,dcf95cb1-fc75-4dbd-b523-c574f2c57deb,cfbb6390-5e28-4ec4-ba02-e55ff3360fbd,journey,58,58,2025-10-22 21:42:26.698
304da649-d668-4785-aaa1-172fd554a668,2025-10-03 09:47:59.573+00,80f6c346-5a6c-4a59-b401-ae123b0f9e6a,2610c709-8108-4e18-aca5-a71b6e8e9fc3,summary,1199,1199,2025-10-03 10:07:44.307
30805d1a-3dd9-4a2f-ace6-396c1db2dc88,2025-10-03 06:30:20.631+00,86faa717-4644-47fc-ace2-dc18aa4cbdc2,aec0c8f9-b75a-4edc-8e60-dd7b9e92bcea,summary,1017,1022,2025-10-03 06:47:05.3
30aecead-751d-4e17-9368-5f8d4e830ef4,2025-10-02 22:26:58.471+00,f12c99fb-6125-4e8a-9a6b-2cb3da420e74,2b596717-2692-44b6-a768-5339499c4490,summary,17,1061,2025-10-02 22:26:58.471
30d0053f-280a-4aeb-89e1-51dbef558a3a,2025-10-07 17:27:22.018+00,f8387438-7bae-4fe4-940a-1cb47f94139a,2aa3fa64-b8f9-42aa-9fe8-14889969ccff,byte,19,160,2025-10-07 17:27:22.018
3108d462-4cd2-4861-85f3-7825f990f347,2025-10-05 14:33:44.899+00,d36afa78-6e08-4820-9d2a-10ea6c929bb1,4e9f1799-8847-4fe5-9310-d01ffe5dd2c0,summary,83,1207,2025-10-05 14:33:44.899
316fd5ea-04a4-4f1e-bf0f-7358abba5c4c,2025-10-08 21:01:56.302+00,d240e941-9cbe-40bd-b82c-0941ca811584,0fb3af9c-de56-431a-98eb-19d757eca410,byte,159,159,2025-10-08 21:04:16.494
31824cd5-53fd-4539-a4a2-45dd7441b426,2025-10-01 07:46:25.689+00,74af2e38-4e67-4db3-817e-37e67e915917,82e618fa-a346-4b6c-9c72-f42236d97f38,byte,168,168,2025-10-01 07:46:25.689
31aaa8d5-2dc9-4b55-88a6-a42789062ca7,2025-10-05 13:49:47.928+00,f33681db-6eaa-42d5-b0a7-22cdf6a29b5f,67a18786-4667-4267-908f-6944b5c5a37a,journey,201,201,2025-10-05 13:49:47.928
31b1918d-c520-4c9f-846d-28eba33c4069,2025-10-12 04:03:44.955+00,6f2b03be-9399-45c7-8456-dd10bed6e402,b2678c2e-0855-4a7b-810c-6bb043a69d3d,byte,188,188,2025-10-12 04:03:46.622
31c82e14-6d38-4f4e-b1ee-a9652573c8b8,2025-09-27 20:24:10.71+00,dbe54858-d407-446d-8e42-5a5ce83c4295,77f3e47f-acf5-4934-b421-d21a394d90d7,byte,125,125,2025-09-27 20:24:10.71
31e6dcbe-18f8-48bb-a0f6-7dfc7f49cf1b,2025-10-09 12:06:04.45+00,d240e941-9cbe-40bd-b82c-0941ca811584,179dc968-0253-449d-b1b7-36e8c2edc5e1,byte,135,135,2025-10-09 12:07:59.685
31f5fd38-bac7-45c9-b144-61a34094ef73,2025-10-02 20:32:22.145+00,c763d877-038d-4f41-bd05-2107beaffc96,43a719d1-b700-44c8-8176-695050ce0287,summary,20,1287,2025-10-02 20:32:22.145
31f8d0db-6387-4135-90da-b41d04352d0c,2025-10-07 17:35:27.253+00,421e1df4-346b-4bda-a248-995a7cce8c0c,77f3e47f-acf5-4934-b421-d21a394d90d7,byte,79,125,2025-10-07 17:36:27.258
321609f9-2955-42e6-95cd-3d5656e6966f,2025-10-04 11:16:56.833+00,c4187179-4849-4f48-87f9-a0b99974a703,4e9f1799-8847-4fe5-9310-d01ffe5dd2c0,summary,0,0,2025-10-04 11:16:56.833
3226855d-7e56-460b-a69c-c903b1646b1c,2025-09-30 06:58:29.05+00,23754c63-f983-4850-9a50-e2fa245a0e00,77f3e47f-acf5-4934-b421-d21a394d90d7,byte,125,125,2025-09-30 06:58:29.05
3265cdec-86d0-4eb0-93b9-3cec3654889d,2025-09-30 06:58:31.388+00,23754c63-f983-4850-9a50-e2fa245a0e00,77f3e47f-acf5-4934-b421-d21a394d90d7,byte,125,125,2025-09-30 06:58:31.388
3267b442-dd2c-4eba-9cf2-d3bd42078f45,2025-09-30 09:28:41.364+00,5983fc63-d4ef-4a3f-a6ff-b48a1dd05239,b2678c2e-0855-4a7b-810c-6bb043a69d3d,byte,188,188,2025-09-30 09:28:41.364
32869a05-7cf1-44c0-b39a-f9d7a02dad70,2025-10-13 13:09:26.67+00,dce112ac-9054-484b-97e6-a52301bd94b4,2610c709-8108-4e18-aca5-a71b6e8e9fc3,summary,1199,1199,2025-10-13 13:09:26.67
328dd9dc-f242-48c9-961f-b4e4a51f6eae,2025-10-01 17:58:31.066+00,df5881da-d33c-4920-b33c-f9bd8161638d,a3a943ba-0df0-4645-9019-a05abdd2b030,summary,0,0,2025-10-01 17:58:31.066
32b68ed9-54da-44a5-ba25-6228ee7e89e3,2025-10-16 23:28:27.96+00,9cb7c168-4ae6-4f2e-91e1-0b2cd2fd71c6,aec0c8f9-b75a-4edc-8e60-dd7b9e92bcea,summary,79,1022,2025-10-16 23:29:27.976
32ce3634-c80a-4978-b256-b05e03db3b71,2025-10-04 10:09:48.686+00,f968dc8d-b41e-4898-b840-9d116423b0c3,701daffb-6b59-4b3d-a957-27cc4ecf302a,summary,1073,1073,2025-10-04 10:31:01.393
332118a5-56d1-4bf0-bfa2-2e723abf27f0,2025-10-04 18:40:41.723+00,253b1368-e5a5-4868-a729-1f49d12b4518,a1c8d32b-6a00-4426-866a-4f25cbcf7d50,byte,149,149,2025-10-04 18:42:58.863
333de22f-56f3-4a34-bee9-045a5f2b793d,2025-10-08 08:43:35.126+00,82b73b21-2c77-43c8-8dc8-eb9f73944add,701daffb-6b59-4b3d-a957-27cc4ecf302a,summary,299,1073,2025-10-08 08:48:15.073
336e196d-59bf-4274-b0d7-4ce1911023f3,2025-10-09 09:41:41.138+00,b5b7f47a-8898-4e94-9c1f-f8e41a911506,b8c04b2d-4a4d-44d8-907b-ff53044e55d2,journey,156,156,2025-10-09 09:41:41.138
338c1763-ed67-4c11-a110-e7608ffa89e0,2025-10-06 13:28:22.68+00,b0277fec-ded5-40e0-bd26-8539430691d9,d104220f-2003-4618-9076-5f4594460a47,byte,184,184,2025-10-06 13:42:12.544
3399ae45-1678-4a84-b83d-f00b7c8a6642,2025-10-26 09:01:27.478+00,4ff00c71-4cbe-4d66-aba8-8c12c0a0d792,77f3e47f-acf5-4934-b421-d21a394d90d7,byte,125,125,2025-10-26 09:01:27.478
33cd7a55-d4f8-489f-bd16-7146440d5711,2025-10-06 20:14:36.104+00,c620ae18-b997-40d2-ba66-919fe318f73c,77f3e47f-acf5-4934-b421-d21a394d90d7,byte,19,125,2025-10-06 20:14:36.104
34b8ee05-6413-4d54-8ea6-2fa2d52359d5,2025-10-22 13:26:02.132+00,d36afa78-6e08-4820-9d2a-10ea6c929bb1,f33c7ac5-2da8-4547-908b-da3d4dbb9b26,summary,789,789,2025-10-22 13:38:58.157
34e760ac-c208-45a6-b157-787fef4403a0,2025-10-02 18:48:36.596+00,88a80c38-2e12-4dd6-9804-71cf02548cf9,b50e0d58-5ac0-427a-a4de-4b387c1c05b1,summary,1095,1095,2025-10-02 18:48:36.596
35093f01-7c5d-45d2-8256-276a6abc1c30,2025-10-05 13:38:55.256+00,f33681db-6eaa-42d5-b0a7-22cdf6a29b5f,7aede153-b2eb-4f63-84a7-ad2c09ebaa6b,journey,161,161,2025-10-05 13:38:55.256
3541e456-580e-49a9-bd38-99178c6fffad,2025-09-28 17:04:32.408+00,cec22eea-2f00-44ab-b5b1-f506aa461db5,b05f8d22-08e0-4744-91be-6c45e684d2fa,summary,0,0,2025-09-28 17:04:32.408
35662030-2a59-4dfc-8bc5-ba82e13de131,2025-10-14 22:20:12.05+00,bd690bd9-c131-4789-8ae1-4a96f5c3e6ca,b50e0d58-5ac0-427a-a4de-4b387c1c05b1,summary,39,1110,2025-10-14 22:20:31.997
358ae2f6-9a13-4201-b22a-392aee07879e,2025-10-11 22:57:27.54+00,7c8f8ff6-00f9-49c2-8d99-ad9bf0cea0e5,a3a943ba-0df0-4645-9019-a05abdd2b030,summary,1337,1337,2025-10-11 23:21:37.503
35a3f137-395e-4678-8809-8771effd0fb4,2025-10-12 14:28:53.016+00,1facf653-9906-4690-9b69-bb61cb72cf22,43a719d1-b700-44c8-8176-695050ce0287,summary,539,1287,2025-10-12 14:37:33.08
35dc809c-5f56-4e97-805e-95eca64424c2,2025-10-06 18:42:01.258+00,59cf2089-ef6a-43b0-a3dd-526d868eda05,441f370a-b3cb-4384-abc4-62fa98c93b95,journey,238,238,2025-10-06 18:42:01.258
365c85d5-9a4e-4603-af47-c00892c29b04,2025-10-07 16:59:53.391+00,cbd58b5f-9c38-4e9a-a15f-69ab1ec06ad9,33b18f70-16d2-4bdf-98f9-6e0686ae6102,journey,170,170,2025-10-07 16:59:53.391
36776e2e-fca5-4447-865f-0e4ad687f48c,2025-10-15 20:49:32.423+00,4d2f5def-79aa-4d36-8f04-baa67d2bd69e,a3a943ba-0df0-4645-9019-a05abdd2b030,summary,1349,1349,2025-10-15 20:49:32.423
3688d048-4775-4dae-8af8-d82f6959d0ec,2025-09-30 14:10:55.515+00,965c93ae-4007-4ce3-9661-23686208d0c1,2610c709-8108-4e18-aca5-a71b6e8e9fc3,summary,0,0,2025-09-30 14:10:55.515
368b4960-acf1-42f7-9eab-730dbd5d05c5,2025-10-20 01:50:28.525+00,2b17273a-bd47-4aec-b8e1-b787c391f362,89354efe-b8bc-477a-b9ba-74a8e5c6a7a1,summary,59,675,2025-10-20 01:51:08.528
369158b1-df6a-4fdc-97a3-f355c1801c61,2025-10-07 11:07:13.266+00,dc3b1944-9cb6-4a9b-bcc9-76f6024f8c95,43a719d1-b700-44c8-8176-695050ce0287,summary,39,1287,2025-10-07 11:07:33.234
36c27fe5-5f7a-4748-931a-27bad9b85d4c,2025-10-04 06:30:17.75+00,2f2af87b-1a51-4ae9-885c-39765dce0af8,c4849c39-d9bd-4072-ba4b-d7ebc057b52d,summary,1181,1186,2025-10-04 06:49:36.911
36df6b6c-5c03-4120-9497-e19c3e577546,2025-10-15 11:59:59.463+00,d3639b8e-b628-4f47-96d1-e48ecf03d177,c4849c39-d9bd-4072-ba4b-d7ebc057b52d,summary,19,1186,2025-10-15 11:59:59.463
37085838-0be1-4d94-8813-b2850ef27878,2025-10-07 11:15:05.627+00,421e1df4-346b-4bda-a248-995a7cce8c0c,5cf2f9e3-3275-49f5-accc-ef43f6c584e3,summary,79,1389,2025-10-07 11:16:05.79
37225dc5-7676-49bb-b709-eb2cb9fbe842,2025-10-25 07:11:15.544+00,ed840463-804b-46ef-9554-3cfabd3dfea3,59218631-e747-444e-b35d-c74b250f3a55,byte,92,107,2025-10-25 07:12:28.592
373fce51-0e2f-49d8-bada-c30cd0435780,2025-10-05 15:56:51.047+00,405cb644-7091-4101-87a9-2e76f05bd366,2610c709-8108-4e18-aca5-a71b6e8e9fc3,summary,580,1199,2025-10-05 16:06:12.564
37437913-bc33-46c9-a4eb-6477c7ced536,2025-10-09 11:00:19.09+00,b457d7eb-b976-4d09-9d21-e70bac5e6c86,59218631-e747-444e-b35d-c74b250f3a55,byte,106,107,2025-10-09 11:01:45.805
3758fb7a-77c7-43fe-896c-eb7ec8277d25,2025-09-28 05:55:22.438+00,481b800c-c447-4cd6-a76a-2acea1361ab1,b2678c2e-0855-4a7b-810c-6bb043a69d3d,byte,188,188,2025-09-28 05:55:22.438
37776399-e806-49e5-9374-b40aede76128,2025-10-19 05:21:50.762+00,fbfe5856-3143-4668-b421-c68b8c324edb,dea581bb-61a3-47ab-9025-138f0c1b4c7e,byte,123,123,2025-10-19 05:23:54.857
37dac95d-50e4-42b1-a7bb-2f45b5c9786b,2025-10-03 11:24:55.895+00,00912375-28ea-422f-b0e2-dfa87cc2ef6d,b8c04b2d-4a4d-44d8-907b-ff53044e55d2,journey,156,156,2025-10-03 11:24:55.895
3837058f-732d-4b54-89bf-113eb46df3a0,2025-10-01 12:15:13.472+00,2c755f47-680a-4620-8e10-f5a8017c1e01,43a719d1-b700-44c8-8176-695050ce0287,summary,0,0,2025-10-01 12:15:13.472
3844c728-f374-413d-9975-4d6b35edbb84,2025-10-17 10:31:33.01+00,a335d69a-6f0c-4390-a77f-89c7e377ab6a,43a719d1-b700-44c8-8176-695050ce0287,summary,1287,1287,2025-10-17 10:31:33.01
384fb6a9-30c8-41af-89b8-7db6633d3b97,2025-10-13 19:11:15.679+00,f8387438-7bae-4fe4-940a-1cb47f94139a,a1c8d32b-6a00-4426-866a-4f25cbcf7d50,byte,19,149,2025-10-13 19:11:15.679
386c1bf3-53e4-4ba1-91c3-6cf286a48763,2025-10-19 14:53:41.411+00,c1086d74-967f-4b51-bdf4-f31ee1072b1c,b8c04b2d-4a4d-44d8-907b-ff53044e55d2,journey,156,156,2025-10-19 14:53:41.411
38781394-10d0-4ac8-b472-87eef84212bd,2025-10-16 08:17:53.192+00,ffd97c27-114e-40ae-bf7f-eb7e70708fa8,2b596717-2692-44b6-a768-5339499c4490,summary,1061,1061,2025-10-16 08:17:53.192
38aa6bbf-58d4-44f7-bb5a-8919fbfa65c9,2025-10-04 23:13:45.176+00,b145a2ea-c8e3-4e49-97b5-8082250d9791,99e9ec76-b71c-4a16-b4df-5a27218d2590,journey,247,247,2025-10-04 23:13:45.176
38bb9376-e6fe-41e3-b444-5d06c0c225c6,2025-10-05 09:32:27.773+00,65fdb297-c8b5-44e5-835e-c0bd693706ed,50355a21-c43a-43a8-a8c3-98a4fc94eb57,summary,389,1150,2025-10-05 09:41:48.544
38d90250-3b46-4948-adc7-3a9aaa897631,2025-10-13 11:31:05.662+00,e655f842-6a47-4716-a45d-cae3a4145e0c,fa86e29f-8020-4c56-be6a-14de5bb2d58e,byte,155,155,2025-10-13 11:33:21.275
38e0c337-fe83-4927-b2aa-189f1214698b,2025-10-04 18:28:33.013+00,253b1368-e5a5-4868-a729-1f49d12b4518,c4849c39-d9bd-4072-ba4b-d7ebc057b52d,summary,0,0,2025-10-04 18:28:33.013
38f1260d-cbb5-47a4-b0b2-0416af9f5da9,2025-10-24 16:35:58.649+00,e42df817-3bde-47b2-bcb7-d5c9b6be55a9,77f3e47f-acf5-4934-b421-d21a394d90d7,byte,125,125,2025-10-24 16:35:58.649
390ee176-d758-4bbd-84f9-e0a3973ff473,2025-10-15 12:07:05.425+00,5c213270-816f-44fe-bcc7-e20095b97b9c,a3a943ba-0df0-4645-9019-a05abdd2b030,summary,1337,1337,2025-10-15 12:30:35.133
39311ed5-e2cf-4d81-a043-aada67de730b,2025-09-28 14:56:06.348+00,2c3ea2b9-f142-4799-a5c1-c01678dc96e7,b50e0d58-5ac0-427a-a4de-4b387c1c05b1,summary,0,0,2025-09-28 14:56:06.348
39395f10-f1a3-4f33-bad7-c12e72b4d0d0,2025-10-06 13:47:24.498+00,460ee699-b8d9-4b45-909f-f73a565fee61,8b9325d4-5472-4dcc-8bb6-4c5cc9074280,byte,126,126,2025-10-06 13:49:11.555
393cbf3e-4548-4f17-8741-4f0c5df6633b,2025-10-05 21:54:44.63+00,e2246c09-f326-48fc-842b-40d1b1e4dbf9,2b596717-2692-44b6-a768-5339499c4490,summary,108,1061,2025-10-05 21:56:13.753
395c1a85-95b3-4971-92ba-8b6c8f1bc68f,2025-10-08 09:46:17.426+00,6f0ae916-2d46-4b24-b329-3582fa3cd281,43a719d1-b700-44c8-8176-695050ce0287,summary,0,0,2025-10-08 09:46:17.426
3a0cebbc-40ec-44ce-838d-303db3421130,2025-10-02 21:54:52.46+00,044bbb1c-90e7-4f77-97a7-720dc2dcb955,b8c04b2d-4a4d-44d8-907b-ff53044e55d2,journey,156,156,2025-10-02 21:54:52.46
3a6a9608-be46-405d-a699-51d30cb7b14a,2025-10-12 17:41:01.533+00,03052f2a-6e17-4e3c-8d87-34476e3cdb69,d2740fc2-7a70-45bc-9b0d-a9a517062b62,byte,139,142,2025-10-12 17:43:03.749
3af7e3d5-765a-45e7-9f7d-595cd07b7060,2025-09-28 06:18:24.659+00,b70ccf74-5d10-4b56-a439-52d10b2b19ea,ffef9923-95a8-41e3-859c-61e2f3c6c441,byte,135,135,2025-09-28 06:18:24.659
3b4d9bf6-87fc-4d00-a13a-2dfb9d06dc5f,2025-10-17 08:49:32.674+00,b5b7f47a-8898-4e94-9c1f-f8e41a911506,7aede153-b2eb-4f63-84a7-ad2c09ebaa6b,journey,161,161,2025-10-17 08:49:32.674
3b6f9875-744e-4d28-b4e0-fc443cddb07a,2025-10-10 18:46:00.334+00,34324cb0-d4c6-46e0-9a81-9f03ee15f2d6,be2ad415-2f72-4399-a701-7b0b641fac5c,byte,105,105,2025-10-10 18:46:00.334
3ba9a6bd-3514-4b34-add1-365b793d9343,2025-10-12 13:33:04.614+00,8c747703-58b8-4d50-a85c-749acad2aa98,ffef9923-95a8-41e3-859c-61e2f3c6c441,byte,134,135,2025-10-12 13:34:59.092
3bbe5f2e-5bcf-45d5-93d8-d04d74dc832f,2025-10-23 16:02:40.366+00,2e9a0f3a-f611-4d86-9c0f-96b54c155c6a,43a719d1-b700-44c8-8176-695050ce0287,summary,115,1287,2025-10-23 16:04:20.528
3bdfa617-5f1e-49d9-97db-86bfa13ea7cd,2025-10-17 14:19:02.417+00,c4e9446e-488e-45f5-b39a-414620f94fa7,2b596717-2692-44b6-a768-5339499c4490,summary,379,1061,2025-10-17 14:25:02.578
3c7bf3b2-cfae-4961-b0ae-108966c71a16,2025-10-01 10:28:22.112+00,f968dc8d-b41e-4898-b840-9d116423b0c3,9181b76c-67a9-4328-9632-3315cfc0b427,summary,0,0,2025-10-01 10:28:22.112
3c828b25-f27e-4aa9-843b-c21bda4f031f,2025-10-20 15:33:43.24+00,34324cb0-d4c6-46e0-9a81-9f03ee15f2d6,69335811-add7-4e72-be87-5bf2f98d6571,byte,137,137,2025-10-20 15:33:43.24
3c9c4fc9-405d-4107-82d8-3c7a9c2a64d6,2025-10-17 07:30:38.916+00,45bc7ef6-aa2e-4df8-a17a-04f27985d311,b50e0d58-5ac0-427a-a4de-4b387c1c05b1,summary,1110,1110,2025-10-17 08:04:20.031
3ca2867c-9eff-411b-9302-1e294d74018e,2025-09-28 13:41:17.036+00,570f9bb1-f65d-4679-ad00-e2fb1f5b9ec8,d2740fc2-7a70-45bc-9b0d-a9a517062b62,byte,142,142,2025-09-28 13:41:17.036
3ce3d383-97a1-414d-a443-b047187d0b19,2025-10-06 15:07:45.642+00,de873c89-d797-4baa-b851-f9b311eacd27,b50e0d58-5ac0-427a-a4de-4b387c1c05b1,summary,59,1110,2025-10-06 15:08:25.633
3ce8925e-d3d5-42ad-8eb1-d4c9db3725c1,2025-09-30 12:58:01.181+00,5df84569-d1b8-4fb6-804d-e5248d00e953,ffef9923-95a8-41e3-859c-61e2f3c6c441,byte,135,135,2025-09-30 12:58:01.181
3d43dae9-b93c-47c1-a581-84e1dae8f7ed,2025-10-18 08:48:09.756+00,9a5d6755-5a4a-4535-893a-abb646f217d2,b50e0d58-5ac0-427a-a4de-4b387c1c05b1,summary,1109,1110,2025-10-18 09:06:18.746
3d466d71-d863-414c-9871-ac405641dfd0,2025-10-09 11:35:22.151+00,d51ba89f-6332-4327-81cd-4e9045fa15ee,8b9325d4-5472-4dcc-8bb6-4c5cc9074280,byte,122,126,2025-10-09 11:37:02.778
3de0cec8-f247-49fc-bf68-4c82ab45bf98,2025-10-07 10:21:54.909+00,11d5ec38-520e-461b-8226-eddbf3be7dc7,aec0c8f9-b75a-4edc-8e60-dd7b9e92bcea,summary,923,1022,2025-10-07 10:37:04.29
3de1401f-5745-44e8-ae41-0a0980c2869e,2025-10-19 14:13:34.49+00,c8ff1475-79d0-4465-be1c-0c181635e6d9,af559fea-9185-472a-b280-3bdf4df8b76c,summary,1184,1184,2025-10-19 14:32:59.579
3e453f50-b942-49ed-9f8b-7c2fd431ff12,2025-10-04 11:37:20.163+00,f968dc8d-b41e-4898-b840-9d116423b0c3,4e9f1799-8847-4fe5-9310-d01ffe5dd2c0,summary,1207,1207,2025-10-04 12:02:57.569
3e4ae79d-5a50-47b1-8f39-e33d0620504d,2025-10-09 09:47:40.526+00,b5b7f47a-8898-4e94-9c1f-f8e41a911506,6e6d17b0-2505-4d65-8361-7ffbfa80bec3,journey,152,152,2025-10-09 09:47:40.526
3eaa31b9-b532-46a7-9870-a22ba74a6f05,2025-10-14 22:04:31.401+00,d36afa78-6e08-4820-9d2a-10ea6c929bb1,ae96d75a-709f-476f-a278-cee1bde00428,summary,923,924,2025-10-14 22:19:45.531
3ee64e83-a105-4d41-a127-66205cfaf6d6,2025-10-02 18:27:24.42+00,b4349db4-cb5c-4dde-89b7-12973cb2e42d,2d242a27-75b5-4952-97fa-b30437cef044,summary,39,851,2025-10-02 18:27:44.765
3f56c0b9-b7eb-41a8-b13e-ee05f71f00c1,2025-10-02 21:54:49.582+00,044bbb1c-90e7-4f77-97a7-720dc2dcb955,b8c04b2d-4a4d-44d8-907b-ff53044e55d2,journey,156,156,2025-10-02 21:54:49.582
3f94ffaa-663d-4f2d-bb4a-b4e877c0d494,2025-10-10 11:38:47.993+00,d240e941-9cbe-40bd-b82c-0941ca811584,b2678c2e-0855-4a7b-810c-6bb043a69d3d,byte,59,188,2025-10-10 11:39:28.275
400b761e-25ca-4a8d-b7b5-d0a6b5e323c0,2025-10-09 11:40:48.65+00,d51ba89f-6332-4327-81cd-4e9045fa15ee,1eaa8bdf-039e-4fac-a439-3ed30e970643,byte,137,137,2025-10-09 11:42:46.535
4071da09-3f4d-4dac-a9cb-16a6cb22bd22,2025-10-15 15:44:45.244+00,94071b50-1c8b-44d9-b448-7bdfd3c80f04,50355a21-c43a-43a8-a8c3-98a4fc94eb57,summary,79,1150,2025-10-15 15:45:45.23
40874c50-8424-467d-b29a-71d555092113,2025-10-27 04:44:32.509+00,6f2b03be-9399-45c7-8456-dd10bed6e402,d104220f-2003-4618-9076-5f4594460a47,byte,184,184,2025-10-27 04:45:10.542
408c1aa7-3c06-4ede-92d9-fa0856d476d5,2025-10-05 12:29:43.798+00,18bfd2ad-cc09-4bfa-a459-737dc6096361,43a719d1-b700-44c8-8176-695050ce0287,summary,48,1287,2025-10-05 12:30:03.515
409d455d-6174-423f-ad87-46db7ce453e6,2025-10-06 10:19:40.369+00,589fa413-4067-4669-a182-cb993228c69c,c4849c39-d9bd-4072-ba4b-d7ebc057b52d,summary,0,0,2025-10-07 10:55:23.854
40b5ba08-6ea9-4c80-9620-c519baa0ccf7,2025-09-29 05:13:58.757+00,06e3b959-1fb5-4263-93ae-082b6011e4cb,59218631-e747-444e-b35d-c74b250f3a55,byte,107,107,2025-09-29 05:13:58.757
40bf76f1-4f0f-42e1-ad13-591a6b4a0dc4,2025-10-05 14:03:15.709+00,f33681db-6eaa-42d5-b0a7-22cdf6a29b5f,441f370a-b3cb-4384-abc4-62fa98c93b95,journey,238,238,2025-10-05 14:03:15.709
40cfea56-5a7c-4679-885b-5882525ccd23,2025-10-14 16:24:26.781+00,9a944fd7-8f14-4311-8e23-bd4535edb783,2b596717-2692-44b6-a768-5339499c4490,summary,0,0,2025-10-14 16:54:42.944
40f338e7-a177-47e0-a35d-4ff0f8a6c010,2025-10-03 07:30:16.572+00,f0b485b3-b0c4-4f84-b988-e7b2c09a70cd,43a719d1-b700-44c8-8176-695050ce0287,summary,1287,1287,2025-10-03 08:09:18.632
4136be27-8c04-4a43-987d-ed0b44601300,2025-09-30 06:39:17.052+00,2f2af87b-1a51-4ae9-885c-39765dce0af8,701daffb-6b59-4b3d-a957-27cc4ecf302a,summary,0,0,2025-09-30 06:39:17.052
41859ffc-9e4a-4781-a3a0-52aba2e505e8,2025-10-02 16:15:36.353+00,10fb13d2-2bcf-42a6-b7df-4a22726fc2d5,be2ad415-2f72-4399-a701-7b0b641fac5c,byte,105,105,2025-10-02 16:15:36.353
423326b1-6aa5-4160-bae2-32945a9d0121,2025-10-14 10:22:20.694+00,01bf7f60-5cb6-4a19-8dae-a9b38762ddd9,4e9f1799-8847-4fe5-9310-d01ffe5dd2c0,summary,919,1207,2025-10-14 10:37:40.73
4241c953-ccce-44bc-afc0-ae9f1ee96379,2025-10-03 17:26:29.703+00,b0277fec-ded5-40e0-bd26-8539430691d9,0fb3af9c-de56-431a-98eb-19d757eca410,byte,159,159,2025-10-03 17:28:57.518
42554588-03ca-40e2-a43a-539bf2e6f76e,2025-10-07 13:37:32.92+00,a1197f9c-1055-461a-bea1-85bd37f83c9f,82e618fa-a346-4b6c-9c72-f42236d97f38,byte,168,168,2025-10-07 13:37:32.92
425b2412-59ab-4594-b2a4-3d1e676d8cd7,2025-10-04 22:37:40.671+00,546b6585-6680-48fa-8a7e-f1f89caad2b7,43a719d1-b700-44c8-8176-695050ce0287,summary,79,1287,2025-10-04 22:38:40.863
4279d662-2188-4667-a17a-78ea2d5c9030,2025-10-02 19:21:00.618+00,ce934dce-9f5e-4ac8-a372-a0ead9d37f26,8b9325d4-5472-4dcc-8bb6-4c5cc9074280,byte,126,126,2025-10-02 19:23:23.564
42abc46d-4977-483f-a00b-20d512d51612,2025-10-10 16:11:42.846+00,11d5ec38-520e-461b-8226-eddbf3be7dc7,c4849c39-d9bd-4072-ba4b-d7ebc057b52d,summary,60,1186,2025-10-10 16:12:22.894
42ffc031-8417-4227-be0e-b5c5fe11bd85,2025-10-02 18:23:08.481+00,eb46e401-8bb4-436a-8d8c-7ea7ad255624,50355a21-c43a-43a8-a8c3-98a4fc94eb57,summary,1150,1150,2025-10-02 18:41:59.149
430798de-6dca-41de-b7a9-c3b3bcb4dd85,2025-09-28 10:27:14.499+00,8b64432f-befa-4e38-bb61-428e67c4339f,b2678c2e-0855-4a7b-810c-6bb043a69d3d,byte,188,188,2025-09-28 10:27:14.499
4365966b-76cd-4812-934d-4879f14c2e73,2025-10-02 22:30:19.129+00,f12c99fb-6125-4e8a-9a6b-2cb3da420e74,b50e0d58-5ac0-427a-a4de-4b387c1c05b1,summary,49,1110,2025-10-02 22:30:19.129
436ab818-88d7-4f79-84ed-55acb505166b,2025-10-17 20:16:36.976+00,94071b50-1c8b-44d9-b448-7bdfd3c80f04,3bf7254b-f2c6-4d5d-854f-67bc3c6bcca7,summary,39,1451,2025-10-17 20:16:57.131
436db9d1-1e5b-43ea-b75e-2162b7c835c9,2025-10-02 10:46:51.349+00,daa21ec4-2cd2-4724-bf63-eec668de557f,aec0c8f9-b75a-4edc-8e60-dd7b9e92bcea,summary,0,0,2025-10-02 10:46:51.349
4380cae8-18cd-4e30-a679-5e3383d2e787,2025-10-10 21:19:19.047+00,cc4433ae-0872-4489-afaa-5d197d2099ad,c747a916-df40-4c6b-ac2d-4f7b90f39e01,byte,39,204,2025-10-10 21:19:39.061
43f4de68-9802-4451-aa56-b6f9acdeab77,2025-09-28 14:00:44.262+00,c7382a26-0214-42ae-af9a-dfb3cc656da6,0d5a12fc-6a25-4d21-be10-c232b2f25b22,byte,143,143,2025-09-28 14:00:44.262
4488912b-f7ed-41ae-97ff-d5618b81050f,2025-10-02 11:03:21.471+00,de77bf96-b55c-4f71-b2e0-1421c0c71e43,b2678c2e-0855-4a7b-810c-6bb043a69d3d,byte,188,188,2025-10-02 11:03:21.471
448c7182-0728-4b0d-8a71-9788ff996678,2025-10-06 12:44:50.989+00,4d2d3bc4-8b3e-4a4d-a37b-a494d41b3cfc,43a719d1-b700-44c8-8176-695050ce0287,summary,0,0,2025-10-06 13:13:47.003
449e741e-adff-4f47-b20d-eeaf5dd1afde,2025-10-22 09:15:10.897+00,94071b50-1c8b-44d9-b448-7bdfd3c80f04,2b596717-2692-44b6-a768-5339499c4490,summary,1060,1061,2025-10-22 09:35:45.999
45197cf6-12bb-4499-8aee-b620faf74f15,2025-10-12 04:12:26.974+00,6f2b03be-9399-45c7-8456-dd10bed6e402,2e058380-90ad-412b-9887-52149e8bc2ae,byte,143,143,2025-10-12 04:12:26.974
455685ca-6a6c-4aee-ab05-7ae7f5b99b7a,2025-10-25 14:20:37.099+00,c95047f2-a633-4698-afba-f7eceeeed34b,c4849c39-d9bd-4072-ba4b-d7ebc057b52d,summary,1167,1186,2025-10-25 15:29:56.278
45633e34-d0b2-4546-b047-a27a31b51e8e,2025-10-19 18:59:57.602+00,3a286115-4983-4e39-aa25-e1c42add080c,b2678c2e-0855-4a7b-810c-6bb043a69d3d,byte,77,188,2025-10-19 19:01:04.137
4564cee2-ebff-4731-9129-e45a0b2a6dff,2025-09-28 13:40:04.063+00,570f9bb1-f65d-4679-ad00-e2fb1f5b9ec8,c747a916-df40-4c6b-ac2d-4f7b90f39e01,byte,204,204,2025-09-28 13:40:04.063
459c566b-faf9-4924-80b5-43dcad3c026d,2025-10-11 19:11:32.055+00,08ac6c7f-939e-4dc3-957a-662bd066b039,c4849c39-d9bd-4072-ba4b-d7ebc057b52d,summary,19,1186,2025-10-11 19:11:32.055
45a9533c-e177-4ce2-8bfb-a67af6f8a209,2025-10-16 06:40:17.524+00,f8387438-7bae-4fe4-940a-1cb47f94139a,09e639ce-3634-416f-bfea-be3e8d9e7875,summary,19,1116,2025-10-16 06:40:17.524
45eaf5f8-d0a6-45cb-9cea-e5a7f848b1c5,2025-10-06 09:06:07.051+00,75f02758-8077-4383-bbb1-0c421253df17,2610c709-8108-4e18-aca5-a71b6e8e9fc3,summary,19,1199,2025-10-06 09:06:07.051
460fce66-c0e7-4956-a030-a3735370bea3,2025-10-05 15:17:56.156+00,e54cd5c3-76bc-4b95-bd58-f39de409d0cc,77f3e47f-acf5-4934-b421-d21a394d90d7,byte,125,125,2025-10-05 15:17:56.156
46a132e1-7a90-48f3-8c33-5d2e9aad1e00,2025-10-06 22:02:17.444+00,ab1172c8-043a-48b0-a0a4-3edfeea2c062,43a719d1-b700-44c8-8176-695050ce0287,summary,0,0,2025-10-06 22:02:17.444
46d111ec-919d-4207-a2b8-d060ff789f4a,2025-10-18 21:00:26.098+00,f7765ed5-db0c-42a1-b164-2e25c51b564b,b2678c2e-0855-4a7b-810c-6bb043a69d3d,byte,19,188,2025-10-18 21:00:26.098
46f9faed-8591-4159-bdc6-9b095628434a,2025-10-06 22:41:21.945+00,53f83cb1-cdb9-49b6-82cd-2a480c803d01,a3a943ba-0df0-4645-9019-a05abdd2b030,summary,39,1337,2025-10-06 22:41:41.913
4734539d-a415-4f5f-b2b8-a6a13496af60,2025-09-30 20:31:17.098+00,1dbc463b-c839-4907-89ac-b38699e99872,b2678c2e-0855-4a7b-810c-6bb043a69d3d,byte,188,188,2025-09-30 20:31:17.098
47785217-8fcb-4139-8e91-4fcd45988f50,2025-09-27 22:30:38.478+00,3bcbc50f-2a8f-40d0-b4b8-3779bd5d3c21,701daffb-6b59-4b3d-a957-27cc4ecf302a,summary,0,0,2025-09-27 22:30:38.478
47788ef0-9b72-4d71-be8f-a371868dafd0,2025-10-12 13:30:17.2+00,8c747703-58b8-4d50-a85c-749acad2aa98,77f3e47f-acf5-4934-b421-d21a394d90d7,byte,125,125,2025-10-12 13:32:17.167
478feb01-22d3-4d77-8cb6-f813b8308fcd,2025-10-06 17:46:45.119+00,59cf2089-ef6a-43b0-a3dd-526d868eda05,b05f8d22-08e0-4744-91be-6c45e684d2fa,summary,784,784,2025-10-06 17:46:45.119
47a06b9f-66d9-489f-ac8f-bf7b3d06a771,2025-10-02 11:05:41.164+00,c9324c15-0fbb-4e75-bdbb-3b5961ceff1f,64163358-aacd-4059-9f1c-e74d841576d8,journey,89,89,2025-10-02 11:05:41.164
480db8e5-be94-48b4-914a-ae8ecf0af98b,2025-10-27 06:45:20.034+00,2f2af87b-1a51-4ae9-885c-39765dce0af8,16d1baef-8193-4e05-a831-6e389afc66d4,summary,0,0,2025-10-27 07:08:00.206
48286080-be9e-4f09-972a-f0c94eddf092,2025-10-08 23:32:01.16+00,b145a2ea-c8e3-4e49-97b5-8082250d9791,b54645b7-07bd-49c8-81bf-b4b6ea5cad2c,journey,234,234,2025-10-08 23:32:01.16
486cce67-e851-4aa3-96f0-a73e1255140c,2025-10-02 21:54:49.574+00,044bbb1c-90e7-4f77-97a7-720dc2dcb955,b8c04b2d-4a4d-44d8-907b-ff53044e55d2,journey,156,156,2025-10-02 21:54:49.574
486ecdd9-d48b-4aa0-bf6f-95f9fcba96da,2025-10-03 20:52:51.342+00,d36afa78-6e08-4820-9d2a-10ea6c929bb1,aec0c8f9-b75a-4edc-8e60-dd7b9e92bcea,summary,123,1021,2025-10-04 20:54:44.488
4872916f-b4a6-4c36-b82d-ba586e090437,2025-10-05 15:17:16.851+00,e54cd5c3-76bc-4b95-bd58-f39de409d0cc,c4849c39-d9bd-4072-ba4b-d7ebc057b52d,summary,1179,1179,2025-10-05 15:17:16.851
48b04cfd-4b8b-426c-9d68-8f8b2996f2b9,2025-10-17 14:42:51.626+00,1facf653-9906-4690-9b69-bb61cb72cf22,2b596717-2692-44b6-a768-5339499c4490,summary,207,1061,2025-10-17 14:44:51.841
48b61ccf-6bb9-446d-b611-17e7beaa48f7,2025-10-27 08:07:38.716+00,9a5d6755-5a4a-4535-893a-abb646f217d2,e3d7dfe2-ad6c-4b4c-a501-986c05dd9ad3,summary,1250,1250,2025-10-27 08:28:13.897
48bcc878-e747-4d2b-8b21-9a19cdec5214,2025-10-04 18:28:33.378+00,253b1368-e5a5-4868-a729-1f49d12b4518,c4849c39-d9bd-4072-ba4b-d7ebc057b52d,summary,0,0,2025-10-04 18:28:33.378
48c8ce4c-46ec-451b-a85c-91918a5e6a70,2025-10-21 23:23:52.698+00,8c747703-58b8-4d50-a85c-749acad2aa98,b50e0d58-5ac0-427a-a4de-4b387c1c05b1,summary,1109,1110,2025-10-21 23:42:01.94
48edae67-3b7e-4388-8a58-7c15e82e0e96,2025-09-28 10:21:54.509+00,3074e1ab-4e6a-4d0f-a2b7-0f34f986484a,50355a21-c43a-43a8-a8c3-98a4fc94eb57,summary,0,0,2025-09-28 10:21:54.509
493da7f6-37d8-4924-b154-bb260842f6d3,2025-10-03 11:33:55.487+00,bc60c7e3-3c0a-429d-85fb-a9eea160f52e,43a719d1-b700-44c8-8176-695050ce0287,summary,1269,1269,2025-10-03 11:33:55.487
49850bd4-4376-468d-961f-923995b8cf30,2025-10-24 15:55:22.937+00,94071b50-1c8b-44d9-b448-7bdfd3c80f04,b50e0d58-5ac0-427a-a4de-4b387c1c05b1,summary,1109,1110,2025-10-24 16:13:32.307
49af782c-73bf-493a-abb0-e01f8b587ead,2025-09-28 20:59:16.148+00,c8c598d9-5195-4f04-9962-81501e263a47,2d242a27-75b5-4952-97fa-b30437cef044,summary,0,0,2025-09-28 20:59:16.148
49c98aad-fd48-4d1c-8218-239554e3bd1b,2025-10-05 15:27:54.948+00,546b6585-6680-48fa-8a7e-f1f89caad2b7,fc504004-08f5-429a-9693-5b93a8f95015,summary,79,1269,2025-10-05 15:28:54.961
4a0521f9-f2eb-419d-9912-c31f7b8ada85,2025-10-04 09:51:34.895+00,daa21ec4-2cd2-4724-bf63-eec668de557f,af559fea-9185-472a-b280-3bdf4df8b76c,summary,1184,1184,2025-10-04 11:36:24.894
4a111d02-cc21-4d1d-9085-196c3e3e38dc,2025-10-21 10:40:00.74+00,3dd5a388-a889-49d6-945c-8e4018e03122,82e618fa-a346-4b6c-9c72-f42236d97f38,byte,168,168,2025-10-21 10:42:38.741
4a23681d-2a6d-4117-a6f9-3e9a832fec6f,2025-10-05 13:33:42.9+00,7069c159-0a5f-4fce-b858-b1780a9b5106,c4849c39-d9bd-4072-ba4b-d7ebc057b52d,summary,1168,1186,2025-10-05 13:36:41.409
4a2d48a6-b379-4b4a-8618-57e645aeed22,2025-10-13 06:26:25.157+00,810291f7-2794-4ff7-9eb1-5890d7aff601,c4849c39-d9bd-4072-ba4b-d7ebc057b52d,summary,479,1186,2025-10-13 06:34:05.222
4a56967b-fdbd-4103-a325-9de9e9c96f61,2025-10-27 00:03:24.312+00,494578f6-d4af-476b-8f1f-e31d8e04563b,aec0c8f9-b75a-4edc-8e60-dd7b9e92bcea,summary,1022,1022,2025-10-28 19:33:52.976
4a87a338-7fb7-46ce-ab83-0402c51c8f8a,2025-10-05 16:52:56.781+00,f72cfefd-0024-4784-a6c1-6cb9444b0295,2d242a27-75b5-4952-97fa-b30437cef044,summary,39,851,2025-10-05 16:53:16.798
4ad8eec3-679d-4cee-8302-1e589c4973d3,2025-10-03 12:11:31.542+00,c977ed2f-819e-4ade-a099-cf79bcf4b373,aec0c8f9-b75a-4edc-8e60-dd7b9e92bcea,summary,1021,1021,2025-10-03 12:35:12.713
4adda4e5-0070-4e3b-bf30-70bd06466f21,2025-10-05 08:00:52.841+00,62e9860d-8a0a-446a-9d26-f91e3c3da09b,764cc33d-9363-414b-b7c3-882f4db6c3ba,byte,110,121,2025-10-05 08:02:27.442
4b4557c2-a7a6-47c1-823c-a3cc30d26fcb,2025-09-28 12:11:48.461+00,dbd0ed24-4edd-4111-a8a4-068d04ff22f4,b2678c2e-0855-4a7b-810c-6bb043a69d3d,byte,188,188,2025-09-28 12:11:48.461
4c1d1564-ed0b-4505-b713-70ea0a129366,2025-10-07 06:18:42.009+00,23754c63-f983-4850-9a50-e2fa245a0e00,8b9325d4-5472-4dcc-8bb6-4c5cc9074280,byte,126,126,2025-10-07 06:18:42.009
4c7e45f4-5c45-483b-a286-2c6da69af88c,2025-10-05 09:44:13.542+00,65fdb297-c8b5-44e5-835e-c0bd693706ed,2b596717-2692-44b6-a768-5339499c4490,summary,1061,1061,2025-10-05 09:44:13.542
4cc65797-420a-4b85-a671-9f6ec6d3dd11,2025-10-26 20:23:05.927+00,34324cb0-d4c6-46e0-9a81-9f03ee15f2d6,5a40e11e-f45d-4340-a770-418b1ccc415b,byte,87,87,2025-10-26 20:23:05.927
4d17968d-39d5-4ff1-bce7-ca56dac9ee10,2025-10-01 06:40:12.239+00,2f2af87b-1a51-4ae9-885c-39765dce0af8,701daffb-6b59-4b3d-a957-27cc4ecf302a,summary,0,0,2025-10-01 06:40:12.239
4d60788d-e04f-465c-914f-b1e2b23cb611,2025-10-04 15:08:56.319+00,c4e9446e-488e-45f5-b39a-414620f94fa7,a3a943ba-0df0-4645-9019-a05abdd2b030,summary,0,0,2025-10-26 07:20:30.852
4db8ac45-1e25-41c4-b9eb-dffe6e9bb911,2025-10-04 06:24:45.093+00,cfd11b8b-ffd2-4e55-a4de-253950a44e48,b50e0d58-5ac0-427a-a4de-4b387c1c05b1,summary,1095,1095,2025-10-04 06:24:45.093
4dfb37a5-2dec-4f74-a009-faee7cabfee2,2025-10-22 20:00:42.298+00,d51ba89f-6332-4327-81cd-4e9045fa15ee,4e9f1799-8847-4fe5-9310-d01ffe5dd2c0,summary,1207,1207,2025-10-22 20:00:42.298
4e35ba3f-e0c4-458e-b3d9-107a54d4b66d,2025-10-03 07:22:16.152+00,ee5fe468-b68b-4b92-956c-3bc9fa970239,b50e0d58-5ac0-427a-a4de-4b387c1c05b1,summary,79,1110,2025-10-03 07:23:16.382
4e5dc9b6-f23d-4bb7-8a4a-17beb82076a2,2025-10-05 10:48:06.833+00,bd60c778-efd3-43c8-9e8c-2c9d753de714,2610c709-8108-4e18-aca5-a71b6e8e9fc3,summary,59,1199,2025-10-05 10:48:46.628
4e804051-09e5-4d4b-a090-30ded44a5b5c,2025-10-10 21:04:22.059+00,760cadea-700c-4ab4-9d4a-b80ba567c6e4,b2678c2e-0855-4a7b-810c-6bb043a69d3d,byte,188,188,2025-10-10 21:04:22.059
4e9463c3-9116-4dd9-b0f3-f304ca924b6e,2025-10-17 08:49:32.663+00,b5b7f47a-8898-4e94-9c1f-f8e41a911506,7aede153-b2eb-4f63-84a7-ad2c09ebaa6b,journey,161,161,2025-10-17 08:49:32.663
4ea2e1f9-365a-4b11-a4fe-4f32e36e0ed7,2025-10-02 14:44:57.636+00,062cfd4d-0c44-47ee-abd1-ffec33bd84f3,43a719d1-b700-44c8-8176-695050ce0287,summary,1269,1269,2025-10-02 14:44:57.636
4ea84ffa-7a88-45d8-9c12-73164c9d1dfa,2025-10-03 05:23:27.621+00,78d7ec64-6991-4db8-8236-c7590fee5ade,c4849c39-d9bd-4072-ba4b-d7ebc057b52d,summary,1186,1186,2025-10-03 05:42:59.777
4ee1fa21-e8f0-4867-80ca-9b1cf4dea322,2025-10-07 14:28:35.009+00,10fb13d2-2bcf-42a6-b7df-4a22726fc2d5,2b596717-2692-44b6-a768-5339499c4490,summary,199,1061,2025-10-07 14:39:37.197
4ee6fdc8-cddc-418c-9d02-1cfd7c19b7df,2025-10-16 16:12:48.873+00,3510b05b-4b19-45f6-8bff-40fe04133469,2d242a27-75b5-4952-97fa-b30437cef044,summary,39,851,2025-10-16 16:13:08.962
4eede4f9-fcd7-4eab-82b6-55f30e6b160d,2025-10-06 09:27:37.347+00,3e5e04f0-65b5-4705-a35f-7290c3863e03,43a719d1-b700-44c8-8176-695050ce0287,summary,500,1287,2025-10-06 09:29:17.32
4f017ffe-31e3-46d3-a978-98175f0a5bde,2025-10-26 09:05:40.7+00,172a8453-2dce-488a-8984-f4c7de0ecc56,43a719d1-b700-44c8-8176-695050ce0287,summary,619,1287,2025-10-26 09:15:41.29
4f1731aa-f009-40a7-9982-2f4d2db1b9c3,2025-09-28 09:16:17.908+00,109a71cb-ef14-4888-a761-dc202c4ae961,dea581bb-61a3-47ab-9025-138f0c1b4c7e,byte,123,123,2025-09-28 09:16:17.908
4f5aa423-30d9-4a11-8d2f-f354cd8ab9d5,2025-10-17 16:59:26.757+00,b16d54ea-7d73-4112-a459-99a87512d2e7,c4849c39-d9bd-4072-ba4b-d7ebc057b52d,summary,111,1186,2025-10-17 17:01:07.585
4f5bfbd1-b804-4872-aed5-6625750c3718,2025-10-03 12:56:34.467+00,bc60c7e3-3c0a-429d-85fb-a9eea160f52e,c4849c39-d9bd-4072-ba4b-d7ebc057b52d,summary,1179,1179,2025-10-03 12:56:34.467
4fa60f33-afdd-42ff-8dc9-5e645c9ab155,2025-09-30 06:56:21.731+00,23754c63-f983-4850-9a50-e2fa245a0e00,82e618fa-a346-4b6c-9c72-f42236d97f38,byte,168,168,2025-09-30 06:56:21.731
502e8696-94fa-478b-a1e2-2d7faa43a19c,2025-10-09 10:50:50.981+00,589fa413-4067-4669-a182-cb993228c69c,a3a943ba-0df0-4645-9019-a05abdd2b030,summary,1337,1337,2025-10-09 11:12:48.779
50743683-7035-4265-881d-2afeadb45286,2025-10-02 23:01:22.983+00,365b600d-7a22-4c38-8e83-2b8311a3ea07,701daffb-6b59-4b3d-a957-27cc4ecf302a,summary,1073,1073,2025-10-02 23:01:22.983
5095f41c-fa79-4bd2-80bd-dd023ece0ad5,2025-09-30 09:32:50.672+00,432d579f-7c9a-4364-9eb2-d86579c42dbc,4e9f1799-8847-4fe5-9310-d01ffe5dd2c0,summary,0,0,2025-09-30 09:32:50.672
50da1a1c-d2c6-453d-ac89-ea80a2b686b5,2025-10-07 09:21:35.479+00,d74f27c1-9dca-41b5-834e-19c7a6de4452,b2678c2e-0855-4a7b-810c-6bb043a69d3d,byte,187,188,2025-10-07 09:24:22.855
50f7aa8d-8c47-4ce7-9777-222b953dc95a,2025-10-25 11:16:26.775+00,6c26c45b-96e0-44a0-83ee-b2fccf681bbd,2b596717-2692-44b6-a768-5339499c4490,summary,298,1061,2025-10-25 11:21:05.768
51e265dc-61ab-4bcb-bacc-67403d594cf4,2025-10-29 07:47:25.228+00,43185597-3d25-4ef5-a094-4f1a2015b948,9a9a27d6-6c8b-4906-ab3e-924289c43bdf,journey,187,187,2025-10-29 07:47:47.427
52135aee-231e-4ce4-b16b-904dcedb151d,2025-10-26 18:03:12.676+00,deb1f726-8f4b-466a-aa14-d3650086aceb,a3a943ba-0df0-4645-9019-a05abdd2b030,summary,0,0,2025-10-28 16:46:59.622
52180749-ab01-423c-ac18-2576f42936e0,2025-10-25 09:35:07.992+00,34324cb0-d4c6-46e0-9a81-9f03ee15f2d6,8aa8e0c0-0fe6-4857-a31d-b68f66bac6c6,byte,87,87,2025-10-25 09:35:07.992
52297972-a992-4a49-af53-08f5383ecc7c,2025-10-05 20:53:37.289+00,e625d8ee-cc04-4fdf-a6fc-8033747a7a75,b50e0d58-5ac0-427a-a4de-4b387c1c05b1,summary,636,1110,2025-10-05 21:03:54.839
522e8549-4c18-4031-91e0-f833c77a2030,2025-10-05 12:48:06.23+00,8907b2cc-0a73-4bab-a867-ea5c08419ee9,fc504004-08f5-429a-9693-5b93a8f95015,summary,219,1269,2025-10-05 12:51:25.911
523a0a83-1df9-4f5c-9f40-75f4f18cdf6d,2025-10-14 14:29:22.402+00,196a150e-f77b-45a2-aab1-6ce8ea9060bf,2610c709-8108-4e18-aca5-a71b6e8e9fc3,summary,0,0,2025-10-14 15:48:11.395
52a9c4cf-d7da-413c-9050-224e6a2bd635,2025-10-07 12:36:11.426+00,d36afa78-6e08-4820-9d2a-10ea6c929bb1,e3d7dfe2-ad6c-4b4c-a501-986c05dd9ad3,summary,1246,1250,2025-10-07 12:56:31.843
52cb18aa-c18d-40e9-9b19-9f1541d1519a,2025-09-27 23:14:44.078+00,3bcbc50f-2a8f-40d0-b4b8-3779bd5d3c21,b50e0d58-5ac0-427a-a4de-4b387c1c05b1,summary,0,0,2025-09-27 23:14:44.078
52e887fc-fc12-471f-ba39-0b3418510e99,2025-10-21 10:46:39.64+00,3dd5a388-a889-49d6-945c-8e4018e03122,59218631-e747-444e-b35d-c74b250f3a55,byte,107,107,2025-10-21 10:50:33.477
530ac767-02d0-4fb8-9ba3-17ae47987ace,2025-09-28 14:56:06.328+00,2c3ea2b9-f142-4799-a5c1-c01678dc96e7,b50e0d58-5ac0-427a-a4de-4b387c1c05b1,summary,0,0,2025-09-28 14:56:06.328
534dba66-f74a-4881-8a48-6e9a183ea502,2025-10-04 23:13:45.62+00,b145a2ea-c8e3-4e49-97b5-8082250d9791,99e9ec76-b71c-4a16-b4df-5a27218d2590,journey,247,247,2025-10-04 23:13:45.62
535061a8-618e-4209-97fc-b26d6fde1c59,2025-10-22 21:53:26.182+00,dcf95cb1-fc75-4dbd-b523-c574f2c57deb,db4f36fb-7020-4a9c-8b76-cdddddc68451,journey,365,365,2025-10-22 21:53:26.182
53531e4e-ea9b-4a13-a314-827e0060c68f,2025-10-04 13:31:34.017+00,0a9b8b4f-b193-434d-a171-0dbb35e75fd2,77f3e47f-acf5-4934-b421-d21a394d90d7,byte,124,125,2025-10-04 13:33:18.534
535d0e9e-0dc9-4067-a3e6-baeb40afd037,2025-10-19 17:24:33.769+00,94071b50-1c8b-44d9-b448-7bdfd3c80f04,fc504004-08f5-429a-9693-5b93a8f95015,summary,1269,1269,2025-10-19 18:24:38.187
538a0f78-812d-4fb0-ac4b-bd1a5d6befca,2025-10-09 05:14:23.536+00,a932ed42-b64a-4152-823f-53f007fde529,2b596717-2692-44b6-a768-5339499c4490,summary,1061,1061,2025-10-09 05:31:47.758
541a77b3-96a3-4c27-818d-aede6e0ed7c7,2025-10-04 14:57:10.397+00,520c16bd-bc0e-4f47-826e-013db785cefb,77f3e47f-acf5-4934-b421-d21a394d90d7,byte,125,125,2025-10-04 14:58:56.794
54201546-1960-4ea5-8b7c-48c3a4e7d922,2025-10-12 17:13:45.853+00,9d8b4ceb-ac19-422e-8e34-b68626a390f9,2b596717-2692-44b6-a768-5339499c4490,summary,679,1061,2025-10-12 17:24:46.268
54d3addb-1b7e-4975-a297-2bf1b02c7496,2025-10-11 22:49:50.681+00,9a5d6755-5a4a-4535-893a-abb646f217d2,aec0c8f9-b75a-4edc-8e60-dd7b9e92bcea,summary,1022,1022,2025-10-17 09:02:09.883
54d8d074-918e-49a8-8750-2f1cf6b86a00,2025-10-16 13:27:45.359+00,34324cb0-d4c6-46e0-9a81-9f03ee15f2d6,a32f2565-8c8a-431f-bf39-20ee0d837e67,byte,112,112,2025-10-16 13:27:45.359
54fb8d47-145a-4b8c-9564-803fc19066e2,2025-10-13 09:21:48.338+00,b5b7f47a-8898-4e94-9c1f-f8e41a911506,99e9ec76-b71c-4a16-b4df-5a27218d2590,journey,247,247,2025-10-13 09:21:48.338
550d76e6-dc60-4a46-b956-cfca9ae68d5d,2025-10-06 09:23:40.874+00,2efa06ef-b135-4d6c-8410-b1cf129c1a48,c4849c39-d9bd-4072-ba4b-d7ebc057b52d,summary,759,1186,2025-10-06 09:36:00.726
5520b599-a05d-4159-bf04-c20c99ebfc01,2025-10-04 09:58:51.729+00,618d5fb1-ffed-4ab2-9fc2-24fc28e909c9,89354efe-b8bc-477a-b9ba-74a8e5c6a7a1,summary,0,0,2025-10-04 09:58:51.729
552433da-be4d-449a-a287-078848b259cb,2025-09-28 12:34:37.64+00,9c89d1d2-2b9e-437d-acc4-63217c44863b,d6366c7b-6b7f-455d-b743-b4a509e4a1df,byte,123,123,2025-09-28 12:34:37.64
5544a1d4-d442-4533-beb1-d30217729c02,2025-10-02 09:35:55.387+00,fe5f3a60-3080-4063-82c9-cf1abe92f4aa,b2678c2e-0855-4a7b-810c-6bb043a69d3d,byte,188,188,2025-10-02 09:35:55.387
55c3f552-1952-4dbe-ad20-5dfe96afde2b,2025-10-02 16:32:26.331+00,214f9ba7-01a3-4379-ab5a-f679ac27f2b6,701daffb-6b59-4b3d-a957-27cc4ecf302a,summary,0,0,2025-10-02 16:32:26.331
5628043d-06c0-40ac-8340-43f94eb9069c,2025-10-06 06:17:46.629+00,2f2af87b-1a51-4ae9-885c-39765dce0af8,2610c709-8108-4e18-aca5-a71b6e8e9fc3,summary,1199,1199,2025-10-06 06:41:36.724
56844902-69ba-497e-aef4-f2d55c913cc7,2025-10-12 19:52:50.784+00,c4df85c0-f417-4558-b340-1463ccaafb53,a3a943ba-0df0-4645-9019-a05abdd2b030,summary,1337,1337,2025-10-12 20:16:10.695
56c094d4-fe04-4946-9a5c-68e260be7705,2025-10-06 19:41:36.501+00,32df44cf-2066-4df1-8b78-1bba965b98e6,b50e0d58-5ac0-427a-a4de-4b387c1c05b1,summary,1110,1110,2025-10-06 20:12:43.75
56c200b6-ba29-4bd0-8356-f2a4272df173,2025-10-24 14:39:55.752+00,72562734-9adc-40ba-9990-1ff517f1fab1,aec0c8f9-b75a-4edc-8e60-dd7b9e92bcea,summary,649,1021,2025-10-24 14:50:25.448
56fe156b-6cf0-4b06-bb18-c5bcdba77b70,2025-10-02 23:01:22.051+00,365b600d-7a22-4c38-8e83-2b8311a3ea07,701daffb-6b59-4b3d-a957-27cc4ecf302a,summary,1073,1073,2025-10-02 23:01:22.051
5736aa3c-8b38-468e-9c54-58fbea3b893b,2025-10-15 08:25:50.448+00,6cb6b840-99a3-48c9-9aec-96b094fb6c20,16d1baef-8193-4e05-a831-6e389afc66d4,summary,1341,1341,2025-10-15 08:25:50.448
573810ba-88a0-4737-b1be-9a546240b5cc,2025-10-02 10:17:18.156+00,fe5f3a60-3080-4063-82c9-cf1abe92f4aa,43a719d1-b700-44c8-8176-695050ce0287,summary,0,0,2025-10-02 10:17:18.156
5752fe16-a3be-44c4-888f-56a919a050f1,2025-10-11 09:26:32.323+00,2896b23d-1acb-4bf3-8b1d-93250d66b735,82e618fa-a346-4b6c-9c72-f42236d97f38,byte,168,168,2025-10-11 09:29:01.477
57c1f232-225d-4007-9acb-4d481c076556,2025-10-20 20:14:07.882+00,d9e08100-5873-4947-b2e0-5f2c7c9a9c07,2b596717-2692-44b6-a768-5339499c4490,summary,299,1061,2025-10-20 20:18:47.88
57d74ca3-5dd7-49a7-ba1f-0f1f9c217c2a,2025-10-21 17:12:57.822+00,593feb4e-f7c4-43b9-bce9-f608d4a449d0,c4849c39-d9bd-4072-ba4b-d7ebc057b52d,summary,239,1186,2025-10-21 17:16:37.854
5821f9db-cee3-46fe-bcae-a6db1416a017,2025-10-21 19:18:04.189+00,955f3693-1837-4319-a3ef-c9cc4c569452,c4849c39-d9bd-4072-ba4b-d7ebc057b52d,summary,359,1186,2025-10-21 19:23:44.378
583fe15c-ab19-4d79-817a-ea8aec14a8b5,2025-10-22 21:42:37.236+00,dcf95cb1-fc75-4dbd-b523-c574f2c57deb,cfbb6390-5e28-4ec4-ba02-e55ff3360fbd,journey,58,58,2025-10-22 21:42:37.236
58e62b34-aa71-4ed0-b2ed-fc5556e9da4b,2025-10-03 08:21:48.842+00,2b17273a-bd47-4aec-b8e1-b787c391f362,e3d7dfe2-ad6c-4b4c-a501-986c05dd9ad3,summary,739,1250,2025-10-03 08:39:50.401
59106107-8171-4424-9257-133b3c41d82e,2025-10-02 18:09:39.293+00,32df44cf-2066-4df1-8b78-1bba965b98e6,c4849c39-d9bd-4072-ba4b-d7ebc057b52d,summary,0,0,2025-10-02 18:09:39.293
5949812b-8c11-4bb5-a1a0-45d9b145997a,2025-10-24 16:31:43.334+00,e42df817-3bde-47b2-bcb7-d5c9b6be55a9,b2678c2e-0855-4a7b-810c-6bb043a69d3d,byte,188,188,2025-10-24 16:31:47.904
5962e595-4c16-4b70-a827-aaba6fbfd0f6,2025-10-04 23:54:19.609+00,8039e8cf-7b91-4955-97ae-498038c26f8b,43a719d1-b700-44c8-8176-695050ce0287,summary,81,1287,2025-10-04 23:55:21.183
597bc3cb-9f9d-47fe-983d-0afea1cb9cf2,2025-10-10 09:36:15.389+00,b5b7f47a-8898-4e94-9c1f-f8e41a911506,fd5fd906-de60-4b55-b98d-81caf880229b,journey,212,212,2025-10-10 09:36:15.389
59c1298e-baec-4a64-9512-8669fa1d9eed,2025-10-06 14:18:59.028+00,01bf7f60-5cb6-4a19-8dae-a9b38762ddd9,b50e0d58-5ac0-427a-a4de-4b387c1c05b1,summary,375,1110,2025-10-06 14:24:48.755
5a2618b1-8169-4497-9120-a5db2eaeef11,2025-09-28 13:40:01.441+00,570f9bb1-f65d-4679-ad00-e2fb1f5b9ec8,c747a916-df40-4c6b-ac2d-4f7b90f39e01,byte,204,204,2025-09-28 13:40:01.441
5a2d9f8f-744e-41ef-b0d1-8361a1c3e167,2025-10-03 08:06:44.018+00,afadaed9-0fbc-4917-8ce1-05d290b62982,c747a916-df40-4c6b-ac2d-4f7b90f39e01,byte,204,204,2025-10-03 08:10:22.477
5a4b689d-6d22-4404-81ab-e5bfee569b0f,2025-10-06 18:32:33.999+00,59cf2089-ef6a-43b0-a3dd-526d868eda05,6d308ea0-2973-4ebf-95ff-bc723fcae745,journey,209,209,2025-10-06 18:32:33.999
5a640e4e-778f-4927-bc0b-6cfcaf60d292,2025-09-29 16:07:38.61+00,2d96e21c-5609-4940-9f6c-dca11cd20d96,77f3e47f-acf5-4934-b421-d21a394d90d7,byte,125,125,2025-09-29 16:07:38.61
5a7834a8-e07a-4b39-82dd-79bc0dcb1f0a,2025-10-07 17:21:04.469+00,f8387438-7bae-4fe4-940a-1cb47f94139a,a3a943ba-0df0-4645-9019-a05abdd2b030,summary,1349,1349,2025-10-07 17:21:04.469
5a86ecaf-02ba-42f5-a1ce-edc7eae872bb,2025-10-14 16:06:29.832+00,daa21ec4-2cd2-4724-bf63-eec668de557f,be2ad415-2f72-4399-a701-7b0b641fac5c,byte,105,105,2025-10-14 16:07:55.389
5b162d1c-ada9-469e-a3a8-4bbd203e5dbc,2025-09-28 23:31:06.716+00,8b81f2d9-9eda-4a65-9e74-aec94dc17dd6,43a719d1-b700-44c8-8176-695050ce0287,summary,0,0,2025-09-28 23:31:06.716
5b2d1506-06cd-4fa8-9c7b-3b4f46a44248,2025-10-22 23:37:13.852+00,8c747703-58b8-4d50-a85c-749acad2aa98,4e9f1799-8847-4fe5-9310-d01ffe5dd2c0,summary,1186,1207,2025-10-22 23:56:40.959
5b39cbee-50e6-4444-b974-e4c435a4ac73,2025-10-15 13:06:08.997+00,d21988d0-ef93-493f-9034-456d7357079f,2610c709-8108-4e18-aca5-a71b6e8e9fc3,summary,79,1199,2025-10-15 13:07:08.992
5b6d1336-8924-4b49-a4ae-006dd586a3d2,2025-09-29 09:21:08.154+00,618d5fb1-ffed-4ab2-9fc2-24fc28e909c9,f33c7ac5-2da8-4547-908b-da3d4dbb9b26,summary,0,0,2025-09-29 09:21:08.154
5bab3f06-7a30-431e-8c13-79beebe7fb52,2025-10-08 09:05:40.489+00,daa21ec4-2cd2-4724-bf63-eec668de557f,e3d7dfe2-ad6c-4b4c-a501-986c05dd9ad3,summary,356,1250,2025-10-08 09:32:21.198
5bb6235f-6601-4adb-a488-0637e87a1185,2025-10-15 12:15:30.946+00,d3f611e2-65b5-487b-b49e-3b56dc962d41,c4849c39-d9bd-4072-ba4b-d7ebc057b52d,summary,22,1186,2025-10-15 12:15:30.946
5bdf2d3e-202d-4c84-aecb-811528f5bb4a,2025-10-07 00:06:09.8+00,356420ca-c03d-4fd7-bc74-d4b078842ccc,43a719d1-b700-44c8-8176-695050ce0287,summary,19,1287,2025-10-07 00:06:09.8
5be25c00-0f1a-4346-9b7d-b5c76c6de5cf,2025-10-27 08:55:47.999+00,cb61e8f5-6e0f-4dc0-a4c8-de1b9513fd98,5cf2f9e3-3275-49f5-accc-ef43f6c584e3,summary,399,1389,2025-10-27 09:02:08.103
5beadde6-bcb5-4a47-99f1-2961df25fb2a,2025-10-22 21:40:44.281+00,dcf95cb1-fc75-4dbd-b523-c574f2c57deb,f7117c2e-bf2f-450d-be9d-728c40d6a826,journey,77,77,2025-10-22 21:40:44.281
5c221746-e78f-452a-aea6-f4fcea5871fb,2025-10-23 07:22:23.031+00,50a6a4b4-d961-4a17-baa3-e4052fc404a2,a3a943ba-0df0-4645-9019-a05abdd2b030,summary,439,1337,2025-10-23 07:29:23.38
5ca691ea-de32-4ded-8958-c73e53061cfa,2025-09-28 06:04:03.435+00,89677e30-f696-4f37-91e0-63ea0f91570e,77f3e47f-acf5-4934-b421-d21a394d90d7,byte,125,125,2025-09-28 06:04:03.435
5caa1c68-da95-40d0-9994-f857010533c3,2025-09-28 20:00:33.931+00,f4d207bb-65a7-49fb-8ca4-b2f1a5752860,b50e0d58-5ac0-427a-a4de-4b387c1c05b1,summary,0,0,2025-09-28 20:00:33.931
5cba1337-662b-45c9-b114-70ee2cf01e39,2025-10-13 07:57:38.375+00,e655f842-6a47-4716-a45d-cae3a4145e0c,b50e0d58-5ac0-427a-a4de-4b387c1c05b1,summary,0,0,2025-10-13 08:16:17.716
5cc30381-3048-4371-9c96-bdf39d0cc21a,2025-10-02 14:26:48.542+00,80f6c346-5a6c-4a59-b401-ae123b0f9e6a,a3a943ba-0df0-4645-9019-a05abdd2b030,summary,0,0,2025-10-02 14:26:48.542
5cd999bf-4296-410e-976f-b857530ce275,2025-10-08 16:03:49.892+00,890b8c71-fe02-48b7-9ccd-d93a944ee3d6,2b596717-2692-44b6-a768-5339499c4490,summary,1059,1061,2025-10-08 16:21:09.51
5cecda0f-f058-4113-9f6d-e274a57c322e,2025-10-06 12:40:25.058+00,01bf7f60-5cb6-4a19-8dae-a9b38762ddd9,b2678c2e-0855-4a7b-810c-6bb043a69d3d,byte,187,188,2025-10-06 12:43:02.426
5d4b596c-1886-4ea8-8aa2-a285708820f5,2025-10-05 14:22:55.379+00,f33681db-6eaa-42d5-b0a7-22cdf6a29b5f,b54645b7-07bd-49c8-81bf-b4b6ea5cad2c,journey,234,234,2025-10-05 14:22:55.379
5d7ce0e7-d3e5-405d-a11a-5445bf8430db,2025-10-06 17:35:36.606+00,493be335-ace9-453d-835a-ab50e969fff8,c747a916-df40-4c6b-ac2d-4f7b90f39e01,byte,204,204,2025-10-06 17:35:36.606
5dde50b6-87d1-4804-a2e6-682624808499,2025-10-08 00:09:04.524+00,1868db94-5c6f-445e-8f37-2c3a246652fe,e3d7dfe2-ad6c-4b4c-a501-986c05dd9ad3,summary,1250,1250,2025-10-08 00:38:05.925
5e60d763-ad06-4cea-abea-b3e7761b6b75,2025-10-06 18:46:13.958+00,59cf2089-ef6a-43b0-a3dd-526d868eda05,366e9675-7d2b-4a49-b489-e4459b4e919e,journey,223,223,2025-10-06 18:46:13.958
5e73e68c-bb7f-4041-8d3d-bfb1983e6a3c,2025-10-09 11:54:58.55+00,d240e941-9cbe-40bd-b82c-0941ca811584,d104220f-2003-4618-9076-5f4594460a47,byte,184,184,2025-10-09 11:57:44.247
5e9465ad-238f-4bd3-a8ab-786116f5c18b,2025-09-28 10:27:21.585+00,8b64432f-befa-4e38-bb61-428e67c4339f,b2678c2e-0855-4a7b-810c-6bb043a69d3d,byte,188,188,2025-09-28 10:27:21.585
5ee69e2c-50c8-4659-a909-6b34129a7d57,2025-10-02 15:45:38.494+00,a932ed42-b64a-4152-823f-53f007fde529,025020aa-1e2c-45a1-9eb1-b5b034d7095b,summary,949,949,2025-10-02 16:01:08.171
5f089089-07c2-46ea-beee-c240b01ce5f1,2025-10-24 16:45:05.642+00,e42df817-3bde-47b2-bcb7-d5c9b6be55a9,ffef9923-95a8-41e3-859c-61e2f3c6c441,byte,135,135,2025-10-24 16:45:05.642
5f11e23a-a3fd-4bcf-a2ea-0175630a4498,2025-09-28 13:41:12.334+00,570f9bb1-f65d-4679-ad00-e2fb1f5b9ec8,d2740fc2-7a70-45bc-9b0d-a9a517062b62,byte,142,142,2025-09-28 13:41:12.334
5f3fde59-2889-4132-b5c3-8cd91b4051f8,2025-10-02 08:01:48.291+00,1dae2b7f-c8dc-40d2-9bf3-3b73ce86c846,701daffb-6b59-4b3d-a957-27cc4ecf302a,summary,0,0,2025-10-02 08:01:48.292
5f582dbe-6b9c-406d-9cee-86d7da83bd9c,2025-10-02 18:48:48.706+00,88a80c38-2e12-4dd6-9804-71cf02548cf9,b50e0d58-5ac0-427a-a4de-4b387c1c05b1,summary,1095,1095,2025-10-02 18:48:48.706
5f87b181-f7dc-4fa7-81d5-5f3e4a737f76,2025-10-04 12:01:40.629+00,4d2d3bc4-8b3e-4a4d-a37b-a494d41b3cfc,a3a943ba-0df0-4645-9019-a05abdd2b030,summary,499,1337,2025-10-04 12:09:40.633
5f9518b6-90c7-441f-a66c-27f4f5061a08,2025-10-08 15:42:43.833+00,daa21ec4-2cd2-4724-bf63-eec668de557f,a4ce5a61-b038-4085-aa87-d19cb3493896,journey,91,91,2025-10-08 15:42:43.833
5fcde9d3-306b-4e4e-b887-f488e6f41bc3,2025-09-27 18:20:32.195+00,6ea7a500-9fc3-4e9b-84eb-53e4f5144204,77f3e47f-acf5-4934-b421-d21a394d90d7,byte,125,125,2025-09-27 18:20:32.195
5fdcaa67-a9a5-4690-a575-85a633615b40,2025-10-08 23:21:30.9+00,b145a2ea-c8e3-4e49-97b5-8082250d9791,441f370a-b3cb-4384-abc4-62fa98c93b95,journey,238,238,2025-10-27 23:25:59.946
6008f7ec-16cb-40a3-958d-d18b2cad38f7,2025-10-02 21:56:53.946+00,044bbb1c-90e7-4f77-97a7-720dc2dcb955,813d0f70-dbd4-4771-abe9-6abdb7dc78d0,journey,69,69,2025-10-02 21:56:53.946
60452964-9e91-494d-92a3-a6a8822a92e8,2025-10-22 22:18:41.131+00,dcf95cb1-fc75-4dbd-b523-c574f2c57deb,7ea24f8e-ccaf-4881-9231-b0c9597ad808,summary,19,1357,2025-10-22 22:18:41.131
60562ff0-c761-4c91-bbf8-7f86350726c6,2025-09-30 15:39:01.682+00,80f6c346-5a6c-4a59-b401-ae123b0f9e6a,701daffb-6b59-4b3d-a957-27cc4ecf302a,summary,0,0,2025-09-30 15:39:01.682
60eac7b1-edb4-4de7-9ade-6ce25684bc64,2025-10-05 14:28:05.004+00,f33681db-6eaa-42d5-b0a7-22cdf6a29b5f,5e61806e-a200-4f03-9248-014960d32f13,journey,203,203,2025-10-05 14:28:05.004
60fbbf69-4a02-413c-a37d-b3064df6210e,2025-10-04 12:04:46.034+00,f968dc8d-b41e-4898-b840-9d116423b0c3,ffef9923-95a8-41e3-859c-61e2f3c6c441,byte,135,135,2025-10-04 12:07:29.029
610b6d83-99eb-419d-bc1f-37e8220e2703,2025-10-03 12:57:23.066+00,bc60c7e3-3c0a-429d-85fb-a9eea160f52e,c4849c39-d9bd-4072-ba4b-d7ebc057b52d,summary,1179,1179,2025-10-03 12:57:23.066
6119a856-1264-410b-b165-7c88c7fb1b97,2025-10-07 07:44:43.563+00,824d3f93-b1de-4da2-af4a-9044c93fc354,2610c709-8108-4e18-aca5-a71b6e8e9fc3,summary,1189,1199,2025-10-07 08:04:17.18
61280653-6a06-4ee4-b0f6-2a6d1390331c,2025-10-14 05:57:23.627+00,fa48df1c-b328-4a59-958f-e354a5ef3c6b,2610c709-8108-4e18-aca5-a71b6e8e9fc3,summary,79,1199,2025-10-14 05:58:23.69
618f5205-688b-4f1c-9b5a-9360890b5918,2025-10-28 09:29:08.051+00,245481f9-0ecc-431d-8a0f-6fd9f8d39a80,fc504004-08f5-429a-9693-5b93a8f95015,summary,119,1269,2025-10-28 09:30:48.098
61a2c547-2005-4a5a-a7c9-7027a38e9f69,2025-10-08 12:26:33.814+00,6b55322c-2577-470d-8885-00f310f6f605,b50e0d58-5ac0-427a-a4de-4b387c1c05b1,summary,550,1110,2025-10-08 12:35:24.629
61a393f4-7b54-4e64-b99d-bbcb063f7cc1,2025-10-18 00:10:45.224+00,869c6912-1df9-48dc-9f1a-1ae717c3ee98,2b596717-2692-44b6-a768-5339499c4490,summary,0,0,2025-10-18 00:10:45.224
61af9f28-f079-487d-b4f8-929a1c0d9a46,2025-10-10 10:12:54.447+00,4df184ce-d7f5-4b7e-986c-87cbe48ef63f,c4849c39-d9bd-4072-ba4b-d7ebc057b52d,summary,279,1186,2025-10-10 10:17:14.992
61e0a184-8160-44c7-84a3-f6f5911fd701,2025-09-30 08:50:41.487+00,432d579f-7c9a-4364-9eb2-d86579c42dbc,50355a21-c43a-43a8-a8c3-98a4fc94eb57,summary,0,0,2025-09-30 08:50:41.487
61e700f0-1dc8-432b-9454-859650f54f33,2025-10-09 14:18:26.737+00,dd5b6248-c741-4f87-84d1-749e74bc3d9c,4e9f1799-8847-4fe5-9310-d01ffe5dd2c0,summary,33,1207,2025-10-09 14:18:26.737
61ee5628-f26e-4390-98d3-8119ea392476,2025-10-29 04:10:32.973+00,4813f5f6-c7e7-4cf2-af3a-47d3f3688d5c,2b596717-2692-44b6-a768-5339499c4490,summary,1061,1061,2025-10-29 04:29:29.432
6202bde1-e2aa-4f03-9e51-18e0e2be24a3,2025-10-10 02:04:40.302+00,bfb9d7d2-7742-43e8-97bd-2345626a1e8f,b8c04b2d-4a4d-44d8-907b-ff53044e55d2,journey,156,156,2025-10-10 02:04:46.764
6231a9e2-e2af-4b00-893a-90a9e5186329,2025-10-07 13:32:09.251+00,a1197f9c-1055-461a-bea1-85bd37f83c9f,2e058380-90ad-412b-9887-52149e8bc2ae,byte,143,143,2025-10-20 11:44:37.712
623656ca-b0be-44cb-8539-998ce07cee08,2025-10-22 06:52:36.661+00,27f81c3e-c991-4adb-9f29-de5faec6539f,f33c7ac5-2da8-4547-908b-da3d4dbb9b26,summary,235,789,2025-10-22 15:03:48.445
623e4b3d-eb0d-4970-a837-4166434a50d4,2025-10-14 16:09:17.159+00,05792acd-f0e8-4675-ace8-6b3d4a4e4ba7,2b596717-2692-44b6-a768-5339499c4490,summary,839,1061,2025-10-14 16:22:57.1
6252ac29-e94d-4227-858a-0f0fc76b0ba0,2025-10-08 13:32:43.416+00,d36afa78-6e08-4820-9d2a-10ea6c929bb1,50355a21-c43a-43a8-a8c3-98a4fc94eb57,summary,19,1150,2025-10-08 13:32:43.416
62590c4a-1775-4979-b445-c83f17acc83b,2025-10-21 11:40:46.289+00,a5027740-b102-4eab-ba92-cbeb0d9c8144,ffef9923-95a8-41e3-859c-61e2f3c6c441,byte,59,135,2025-10-21 11:41:26.291
625c4147-6ef3-4ba6-a7b4-0f8eb79c2824,2025-10-05 08:49:43.551+00,b0277fec-ded5-40e0-bd26-8539430691d9,c725d17c-04cd-4ebb-afb4-2445b97f84cc,summary,0,0,2025-10-05 09:02:15.553
626170ff-ed2b-4cb8-839c-a39ad65049c5,2025-10-07 17:17:42.33+00,f8387438-7bae-4fe4-940a-1cb47f94139a,d2740fc2-7a70-45bc-9b0d-a9a517062b62,byte,142,142,2025-10-07 17:17:42.33
629b6ada-3945-412e-ae48-860fd665a629,2025-10-09 11:37:44.168+00,d51ba89f-6332-4327-81cd-4e9045fa15ee,a1c8d32b-6a00-4426-866a-4f25cbcf7d50,byte,148,149,2025-10-09 11:39:52.765
62a33a79-4bbe-4aa1-8231-9723ec2a634e,2025-10-05 19:40:43.107+00,d5f0c627-a5e9-4a8e-9134-598ac408ca04,aec0c8f9-b75a-4edc-8e60-dd7b9e92bcea,summary,179,1021,2025-10-05 19:43:23.23
62cf2fe5-f8e9-44c7-8ef9-0c2580671718,2025-10-05 14:12:42.915+00,f33681db-6eaa-42d5-b0a7-22cdf6a29b5f,366e9675-7d2b-4a49-b489-e4459b4e919e,journey,223,223,2025-10-05 14:12:42.915
62e85781-84f7-4d09-9659-55379c2e58db,2025-10-05 13:38:55.254+00,f33681db-6eaa-42d5-b0a7-22cdf6a29b5f,7aede153-b2eb-4f63-84a7-ad2c09ebaa6b,journey,161,161,2025-10-05 13:38:55.254
6306cb62-96ae-4ee3-bdb2-e6f2412df183,2025-10-16 07:20:09.108+00,16fc6a9a-c809-4251-b776-21028b2b4525,b2678c2e-0855-4a7b-810c-6bb043a69d3d,byte,187,188,2025-10-16 07:22:56.359
633d3678-ca8e-4447-90e0-10bcc808e93f,2025-10-02 16:04:14.432+00,a932ed42-b64a-4152-823f-53f007fde529,c6afcd72-75a7-415c-aac6-fb9ad6026adf,summary,1145,1145,2025-10-03 14:41:38.762
6354e017-b206-4263-899f-03e49acbdbe5,2025-10-09 22:00:06.409+00,83815893-de20-4396-9f6f-dc7dbce88f8f,4e9f1799-8847-4fe5-9310-d01ffe5dd2c0,summary,78,1207,2025-10-09 22:01:06.266
6366e29a-ea3a-4c1c-a4ac-ef320860e3fa,2025-10-11 19:13:18.008+00,34324cb0-d4c6-46e0-9a81-9f03ee15f2d6,bb1b3afd-f176-415a-b8ff-212a2b975f8d,byte,102,102,2025-10-11 19:13:18.008
64645b99-4cec-4480-9546-c7345c750afd,2025-10-12 07:13:36.89+00,b9240711-f2f0-4f86-b36d-460f41566b6a,aec0c8f9-b75a-4edc-8e60-dd7b9e92bcea,summary,0,0,2025-10-12 07:30:31.627
64ba54ce-3f6b-4e12-aeb6-a4b22ada12cd,2025-10-04 23:19:57.946+00,b145a2ea-c8e3-4e49-97b5-8082250d9791,7aede153-b2eb-4f63-84a7-ad2c09ebaa6b,journey,161,161,2025-10-04 23:19:57.946
655e41e7-bb7a-435e-a104-d094fdf5f89e,2025-10-05 18:17:58.465+00,4d2d3bc4-8b3e-4a4d-a37b-a494d41b3cfc,fd5fd906-de60-4b55-b98d-81caf880229b,journey,212,212,2025-10-05 18:33:34.802
6565824c-e1ac-4ec9-9d48-4d0d65d707d8,2025-10-02 19:50:01.45+00,c34131ce-8b1c-41c3-8a6d-eeca5865f693,43a719d1-b700-44c8-8176-695050ce0287,summary,1289,1287,2025-10-02 19:50:21.265
65715ffe-c0c2-4ce3-8301-0b03d35bd67e,2025-10-02 18:48:34.403+00,88a80c38-2e12-4dd6-9804-71cf02548cf9,b50e0d58-5ac0-427a-a4de-4b387c1c05b1,summary,1095,1095,2025-10-02 18:48:34.403
65ec3ca5-e6c6-4b76-83f4-b6988b457010,2025-10-02 18:03:49.489+00,6a90485c-2688-47fc-ac04-8f34ea52055b,a3a943ba-0df0-4645-9019-a05abdd2b030,summary,1349,1349,2025-10-02 18:03:49.489
65ff7334-e3f8-4cbe-a92c-55ca43957bc8,2025-09-30 15:46:41.81+00,34324cb0-d4c6-46e0-9a81-9f03ee15f2d6,d104220f-2003-4618-9076-5f4594460a47,byte,184,184,2025-09-30 15:46:41.81
66011965-908c-44d8-94e4-84d1f75e4b52,2025-10-06 21:59:10.563+00,ab1172c8-043a-48b0-a0a4-3edfeea2c062,c4849c39-d9bd-4072-ba4b-d7ebc057b52d,summary,0,0,2025-10-06 21:59:10.563
666994f8-7254-4dd6-bf98-79471c618664,2025-10-02 16:08:37.641+00,3563eed6-e605-4cf0-82ff-2f73f2ed58be,b8c04b2d-4a4d-44d8-907b-ff53044e55d2,journey,156,156,2025-10-02 16:08:37.641
668b3fa3-17d3-4bd8-b207-31d3a865d95c,2025-10-10 07:30:40.844+00,421e1df4-346b-4bda-a248-995a7cce8c0c,fc504004-08f5-429a-9693-5b93a8f95015,summary,0,0,2025-10-10 08:19:56.283
66d83633-ae11-4675-8a2e-7143648c4d61,2025-10-22 21:53:36.335+00,dcf95cb1-fc75-4dbd-b523-c574f2c57deb,db4f36fb-7020-4a9c-8b76-cdddddc68451,journey,365,365,2025-10-22 21:53:36.335
66fa43d4-0a18-451d-901b-6828d9e21850,2025-10-18 17:53:44.912+00,892341fe-0499-4b6f-97bf-879e64a04214,43a719d1-b700-44c8-8176-695050ce0287,summary,16,1287,2025-10-18 17:53:44.912
67051117-c2ab-4228-a46f-837bc32dfcf0,2025-10-07 09:59:21.561+00,4d0b5604-c618-4b9e-9f56-0a6fc433557b,fa86e29f-8020-4c56-be6a-14de5bb2d58e,byte,155,155,2025-10-07 10:01:36.838
6724358e-c073-4036-9ed4-d52e2ca3b9ff,2025-10-03 21:24:56.383+00,dcf95cb1-fc75-4dbd-b523-c574f2c57deb,e3d7dfe2-ad6c-4b4c-a501-986c05dd9ad3,summary,639,1250,2025-10-03 21:35:15.918
672d9872-e342-48ea-bf75-6bc9a2b3176a,2025-10-15 22:30:24.472+00,517da0f8-3885-4c02-bfaf-778557cea4d8,b8c04b2d-4a4d-44d8-907b-ff53044e55d2,journey,156,156,2025-10-15 22:30:24.472
67416f67-a28c-4434-a569-e997ea5a76bb,2025-10-05 07:55:29.358+00,62e9860d-8a0a-446a-9d26-f91e3c3da09b,3c13f653-4278-4d9c-b87c-94299684e3d6,byte,279,283,2025-10-05 07:59:49.983
674a8128-0289-4d5a-8c5a-eb4ea6b59d77,2025-10-07 17:21:46.781+00,5ddc2bd8-0084-48f7-8bb2-017d6449b1e6,c4849c39-d9bd-4072-ba4b-d7ebc057b52d,summary,19,1186,2025-10-07 17:21:46.781
675c412e-4cc6-4f9d-a6b1-0bae13bf7761,2025-10-08 05:45:17.778+00,daa21ec4-2cd2-4724-bf63-eec668de557f,4e9f1799-8847-4fe5-9310-d01ffe5dd2c0,summary,1207,1207,2025-10-08 06:09:32.878
679d4d20-3265-40b3-a936-f0fa73b8e2d4,2025-10-03 07:01:38.769+00,afadaed9-0fbc-4917-8ce1-05d290b62982,aec0c8f9-b75a-4edc-8e60-dd7b9e92bcea,summary,999,1021,2025-10-03 07:18:18.67
67ca9735-1dad-42ad-b6c0-26f93e0bdf8e,2025-10-03 07:49:21.593+00,78d7ec64-6991-4db8-8236-c7590fee5ade,a3a943ba-0df0-4645-9019-a05abdd2b030,summary,1349,1349,2025-10-03 07:49:21.593
67e6b45b-429d-473a-a451-880333b97f35,2025-09-28 10:23:21.752+00,8b64432f-befa-4e38-bb61-428e67c4339f,b2678c2e-0855-4a7b-810c-6bb043a69d3d,byte,188,188,2025-09-28 10:23:21.752
67f3034f-65cf-4eb5-b596-7f63d356e56f,2025-10-03 08:47:15.075+00,01bf7f60-5cb6-4a19-8dae-a9b38762ddd9,701daffb-6b59-4b3d-a957-27cc4ecf302a,summary,1073,1073,2025-10-03 10:24:14.37
6805c7a4-c2b3-42e3-8ab4-2ea961cb0f0d,2025-09-28 10:26:20.092+00,8b64432f-befa-4e38-bb61-428e67c4339f,b2678c2e-0855-4a7b-810c-6bb043a69d3d,byte,188,188,2025-09-28 10:26:20.092
683f33bd-5191-4f8c-8e1d-01a044ff3f48,2025-10-07 11:57:55.929+00,2b17273a-bd47-4aec-b8e1-b787c391f362,50355a21-c43a-43a8-a8c3-98a4fc94eb57,summary,152,1150,2025-10-07 12:00:54.262
68826cbf-0c15-4d7d-92ce-c70b74ea8608,2025-09-28 16:34:21.361+00,cbbeb772-d3d6-445e-ab04-5750fcc962c7,b2678c2e-0855-4a7b-810c-6bb043a69d3d,byte,188,188,2025-09-28 16:34:21.361
689d4e3d-87e8-4d01-b006-d7226fed673b,2025-10-07 05:53:15.353+00,5927df56-ab92-497e-b857-68fb5c761269,43a719d1-b700-44c8-8176-695050ce0287,summary,19,1287,2025-10-07 05:53:15.353
68abb251-1f2f-4efa-b6d5-0f5305435fe7,2025-09-28 11:32:52.906+00,493be335-ace9-453d-835a-ab50e969fff8,b2678c2e-0855-4a7b-810c-6bb043a69d3d,byte,188,188,2025-09-28 11:32:52.906
68c23821-e82c-4904-9d20-278baac5ba5d,2025-10-27 17:56:56.914+00,c1efa981-7f82-4cbb-9f90-7546d9b9d261,4e9f1799-8847-4fe5-9310-d01ffe5dd2c0,summary,1207,1207,2025-10-27 17:56:56.914
69466691-75b4-4d40-aa71-0b7cf2c26122,2025-09-30 09:57:41.106+00,618d5fb1-ffed-4ab2-9fc2-24fc28e909c9,aec0c8f9-b75a-4edc-8e60-dd7b9e92bcea,summary,0,0,2025-09-30 09:57:41.106
69f4e4ea-7e16-46b3-8e46-fb403ce594c5,2025-09-30 08:31:02.062+00,432d579f-7c9a-4364-9eb2-d86579c42dbc,7ea24f8e-ccaf-4881-9231-b0c9597ad808,summary,0,0,2025-09-30 08:31:02.062
6a27e32f-4296-4c7b-b919-4cac0513df47,2025-09-28 06:03:59.959+00,89677e30-f696-4f37-91e0-63ea0f91570e,77f3e47f-acf5-4934-b421-d21a394d90d7,byte,125,125,2025-09-28 06:03:59.959
6a3536e3-64f2-40db-881e-615e78483123,2025-10-09 14:41:42.791+00,0b1e9a49-57a6-4bf8-99a0-9ade2aeb54cc,2610c709-8108-4e18-aca5-a71b6e8e9fc3,summary,79,1199,2025-10-09 14:42:42.711
6a60ae9d-af79-463a-b4ca-1202759210d3,2025-10-06 00:55:05.714+00,567e640a-c202-4731-9346-95f3ce3ce24f,c4849c39-d9bd-4072-ba4b-d7ebc057b52d,summary,18,1186,2025-10-06 00:55:05.714
6a6ed4ea-c888-47aa-9923-633777f363ac,2025-09-28 10:57:08.966+00,3e6f0cba-c01e-4eca-b37b-5aad9a3d89c7,43a719d1-b700-44c8-8176-695050ce0287,summary,0,0,2025-09-28 10:57:08.966
6a78bfd3-350e-4788-a79f-02cee4d0dc13,2025-10-07 15:49:22.429+00,e625d8ee-cc04-4fdf-a6fc-8033747a7a75,aec0c8f9-b75a-4edc-8e60-dd7b9e92bcea,summary,119,1021,2025-10-07 15:51:02.421
6a9e86eb-4941-4c4f-86ea-59da1b047480,2025-09-30 19:37:42.538+00,f2c515a6-46d9-48b6-a5b3-3341608edadf,43a719d1-b700-44c8-8176-695050ce0287,summary,0,0,2025-09-30 19:37:42.538
6aa23356-5040-4baa-b016-b69fad536d2a,2025-10-13 07:31:53.67+00,c22c498b-f78c-4a9e-a755-730738be189d,aec0c8f9-b75a-4edc-8e60-dd7b9e92bcea,summary,1021,1021,2025-10-13 07:48:36.443
6aa3267a-9978-4f79-98a2-cd6de931570c,2025-10-05 14:28:05.002+00,f33681db-6eaa-42d5-b0a7-22cdf6a29b5f,5e61806e-a200-4f03-9248-014960d32f13,journey,203,203,2025-10-05 14:28:05.002
6aaf223a-c1fa-4a28-941b-0e1cae2458ef,2025-09-28 10:27:12.24+00,8b64432f-befa-4e38-bb61-428e67c4339f,b2678c2e-0855-4a7b-810c-6bb043a69d3d,byte,188,188,2025-09-28 10:27:12.24
6b2db2c2-c9dc-4326-a828-f906349e2fe6,2025-10-27 19:45:52.333+00,6d88c8ce-c548-4345-ba3a-4bb68e205cd7,6e6d17b0-2505-4d65-8361-7ffbfa80bec3,journey,152,152,2025-10-27 19:46:01.472
6c4d1c63-0fee-481e-8892-6ae0cfa78d80,2025-10-06 08:07:45.817+00,cf21ee35-30a9-4342-aeeb-1199978274c5,b2678c2e-0855-4a7b-810c-6bb043a69d3d,byte,188,188,2025-10-06 08:10:35.162
6c505f66-7e49-4746-b3e2-48cb0d2ae6e7,2025-10-12 13:51:17.96+00,37273563-380f-4728-9fad-1242421d01ab,b775e83f-21a0-490a-8307-0e2e3cabeee8,summary,119,924,2025-10-12 13:52:57.964
6c539554-4315-46ac-b7d3-3cd0e9a7250a,2025-09-28 11:43:12.226+00,3551dbd0-1db5-4fa8-8887-059578f57d34,82e618fa-a346-4b6c-9c72-f42236d97f38,byte,168,168,2025-09-28 11:43:12.226
6c54ce30-402c-4cd1-bff5-9689d711281c,2025-10-01 07:44:10.801+00,74af2e38-4e67-4db3-817e-37e67e915917,b2678c2e-0855-4a7b-810c-6bb043a69d3d,byte,188,188,2025-10-01 07:44:10.801
6c5d01d7-b388-4ab3-acb8-610b86647aaa,2025-10-27 08:49:00.446+00,cb61e8f5-6e0f-4dc0-a4c8-de1b9513fd98,b2678c2e-0855-4a7b-810c-6bb043a69d3d,byte,188,188,2025-10-27 08:53:51.573
6c8632be-efa6-4f33-a84a-8de82b922765,2025-09-27 13:40:08.569+00,815589d7-eab0-44e7-90d3-1814401fc65e,77f3e47f-acf5-4934-b421-d21a394d90d7,byte,125,125,2025-09-27 13:40:08.569
6cb8307e-eb41-48bd-aee2-dcb74f7d4b28,2025-10-29 06:06:37.967+00,2f2af87b-1a51-4ae9-885c-39765dce0af8,af559fea-9185-472a-b280-3bdf4df8b76c,summary,19,1184,2025-10-29 06:06:37.967
6cba1bbf-2e29-46b9-9b1e-77be5bacc3bc,2025-10-19 14:55:24.481+00,c1086d74-967f-4b51-bdf4-f31ee1072b1c,82e618fa-a346-4b6c-9c72-f42236d97f38,byte,168,168,2025-10-19 14:58:15.846
6cbd2782-869d-410c-8cb7-626abcd5a1a4,2025-10-01 06:15:31.108+00,23754c63-f983-4850-9a50-e2fa245a0e00,b2678c2e-0855-4a7b-810c-6bb043a69d3d,byte,188,188,2025-10-01 06:15:31.108
6cede252-d2d1-40a3-8b4b-e1f4f442e2ef,2025-10-28 18:11:59.439+00,c620ae18-b997-40d2-ba66-919fe318f73c,d104220f-2003-4618-9076-5f4594460a47,byte,39,184,2025-10-28 18:12:19.395
6d0b840c-334b-4254-9249-22fd7c0deb12,2025-10-11 19:10:21.885+00,08ac6c7f-939e-4dc3-957a-662bd066b039,a3a943ba-0df0-4645-9019-a05abdd2b030,summary,39,1337,2025-10-11 19:10:41.828
6d18015f-25e2-428d-b4fa-0782fcd4fde2,2025-10-06 07:27:01.985+00,0840bc13-e9a5-4e91-8726-24972407ac30,c747a916-df40-4c6b-ac2d-4f7b90f39e01,byte,204,204,2025-10-06 07:27:01.985
6d1dcadd-9b9c-4b82-814a-812608a06893,2025-10-14 14:52:16.183+00,8907b2cc-0a73-4bab-a867-ea5c08419ee9,2b596717-2692-44b6-a768-5339499c4490,summary,139,1061,2025-10-14 14:54:16.168
6d23df95-fc37-481a-810c-a57d00d505df,2025-10-02 19:08:17.5+00,5009a282-c873-4498-a753-cc97f35a8792,2e058380-90ad-412b-9887-52149e8bc2ae,byte,99,143,2025-10-02 19:09:37.57
6d3414ad-d197-4b03-b7f4-de6421007849,2025-09-28 14:56:06.345+00,2c3ea2b9-f142-4799-a5c1-c01678dc96e7,b50e0d58-5ac0-427a-a4de-4b387c1c05b1,summary,0,0,2025-09-28 14:56:06.345
6d57127c-5f74-4ab4-a7a9-9fb03cdecde4,2025-10-06 18:28:16.055+00,59cf2089-ef6a-43b0-a3dd-526d868eda05,67a18786-4667-4267-908f-6944b5c5a37a,journey,201,201,2025-10-06 18:37:51.425
6d8c5694-781e-4346-8895-0704aae2c933,2025-10-12 04:09:06.158+00,6f2b03be-9399-45c7-8456-dd10bed6e402,77f3e47f-acf5-4934-b421-d21a394d90d7,byte,125,125,2025-10-12 04:09:06.158
6daf7f1e-352b-4ea9-a77d-1d22f642d2cb,2025-10-22 21:42:37.203+00,dcf95cb1-fc75-4dbd-b523-c574f2c57deb,cfbb6390-5e28-4ec4-ba02-e55ff3360fbd,journey,58,58,2025-10-22 21:42:37.203
6ddf35a3-54be-4f72-a734-4124b19835ca,2025-10-05 15:29:22.177+00,405cb644-7091-4101-87a9-2e76f05bd366,2b596717-2692-44b6-a768-5339499c4490,summary,0,0,2025-10-05 15:47:14.831
6df1701d-4f2c-424b-95c2-1849f29199ac,2025-10-05 16:51:39.833+00,0f63e24b-b5c7-44a1-8546-c816391c02a6,a3a943ba-0df0-4645-9019-a05abdd2b030,summary,222,1337,2025-10-05 16:55:03.231
6e01354d-8898-4b33-aae7-46bb01a2a702,2025-09-29 22:13:58.609+00,8984f475-91e0-48ac-baca-35d7ec755c9c,2b596717-2692-44b6-a768-5339499c4490,summary,1061,0,2025-10-04 05:39:29.494
6e341037-d194-4460-9ea2-5abe42461850,2025-10-03 07:14:09.572+00,8984f475-91e0-48ac-baca-35d7ec755c9c,c4849c39-d9bd-4072-ba4b-d7ebc057b52d,summary,0,0,2025-10-03 07:14:09.572
6e3fa68f-6222-45fa-8cb0-b447a45040e8,2025-10-03 12:57:25.704+00,bc60c7e3-3c0a-429d-85fb-a9eea160f52e,c4849c39-d9bd-4072-ba4b-d7ebc057b52d,summary,1179,1179,2025-10-03 12:57:25.704
6e48f133-e34b-4f84-a398-53f46507494a,2025-10-21 08:30:17.565+00,8907b2cc-0a73-4bab-a867-ea5c08419ee9,e3d7dfe2-ad6c-4b4c-a501-986c05dd9ad3,summary,199,1250,2025-10-21 08:33:17.685
6ea67abd-1852-4d29-bbab-7f35081970c8,2025-10-12 18:21:50.926+00,f8387438-7bae-4fe4-940a-1cb47f94139a,b2678c2e-0855-4a7b-810c-6bb043a69d3d,byte,96,188,2025-10-12 18:23:08.278
6eae1063-045e-4bc2-8415-6d29c35f226d,2025-09-28 09:20:27.812+00,109a71cb-ef14-4888-a761-dc202c4ae961,a1c8d32b-6a00-4426-866a-4f25cbcf7d50,byte,149,149,2025-09-28 09:20:27.812
6eb9348d-b12f-4150-9288-c323409b2939,2025-10-03 20:30:49.413+00,eede160d-6afb-425c-9504-58e23132d5dd,2e058380-90ad-412b-9887-52149e8bc2ae,byte,143,143,2025-10-03 20:30:49.413
6f30d6d4-eb6e-4371-ba22-4afe817076cc,2025-10-03 14:33:19.276+00,92590826-7410-4f39-abfa-1baf8513c655,2b596717-2692-44b6-a768-5339499c4490,summary,511,1061,2025-10-03 14:41:31.259
6f93dd98-f81c-46f4-9384-a41b4ae79c09,2025-10-06 07:37:49.856+00,8984f475-91e0-48ac-baca-35d7ec755c9c,c4849c39-d9bd-4072-ba4b-d7ebc057b52d,summary,0,0,2025-10-06 07:37:49.856
6f9985a1-1868-4931-8401-eb3352626d31,2025-10-25 22:05:25.171+00,8a4ab7c6-defa-4887-9f16-df2400589a9e,b50e0d58-5ac0-427a-a4de-4b387c1c05b1,summary,330,1110,2025-10-25 22:10:25.112
6fbb4b26-9ad6-43a2-8b2a-4a2d2afb6508,2025-10-15 19:59:15.333+00,4490d1fc-991e-4a71-8e7c-53199dc0644d,c4849c39-d9bd-4072-ba4b-d7ebc057b52d,summary,119,1186,2025-10-15 20:00:55.359
700ab047-1ea7-41d9-827a-b5f31abcbde0,2025-10-26 09:07:56.992+00,4ff00c71-4cbe-4d66-aba8-8c12c0a0d792,b8c04b2d-4a4d-44d8-907b-ff53044e55d2,journey,156,156,2025-10-26 09:08:02.299
701140b9-9c2c-4a84-be0a-3e732ef204e1,2025-10-21 17:56:51.268+00,c53526da-1139-4d14-bf5f-be7b7354f82d,c725d17c-04cd-4ebb-afb4-2445b97f84cc,summary,746,746,2025-10-21 18:09:00.705
701f622a-0625-4b7b-8f6e-70caae3d8023,2025-09-28 13:37:15.021+00,11d5ec38-520e-461b-8226-eddbf3be7dc7,2d242a27-75b5-4952-97fa-b30437cef044,summary,0,0,2025-09-28 13:37:15.021
702f1ae1-7ee6-4a40-a905-9ab2b0682edf,2025-10-02 19:36:09.819+00,a38c9a19-ade7-4579-bd4f-8645225ec30f,ffef9923-95a8-41e3-859c-61e2f3c6c441,byte,135,135,2025-10-02 19:36:09.82
7040fe2c-e829-4ed2-a6d8-c64f9788d9ea,2025-10-06 00:12:48.667+00,80f6c346-5a6c-4a59-b401-ae123b0f9e6a,e3d7dfe2-ad6c-4b4c-a501-986c05dd9ad3,summary,1242,1250,2025-10-06 00:12:48.667
709441b1-c8cf-4961-b463-cf2c96d9ae3e,2025-10-05 06:36:22.532+00,23754c63-f983-4850-9a50-e2fa245a0e00,2e058380-90ad-412b-9887-52149e8bc2ae,byte,143,143,2025-10-05 06:36:23.548
70c8538b-707d-45c3-9503-6c292d66a2ef,2025-10-06 07:27:46.36+00,0840bc13-e9a5-4e91-8726-24972407ac30,c747a916-df40-4c6b-ac2d-4f7b90f39e01,byte,204,204,2025-10-06 07:27:46.36
70ef9069-3006-48cc-8c63-c090bb0bd650,2025-10-22 11:34:53.946+00,78434173-8179-4366-94cf-d0b3b7ee4cdb,89354efe-b8bc-477a-b9ba-74a8e5c6a7a1,summary,675,675,2025-10-22 11:45:50.156
7119e6b0-8133-4f1b-9b38-84626982c4d5,2025-10-25 16:06:28.098+00,28ed6136-b635-4172-ba86-4f51ef7f4871,b50e0d58-5ac0-427a-a4de-4b387c1c05b1,summary,19,1110,2025-10-25 16:06:28.098
718ba5bc-9eae-4dcc-8ea4-6e915c5ce699,2025-10-13 11:12:08.024+00,b16d54ea-7d73-4112-a459-99a87512d2e7,2610c709-8108-4e18-aca5-a71b6e8e9fc3,summary,179,1199,2025-10-13 11:14:48.182
71c47870-97bf-47aa-90b8-ca07be07a093,2025-10-02 09:53:53.516+00,c9324c15-0fbb-4e75-bdbb-3b5961ceff1f,43a719d1-b700-44c8-8176-695050ce0287,summary,19,1287,2025-10-02 09:58:48.538
71c9e495-3550-4b5d-95c8-2dc4c296af95,2025-10-01 06:40:12.856+00,2f2af87b-1a51-4ae9-885c-39765dce0af8,701daffb-6b59-4b3d-a957-27cc4ecf302a,summary,0,0,2025-10-01 06:40:12.856
71ef1a97-1dce-4bd9-8606-46b2b01dbd45,2025-10-16 07:52:21.801+00,35c1b275-5403-4f09-a238-9fc8204d9e15,aec0c8f9-b75a-4edc-8e60-dd7b9e92bcea,summary,1022,1022,2025-10-16 07:54:17.512
726d9086-cb53-4ac5-818a-e1fab229d042,2025-10-05 10:42:55.958+00,ee28153a-d4f8-4510-9e82-b418576bce3b,59218631-e747-444e-b35d-c74b250f3a55,byte,107,107,2025-10-05 10:42:55.958
727756f2-bbe9-44ba-bd87-5ced44e58996,2025-10-10 22:47:22.458+00,b145a2ea-c8e3-4e49-97b5-8082250d9791,5667466a-7fe9-41ae-8ecc-b465b79bb030,journey,241,241,2025-10-10 22:47:22.458
72a6f549-ddc9-46e0-b226-06559a5c8d75,2025-10-15 11:54:42.965+00,de77bf96-b55c-4f71-b2e0-1421c0c71e43,2e058380-90ad-412b-9887-52149e8bc2ae,byte,79,143,2025-10-15 11:55:43.028
730506f5-b248-4317-851a-7db4a71bdc23,2025-10-05 07:34:27.112+00,c22c498b-f78c-4a9e-a755-730738be189d,a3a943ba-0df0-4645-9019-a05abdd2b030,summary,0,0,2025-10-05 08:03:50.732
73369042-5b4d-4178-b992-7daadf69a2bf,2025-10-12 20:59:43.946+00,03052f2a-6e17-4e3c-8d87-34476e3cdb69,77f3e47f-acf5-4934-b421-d21a394d90d7,byte,121,125,2025-10-12 21:01:49.618
7390f3ba-c12f-4a7f-8d82-0f83df7e764e,2025-10-08 13:28:41.134+00,2f2af87b-1a51-4ae9-885c-39765dce0af8,77f3e47f-acf5-4934-b421-d21a394d90d7,byte,90,125,2025-10-08 13:31:47.913
73c4c896-0291-4d9e-b561-75b1abcd263e,2025-10-15 16:34:31.391+00,f99b5c48-caa1-42d4-b37b-3f9cb7cca1ac,89354efe-b8bc-477a-b9ba-74a8e5c6a7a1,summary,19,675,2025-10-15 16:34:31.391
73cc481b-4ebc-4648-b03c-a5b2cecd09e8,2025-10-28 17:54:49.306+00,deb1f726-8f4b-466a-aa14-d3650086aceb,aec0c8f9-b75a-4edc-8e60-dd7b9e92bcea,summary,0,0,2025-10-28 18:06:17.98
73d05acc-ea72-49b5-862e-881ce16d791e,2025-10-10 22:56:56.544+00,b145a2ea-c8e3-4e49-97b5-8082250d9791,d15ac779-ea79-4138-9480-a907bb3430db,journey,280,280,2025-10-10 22:56:56.544
73eb8ef3-4fea-4a09-a146-c4a776573222,2025-09-29 12:26:47.874+00,22013dce-42c3-4c18-889f-0ad995dc045e,2b596717-2692-44b6-a768-5339499c4490,summary,0,0,2025-09-29 12:26:47.874
741d14ac-47b7-4c8f-b98a-67f35be97796,2025-10-05 11:16:49.201+00,35a5ab41-f590-46bf-a1d7-ddeba12d3b2b,16d1baef-8193-4e05-a831-6e389afc66d4,summary,79,1247,2025-10-05 11:17:49.3
742479f4-ffd8-4686-b5a6-a65b61b65a92,2025-10-26 19:48:15.876+00,d915c8c2-abae-4b29-95a3-225feb9012fa,813d0f70-dbd4-4771-abe9-6abdb7dc78d0,journey,69,69,2025-10-26 19:48:15.876
7449e8c5-d7b9-498f-baf1-348aab937fa6,2025-10-03 11:24:55.889+00,00912375-28ea-422f-b0e2-dfa87cc2ef6d,b8c04b2d-4a4d-44d8-907b-ff53044e55d2,journey,156,156,2025-10-03 11:24:55.889
74b1bb92-aae2-40d6-8cda-e74a9910092a,2025-09-28 11:02:28.862+00,f70160fc-c56f-45f5-aa51-ed7ff6c4d83a,b2678c2e-0855-4a7b-810c-6bb043a69d3d,byte,188,188,2025-09-28 11:02:28.862
74d9b73a-650d-4f29-bb63-d53678ca6aa6,2025-10-14 13:27:36.115+00,fd90e5c3-1af9-4da2-83fb-61bb2644bd93,50355a21-c43a-43a8-a8c3-98a4fc94eb57,summary,12,1150,2025-10-14 13:27:36.115
74f3dda9-3c69-4327-ba7f-d8d7bde9e398,2025-10-03 15:56:05.037+00,013cce30-6c30-45c9-9be2-0b965213ee58,2b596717-2692-44b6-a768-5339499c4490,summary,1061,1061,2025-10-03 15:56:05.037
74f8d539-7f07-4d50-8ea8-fe20dcec789c,2025-10-02 10:46:50.863+00,daa21ec4-2cd2-4724-bf63-eec668de557f,aec0c8f9-b75a-4edc-8e60-dd7b9e92bcea,summary,0,0,2025-10-02 10:46:50.863
750a7d3c-93d1-444a-9de3-9c7a1717a991,2025-10-01 07:24:58.454+00,86550881-000d-4e1d-9fd6-b14fd63e9ea2,b2678c2e-0855-4a7b-810c-6bb043a69d3d,byte,188,188,2025-10-01 07:24:58.454
750bc86c-8e87-4f83-8d12-4244f9064574,2025-10-07 15:38:24.576+00,824d3f93-b1de-4da2-af4a-9044c93fc354,b2678c2e-0855-4a7b-810c-6bb043a69d3d,byte,138,188,2025-10-07 15:40:24.514
75307f8b-db35-4803-a1fe-d0a1757ea489,2025-10-15 14:07:10.273+00,34324cb0-d4c6-46e0-9a81-9f03ee15f2d6,b25a1293-f65c-4ddd-99f4-5e2a982ebee1,byte,149,149,2025-10-15 14:07:10.273
75650cc0-470b-4fd8-88f1-6cf1329cd815,2025-10-21 00:35:10.812+00,4d2d3bc4-8b3e-4a4d-a37b-a494d41b3cfc,50355a21-c43a-43a8-a8c3-98a4fc94eb57,summary,739,1150,2025-10-21 00:47:10.77
75dae5f0-923c-45dd-9831-c36e6a6b83b7,2025-10-08 20:39:09.382+00,b5b7f47a-8898-4e94-9c1f-f8e41a911506,b50e0d58-5ac0-427a-a4de-4b387c1c05b1,summary,0,0,2025-10-14 08:29:22.209
75e745cf-7dc3-45b2-ba65-34705dc86452,2025-10-04 10:00:47.508+00,f968dc8d-b41e-4898-b840-9d116423b0c3,a3a943ba-0df0-4645-9019-a05abdd2b030,summary,1349,1349,2025-10-04 10:00:47.508
761edc9c-4345-4aac-9355-030a7f085a6a,2025-10-24 08:15:29.106+00,9a5d6755-5a4a-4535-893a-abb646f217d2,2610c709-8108-4e18-aca5-a71b6e8e9fc3,summary,1199,1199,2025-10-24 08:35:08.811
7643b89c-8a7f-4fdb-996a-dc8e3d47093e,2025-09-29 05:13:59.108+00,06e3b959-1fb5-4263-93ae-082b6011e4cb,59218631-e747-444e-b35d-c74b250f3a55,byte,107,107,2025-09-29 05:13:59.108
76771009-45da-4655-860c-26e86366c60f,2025-09-28 10:27:20.96+00,8b64432f-befa-4e38-bb61-428e67c4339f,b2678c2e-0855-4a7b-810c-6bb043a69d3d,byte,188,188,2025-09-28 10:27:20.96
767d0345-1438-4441-81bb-1c9d882e190a,2025-10-22 19:48:02.603+00,4392ad5d-0c72-49c3-8a71-71476fa7b1c6,b50e0d58-5ac0-427a-a4de-4b387c1c05b1,summary,0,0,2025-10-22 20:06:44.804
769467b7-2925-408f-a5e2-a87932611273,2025-10-08 01:35:29.166+00,905a1fa6-9683-4655-9155-3bc8ff5b9571,701daffb-6b59-4b3d-a957-27cc4ecf302a,summary,565,1073,2025-10-08 01:46:15.541
76b770fd-1568-4458-8678-087916242419,2025-09-28 10:27:15.262+00,8b64432f-befa-4e38-bb61-428e67c4339f,b2678c2e-0855-4a7b-810c-6bb043a69d3d,byte,188,188,2025-09-28 10:27:15.262
76d02a30-ccdc-477f-9a9a-999e45ed686a,2025-10-03 19:31:08.624+00,f968dc8d-b41e-4898-b840-9d116423b0c3,43a719d1-b700-44c8-8176-695050ce0287,summary,265,1287,2025-10-03 19:35:14.389
76e2f0fd-077a-42de-b1ef-6709a78d13fd,2025-09-30 06:45:22.928+00,a151f3f1-eb05-47d2-907d-811a582c7b25,89354efe-b8bc-477a-b9ba-74a8e5c6a7a1,summary,0,0,2025-09-30 06:45:22.928
774e379b-29fb-4105-9f15-34a0b72484a7,2025-10-22 21:47:04.815+00,dcf95cb1-fc75-4dbd-b523-c574f2c57deb,5586ea5b-fa0a-459a-a2e8-75ae214efc02,journey,63,63,2025-10-22 21:47:04.815
777a38f9-6dc6-4c86-aa05-de0e23636179,2025-10-04 10:01:25.203+00,f968dc8d-b41e-4898-b840-9d116423b0c3,a3a943ba-0df0-4645-9019-a05abdd2b030,summary,1349,1349,2025-10-04 10:01:25.203
77a5ebb3-7f34-43fb-91b9-b1d4915c281c,2025-10-18 14:58:21.492+00,66ff7fc6-afce-48fa-8e85-018e3300fe13,f33c7ac5-2da8-4547-908b-da3d4dbb9b26,summary,0,0,2025-10-18 15:11:31.875
77d8e5e7-63ec-4ef6-bdf6-5daf4a513c97,2025-10-10 22:56:56.528+00,b145a2ea-c8e3-4e49-97b5-8082250d9791,d15ac779-ea79-4138-9480-a907bb3430db,journey,280,280,2025-10-10 22:56:56.528
77f8f1ed-d06b-4ba3-b99b-3307017f38e9,2025-09-28 16:01:58.399+00,481b800c-c447-4cd6-a76a-2acea1361ab1,b2678c2e-0855-4a7b-810c-6bb043a69d3d,byte,188,188,2025-09-28 16:01:58.399
784be095-f979-439e-8fc6-c0f8e2313b80,2025-10-07 21:01:35.463+00,905a1fa6-9683-4655-9155-3bc8ff5b9571,43a719d1-b700-44c8-8176-695050ce0287,summary,119,1287,2025-10-07 21:03:15.418
7852d333-5cb3-4fce-8dbd-68da0a69f0d5,2025-10-23 07:03:56.629+00,50a6a4b4-d961-4a17-baa3-e4052fc404a2,2b596717-2692-44b6-a768-5339499c4490,summary,1061,1061,2025-10-23 07:21:28.67
7890b343-ea50-49a0-bf8f-7a72e2e99275,2025-10-14 14:22:04.505+00,d36afa78-6e08-4820-9d2a-10ea6c929bb1,2d242a27-75b5-4952-97fa-b30437cef044,summary,847,851,2025-10-14 14:35:40.565
78990bbd-7aa2-46bb-a23c-e64c81eb9738,2025-10-01 09:38:14.366+00,a0ddde7a-6128-4b0b-bc9d-269e538154c0,c4849c39-d9bd-4072-ba4b-d7ebc057b52d,summary,0,0,2025-10-01 09:38:14.366
78d2280e-0bcc-4d5a-98f7-8f282a5541b5,2025-10-02 12:46:13.74+00,d047d1dd-beba-48e6-bb11-7cd793090d1c,fff5c4ef-4277-44db-a8c4-27ce7aa15ccd,summary,139,1140,2025-10-02 12:48:13.756
7927510a-f5d8-403a-89ce-47be8f666bfc,2025-10-28 16:49:12.894+00,c22c498b-f78c-4a9e-a755-730738be189d,b50e0d58-5ac0-427a-a4de-4b387c1c05b1,summary,1093,1110,2025-10-28 17:08:27.02
792f5eea-e542-412c-9f96-3d536a2eaa12,2025-10-01 10:49:03.734+00,31b159d0-a0c5-462e-8f9b-9c5214282dc7,c4849c39-d9bd-4072-ba4b-d7ebc057b52d,summary,0,0,2025-10-01 10:49:03.734
7a1bc6ad-8b02-46fd-a3b8-bb93c6575090,2025-10-02 22:34:30.768+00,2777c55f-f939-4ca9-afb4-cf9b9f7fa70d,a3a943ba-0df0-4645-9019-a05abdd2b030,summary,19,1337,2025-10-02 22:34:30.768
7a1eb502-11d7-46ac-a381-bf46bc218cee,2025-10-27 13:04:24.134+00,52cc37ce-ff13-48f7-8f54-c599ec854040,16d1baef-8193-4e05-a831-6e389afc66d4,summary,79,1247,2025-10-27 13:05:24.234
7a3e0308-3415-4e66-90d4-92413a54759b,2025-10-15 07:07:21.386+00,b4d380c6-01c0-4967-bd40-fcc9cb023e5d,a3a943ba-0df0-4645-9019-a05abdd2b030,summary,1184,1337,2025-10-15 07:26:46.418
7ab30ee6-b651-4f78-9082-84b388e536ff,2025-10-04 18:28:33.679+00,253b1368-e5a5-4868-a729-1f49d12b4518,c4849c39-d9bd-4072-ba4b-d7ebc057b52d,summary,0,0,2025-10-04 18:28:33.679
7aed527a-27f3-4d77-a61c-252a7843e3ef,2025-10-29 05:03:06.115+00,4813f5f6-c7e7-4cf2-af3a-47d3f3688d5c,5fda1d3b-89a4-4f4c-a046-dd751289ff5f,byte,114,115,2025-10-29 05:04:40.259
7b1c3fe9-f7d5-4183-b2e3-ca91165e3cb6,2025-10-02 18:24:01.737+00,66ff7fc6-afce-48fa-8e85-018e3300fe13,fed3eb8a-0c6c-485b-ac7f-286ce97204f8,byte,29,125,2025-10-02 18:24:01.737
7b3c6b65-67dd-4c04-a35a-038920d345bb,2025-10-16 19:45:30.325+00,21f90a69-9c5a-4fe9-a43b-8145f64b0a62,aec0c8f9-b75a-4edc-8e60-dd7b9e92bcea,summary,412,1022,2025-10-16 19:52:03.035
7b69b86e-8562-4204-98d9-2645ec1a88c6,2025-10-05 11:15:44.818+00,95013c22-5228-4ce3-bc3a-42847256051d,2b596717-2692-44b6-a768-5339499c4490,summary,39,1061,2025-10-05 11:16:04.388
7b722659-775a-4e40-bbbd-77657e1be38f,2025-09-28 21:48:15.082+00,50a6a4b4-d961-4a17-baa3-e4052fc404a2,b50e0d58-5ac0-427a-a4de-4b387c1c05b1,summary,0,0,2025-09-28 21:48:15.082
7bb49063-c696-4f66-bf55-f3b8de25fab6,2025-10-06 11:02:31.909+00,01bf7f60-5cb6-4a19-8dae-a9b38762ddd9,a3a943ba-0df0-4645-9019-a05abdd2b030,summary,19,1337,2025-10-06 11:02:31.909
7bea2c03-02d0-4952-9142-0498775dd849,2025-09-28 06:00:54.236+00,cb72f951-a824-44ee-8cb2-6750da1f2b02,b2678c2e-0855-4a7b-810c-6bb043a69d3d,byte,188,188,2025-09-28 06:00:54.236
7c025e3c-85c5-4a07-97e0-3f7d51ae4ece,2025-10-07 10:51:59.262+00,d74f27c1-9dca-41b5-834e-19c7a6de4452,a3a943ba-0df0-4645-9019-a05abdd2b030,summary,1336,1337,2025-10-07 11:13:55.714
7c9e6746-ca42-4b80-bf1e-12a5b05caa8f,2025-10-01 18:31:42.039+00,3e15083d-0218-43aa-8cf0-9c6d24c4d815,77f3e47f-acf5-4934-b421-d21a394d90d7,byte,125,125,2025-10-01 18:31:42.039
7cbc7179-ef3e-43e2-bca1-ef313d4fffce,2025-10-04 18:08:29.97+00,253b1368-e5a5-4868-a729-1f49d12b4518,c4849c39-d9bd-4072-ba4b-d7ebc057b52d,summary,1118,1186,2025-10-04 18:26:50.334
7d00d2c4-f5fb-4a3a-ad9f-bd3ea1ba1e3c,2025-09-28 09:16:23.282+00,109a71cb-ef14-4888-a761-dc202c4ae961,dea581bb-61a3-47ab-9025-138f0c1b4c7e,byte,123,123,2025-09-28 09:16:23.282
7d15aa8a-9caf-4b40-8111-83963aa2950b,2025-10-18 13:25:06.32+00,f99b5c48-caa1-42d4-b37b-3f9cb7cca1ac,b50e0d58-5ac0-427a-a4de-4b387c1c05b1,summary,1110,1110,2025-10-18 15:19:00.731
7d53fcb9-074d-4880-99f9-769db70762f1,2025-10-19 15:51:16.052+00,5a428934-0c91-4244-b853-67c17d62c72d,7ea24f8e-ccaf-4881-9231-b0c9597ad808,summary,819,1357,2025-10-19 16:04:36.17
7d55c2e2-b0f2-4074-8723-92135445a072,2025-10-08 18:55:25.618+00,e625d8ee-cc04-4fdf-a6fc-8033747a7a75,dec65b67-7026-4455-9b5f-b98fcf6d25c6,summary,738,738,2025-10-08 19:07:24.545
7d903993-80d6-4b5d-83f3-7600dc532c8e,2025-10-04 23:17:02.186+00,b145a2ea-c8e3-4e49-97b5-8082250d9791,0ea68db1-d3ff-4aff-8ab6-ef518f98b21e,journey,163,163,2025-10-04 23:17:06.038
7d9a396a-6570-487e-a14c-1b80c0daa23c,2025-10-03 12:20:23.241+00,d36afa78-6e08-4820-9d2a-10ea6c929bb1,2b596717-2692-44b6-a768-5339499c4490,summary,16,1061,2025-10-03 12:20:23.241
7dd6e53f-0ac7-4148-be92-c06ea7d36291,2025-09-30 23:09:34.046+00,fbfe5856-3143-4668-b421-c68b8c324edb,77f3e47f-acf5-4934-b421-d21a394d90d7,byte,125,125,2025-09-30 23:09:34.046
7ddbc826-b461-4b4e-8bc1-4a7940ad4d4d,2025-10-03 09:14:33.45+00,e655f842-6a47-4716-a45d-cae3a4145e0c,701daffb-6b59-4b3d-a957-27cc4ecf302a,summary,1073,1073,2025-10-03 09:44:39.031
7e001710-5f58-488b-a71c-3a86044ff787,2025-10-03 07:54:01.177+00,afadaed9-0fbc-4917-8ce1-05d290b62982,f33c7ac5-2da8-4547-908b-da3d4dbb9b26,summary,718,789,2025-10-03 08:05:41.155
7e6e415f-e53c-428c-a219-fed5e3474ba4,2025-10-15 08:44:28.055+00,b5b7f47a-8898-4e94-9c1f-f8e41a911506,0ea68db1-d3ff-4aff-8ab6-ef518f98b21e,journey,163,163,2025-10-15 08:44:28.055
7e9cf511-8b20-47fc-836c-4554bcef72d7,2025-10-06 18:14:21.557+00,59cf2089-ef6a-43b0-a3dd-526d868eda05,fd5fd906-de60-4b55-b98d-81caf880229b,journey,212,212,2025-10-06 18:15:11.037
7efdfe38-a937-4af4-99e1-dad790a1d1dc,2025-10-26 09:09:21.458+00,4ff00c71-4cbe-4d66-aba8-8c12c0a0d792,813d0f70-dbd4-4771-abe9-6abdb7dc78d0,journey,69,69,2025-10-26 09:09:24.162
7f1b126b-7008-4848-8c4b-a4e01a2fb403,2025-10-22 09:43:01.877+00,34324cb0-d4c6-46e0-9a81-9f03ee15f2d6,65c01c05-008e-414d-baf3-c954caab7ab0,byte,190,190,2025-10-22 09:43:01.877
7f6d0376-105a-456f-8cdd-8c0a5e642d5e,2025-10-02 13:44:01.987+00,a5a412b5-7ff4-4ed7-9c77-2dba1ec510f2,50355a21-c43a-43a8-a8c3-98a4fc94eb57,summary,1150,1150,2025-10-02 14:17:03.314
7f6d94e9-baee-43ae-831b-b98e9ca4e738,2025-10-06 13:29:37.532+00,d51ba89f-6332-4327-81cd-4e9045fa15ee,b2678c2e-0855-4a7b-810c-6bb043a69d3d,byte,188,188,2025-10-08 07:28:30.436
7fe11b55-9ddf-4e25-84b2-6078acf1d780,2025-10-04 18:28:33.3+00,253b1368-e5a5-4868-a729-1f49d12b4518,c4849c39-d9bd-4072-ba4b-d7ebc057b52d,summary,0,0,2025-10-04 18:28:33.3
7ffb7251-91d3-41a9-b981-c7ac7e2dc5fa,2025-10-22 21:47:05.475+00,dcf95cb1-fc75-4dbd-b523-c574f2c57deb,5586ea5b-fa0a-459a-a2e8-75ae214efc02,journey,63,63,2025-10-22 21:47:05.476
8046e251-a061-44d3-81c0-1f1ca9ef04ca,2025-10-20 13:50:58.763+00,53113f21-0666-46e8-9de3-faf30f6e6682,b50e0d58-5ac0-427a-a4de-4b387c1c05b1,summary,19,1110,2025-10-20 13:50:58.763
8049993b-ef52-416f-95d3-311cb93aa58d,2025-10-07 13:26:12.154+00,a1197f9c-1055-461a-bea1-85bd37f83c9f,77f3e47f-acf5-4934-b421-d21a394d90d7,byte,125,125,2025-10-07 13:27:58.27
8088ef5e-bd7d-4e3c-b475-41460cd40fe0,2025-10-03 12:57:26.048+00,bc60c7e3-3c0a-429d-85fb-a9eea160f52e,c4849c39-d9bd-4072-ba4b-d7ebc057b52d,summary,1179,1179,2025-10-03 12:57:26.048
809ca1f0-776b-42c8-9f43-aac7496e972e,2025-10-07 20:03:06.815+00,34324cb0-d4c6-46e0-9a81-9f03ee15f2d6,f21aa6e2-aefb-4b85-9b36-1b76b2434666,byte,153,153,2025-10-07 20:03:08.198
80a51b21-ea5c-4982-9d4a-9eb11752a825,2025-10-05 13:58:01.456+00,f33681db-6eaa-42d5-b0a7-22cdf6a29b5f,6d308ea0-2973-4ebf-95ff-bc723fcae745,journey,209,209,2025-10-05 13:59:09.281
80ee67c0-8f2d-487a-b65a-d4fd85d16715,2025-10-11 16:49:02.78+00,c620ae18-b997-40d2-ba66-919fe318f73c,b50e0d58-5ac0-427a-a4de-4b387c1c05b1,summary,479,1110,2025-10-11 16:56:42.549
817b1890-36ba-4c4d-b7be-850018d7af1c,2025-10-04 18:38:09.198+00,253b1368-e5a5-4868-a729-1f49d12b4518,be2ad415-2f72-4399-a701-7b0b641fac5c,byte,105,105,2025-10-04 18:40:00.892
817b8a8d-63e7-4f3e-9552-a67d91fa5e90,2025-10-08 23:10:44.661+00,b145a2ea-c8e3-4e49-97b5-8082250d9791,67a18786-4667-4267-908f-6944b5c5a37a,journey,201,201,2025-10-08 23:10:44.661
81edf4b9-64f8-4254-8cd6-a4e060539048,2025-10-24 08:55:07.176+00,78434173-8179-4366-94cf-d0b3b7ee4cdb,2b596717-2692-44b6-a768-5339499c4490,summary,1059,1061,2025-10-24 09:12:26.65
81f07a81-f299-40eb-b83b-002465ffbb92,2025-10-01 13:12:13.046+00,c36a025b-be6b-4ce9-92cd-b52b3470d77c,16d1baef-8193-4e05-a831-6e389afc66d4,summary,0,0,2025-10-01 13:12:13.046
81f5caca-1644-4bbf-a232-a490cc596340,2025-09-30 21:46:29.991+00,9a608b14-ddb5-44f6-b4fa-1a98a0a04ff1,2b596717-2692-44b6-a768-5339499c4490,summary,0,0,2025-09-30 21:46:29.992
822a2bba-6c13-4c97-9846-db3df30978b1,2025-10-19 10:06:39.925+00,c53526da-1139-4d14-bf5f-be7b7354f82d,9181b76c-67a9-4328-9632-3315cfc0b427,summary,919,1348,2025-10-19 10:21:47.631
824c6f10-2b69-4f0d-9a30-7245f604c83f,2025-10-05 15:17:57.566+00,e54cd5c3-76bc-4b95-bd58-f39de409d0cc,77f3e47f-acf5-4934-b421-d21a394d90d7,byte,125,125,2025-10-05 15:17:57.566
82be2932-7bb2-4cb1-a484-5087a136c98d,2025-10-04 23:09:19.924+00,b145a2ea-c8e3-4e49-97b5-8082250d9791,fd5fd906-de60-4b55-b98d-81caf880229b,journey,212,212,2025-10-04 23:09:28.607
82e126f5-85fb-4618-b397-3ab61a9fcfd7,2025-10-24 16:42:43.083+00,e42df817-3bde-47b2-bcb7-d5c9b6be55a9,82e618fa-a346-4b6c-9c72-f42236d97f38,byte,168,168,2025-10-24 16:42:43.083
83354bad-9bf6-45bc-aa9c-b1646a18f3ca,2025-10-01 09:18:04.807+00,a6bec934-c6ef-4422-a7e6-8d0bddeedd2e,50355a21-c43a-43a8-a8c3-98a4fc94eb57,summary,0,0,2025-10-01 09:18:04.807
83adc812-9ed9-492c-a9e7-c27a75f1d6c9,2025-10-04 12:50:11.885+00,dd768840-2d41-48c9-b8ef-392e1a7e1137,b2678c2e-0855-4a7b-810c-6bb043a69d3d,byte,19,188,2025-10-04 12:50:11.885
83d06427-16aa-4938-b095-cc4f7485d0cf,2025-10-21 19:37:59.307+00,49fdefbd-20bb-453e-a099-2c002139e335,43a719d1-b700-44c8-8176-695050ce0287,summary,94,1287,2025-10-21 19:39:19.345
83dad638-ca2f-4e0e-927e-109c5a830982,2025-09-28 11:08:13.938+00,7f6d03cb-e5a8-4ad0-b12c-eaa8becf30c2,43a719d1-b700-44c8-8176-695050ce0287,summary,0,0,2025-09-28 11:08:13.938
83f6b657-91b1-4b5c-b62b-44702618a84e,2025-10-26 09:12:09.018+00,4ff00c71-4cbe-4d66-aba8-8c12c0a0d792,6e6d17b0-2505-4d65-8361-7ffbfa80bec3,journey,152,152,2025-10-26 09:12:17.08
844d7da7-cfd2-409e-ab5c-0f8933513b98,2025-10-25 14:18:05.93+00,23faf055-98fd-47db-b69a-36266ea723ec,dec65b67-7026-4455-9b5f-b98fcf6d25c6,summary,184,738,2025-10-25 14:19:25.985
84575609-9e44-4b7a-92ed-85532f5b1ded,2025-10-21 17:11:29.428+00,c977ed2f-819e-4ade-a099-cf79bcf4b373,4e9f1799-8847-4fe5-9310-d01ffe5dd2c0,summary,79,1207,2025-10-21 17:12:29.458
8490a1a5-2701-4e07-aaf7-19fab3fb2a67,2025-09-28 09:16:11.204+00,109a71cb-ef14-4888-a761-dc202c4ae961,dea581bb-61a3-47ab-9025-138f0c1b4c7e,byte,123,123,2025-09-28 09:16:11.204
84971ffb-8283-4421-a184-bdb78da38c2d,2025-10-02 11:03:13.731+00,de77bf96-b55c-4f71-b2e0-1421c0c71e43,b2678c2e-0855-4a7b-810c-6bb043a69d3d,byte,188,188,2025-10-02 11:03:13.731
84b8ab71-3bb3-41f7-a900-2e885b44effc,2025-10-09 22:52:20.33+00,9a5d6755-5a4a-4535-893a-abb646f217d2,a3a943ba-0df0-4645-9019-a05abdd2b030,summary,1349,1349,2025-10-11 22:27:21.52
854898f7-9e57-41bd-bc7a-2ba7eb5542c0,2025-09-28 12:46:31.386+00,67af1c62-3407-4fe3-b7d5-c71a2796e734,d104220f-2003-4618-9076-5f4594460a47,byte,184,184,2025-09-28 12:46:31.386
854abdbd-e524-490c-97be-491a94818bbc,2025-10-02 12:05:33.235+00,d9e08100-5873-4947-b2e0-5f2c7c9a9c07,50355a21-c43a-43a8-a8c3-98a4fc94eb57,summary,0,0,2025-10-02 12:05:33.235
856c7db6-814f-497d-be94-821145447aaf,2025-10-06 18:19:51.514+00,59cf2089-ef6a-43b0-a3dd-526d868eda05,99e9ec76-b71c-4a16-b4df-5a27218d2590,journey,247,247,2025-10-06 18:19:51.514
858d5b1b-7215-4486-94dd-94d819b1a9df,2025-09-28 14:55:48.579+00,2c3ea2b9-f142-4799-a5c1-c01678dc96e7,b50e0d58-5ac0-427a-a4de-4b387c1c05b1,summary,0,0,2025-09-28 14:55:48.579
85d20017-97f0-4aab-86a7-39c0adb9abfc,2025-09-30 07:28:55.232+00,432d579f-7c9a-4364-9eb2-d86579c42dbc,2b596717-2692-44b6-a768-5339499c4490,summary,0,0,2025-09-30 07:28:55.232
86087faf-e6c8-4aa8-a420-cadd627805e9,2025-10-03 07:37:21.334+00,899d5230-e6fb-4358-971f-6101e4f52637,77f3e47f-acf5-4934-b421-d21a394d90d7,byte,125,125,2025-10-03 07:39:15.393
862fe25a-a371-40bd-bc00-5b0f7fbd2824,2025-10-05 20:38:34.037+00,df86f171-91da-43cc-85bd-9cd64b867235,4e9f1799-8847-4fe5-9310-d01ffe5dd2c0,summary,19,1207,2025-10-05 20:39:44.165
8675d9d5-e205-4e7a-9c53-9227d87735c4,2025-10-04 09:37:55.287+00,f968dc8d-b41e-4898-b840-9d116423b0c3,a3a943ba-0df0-4645-9019-a05abdd2b030,summary,1337,1337,2025-10-04 10:00:30.051
86908f4f-198d-4f46-b2e1-9cd8dd1cedd5,2025-10-02 17:09:47.066+00,8984f475-91e0-48ac-baca-35d7ec755c9c,c4849c39-d9bd-4072-ba4b-d7ebc057b52d,summary,0,0,2025-10-02 17:09:47.066
86919396-3cf2-43a9-a3c8-9a7e86cd23f5,2025-10-16 13:18:56.7+00,c4187179-4849-4f48-87f9-a0b99974a703,a3a943ba-0df0-4645-9019-a05abdd2b030,summary,859,1337,2025-10-16 13:32:56.99
8696de79-01fa-483e-b0eb-22902f491aa1,2025-10-07 22:29:57.22+00,b457d7eb-b976-4d09-9d21-e70bac5e6c86,8b9325d4-5472-4dcc-8bb6-4c5cc9074280,byte,126,126,2025-10-07 22:31:44.494
86a321c4-529f-4bb9-b971-ff39f0766e88,2025-10-03 12:56:33.453+00,bc60c7e3-3c0a-429d-85fb-a9eea160f52e,c4849c39-d9bd-4072-ba4b-d7ebc057b52d,summary,1179,1179,2025-10-03 12:56:33.453
86d3b031-6abd-4d7f-be85-81079f122fde,2025-10-06 20:43:58.354+00,daa21ec4-2cd2-4724-bf63-eec668de557f,8b9325d4-5472-4dcc-8bb6-4c5cc9074280,byte,126,126,2025-10-06 20:45:46.484
870b8d69-49f4-48d6-884f-66405599b21d,2025-10-15 13:29:32.809+00,4b4a523d-68cf-406b-a675-57e1f35a6a29,b05f8d22-08e0-4744-91be-6c45e684d2fa,summary,139,784,2025-10-15 13:31:32.81
8737407c-b1f9-4e36-bc4c-f26e5d7b1d9f,2025-10-09 09:44:27.8+00,b5b7f47a-8898-4e94-9c1f-f8e41a911506,813d0f70-dbd4-4771-abe9-6abdb7dc78d0,journey,69,69,2025-10-09 09:44:51.425
8738e2d6-4bdf-4052-bc52-071d174a39fd,2025-10-06 21:10:04.989+00,51a80a94-3cd0-45ec-8c0d-dfdf02a6bda4,2b596717-2692-44b6-a768-5339499c4490,summary,652,1061,2025-10-06 21:20:52.015
875d028b-42c6-44c1-82da-2be2935a398a,2025-10-10 15:17:21.206+00,dbd8e676-5d46-40c3-80f5-01a7b46d8f30,be2ad415-2f72-4399-a701-7b0b641fac5c,byte,105,105,2025-10-10 15:28:17.541
87aef533-b776-4909-b424-2931e74b8f65,2025-10-09 23:40:27.851+00,2e63bbdf-8c41-4fe2-b626-b205b44c7d67,09e639ce-3634-416f-bfea-be3e8d9e7875,summary,451,1116,2025-10-09 23:47:48.168
87dbb81e-4e9c-4a77-ad94-6cfd6407c95c,2025-10-03 21:53:33.052+00,bc60c7e3-3c0a-429d-85fb-a9eea160f52e,a3a943ba-0df0-4645-9019-a05abdd2b030,summary,1349,1349,2025-10-07 12:52:47.697
8825b756-2a1a-4ee4-9d8a-8b079a716208,2025-10-05 21:45:25.973+00,81294334-c0fb-4d01-9a97-8f43dbd0943e,43a719d1-b700-44c8-8176-695050ce0287,summary,1287,1287,2025-10-06 21:55:04.642
88469282-b18a-452e-b542-284df52f0c84,2025-09-28 11:15:00.011+00,9197f0c3-2f61-409a-b6bb-c38b718d6e23,dea581bb-61a3-47ab-9025-138f0c1b4c7e,byte,123,123,2025-09-28 11:15:00.011
8866121c-2fbb-4067-8041-aa3755bb0c8d,2025-10-19 23:14:55.835+00,2acc0b7d-d3fd-4d09-b517-9dd376361def,43a719d1-b700-44c8-8176-695050ce0287,summary,19,1287,2025-10-19 23:14:55.835
887cd7cf-6980-438c-a3a4-cad7621af91f,2025-10-21 10:43:24.157+00,3dd5a388-a889-49d6-945c-8e4018e03122,ffef9923-95a8-41e3-859c-61e2f3c6c441,byte,135,135,2025-10-21 10:45:47.54
88b252c1-04d3-4157-a81e-f38be5eb6462,2025-10-02 10:06:21.337+00,c9324c15-0fbb-4e75-bdbb-3b5961ceff1f,c4849c39-d9bd-4072-ba4b-d7ebc057b52d,summary,41,1186,2025-10-02 10:06:43.507
88b2c65e-63c6-42fd-8e4d-033da911baf9,2025-10-04 19:26:36.103+00,8a8a5fed-a303-48e9-a188-4ccde6153e40,43a719d1-b700-44c8-8176-695050ce0287,summary,0,0,2025-10-04 19:49:07.796
88b7dba4-0083-42c8-9cc8-e7300585d80e,2025-10-04 22:18:44.461+00,b145a2ea-c8e3-4e49-97b5-8082250d9791,e4241bfc-38d6-4080-a1ac-afe21e5a9d2b,journey,426,426,2025-10-04 22:18:47.037
892efa60-28bc-4a1a-acb0-df6402fa472b,2025-09-30 23:09:33.254+00,fbfe5856-3143-4668-b421-c68b8c324edb,77f3e47f-acf5-4934-b421-d21a394d90d7,byte,125,125,2025-09-30 23:09:33.254
89318007-6f98-427e-a3f7-d8c9e2b8934f,2025-09-28 11:23:17.093+00,5db78d73-805d-4388-8d41-123926313d3c,b2678c2e-0855-4a7b-810c-6bb043a69d3d,byte,188,188,2025-09-28 11:23:17.093
897f5db3-7708-4e58-8ae3-dc40fc3e7bd3,2025-10-09 15:28:14.49+00,824d3f93-b1de-4da2-af4a-9044c93fc354,ffef9923-95a8-41e3-859c-61e2f3c6c441,byte,135,135,2025-10-09 15:30:11.202
8995c024-9e65-404b-bb13-5e99a5f303fb,2025-10-09 23:20:19.939+00,2e63bbdf-8c41-4fe2-b626-b205b44c7d67,b50e0d58-5ac0-427a-a4de-4b387c1c05b1,summary,691,1110,2025-10-09 23:33:29.921
899cc908-a873-4b91-9a27-d9cb35b2860b,2025-09-29 21:18:59.879+00,06e3b959-1fb5-4263-93ae-082b6011e4cb,dea581bb-61a3-47ab-9025-138f0c1b4c7e,byte,123,123,2025-09-29 21:18:59.879
89bd3bb0-9c56-4956-acda-9e7252035d59,2025-10-10 08:13:30.877+00,172a8453-2dce-488a-8984-f4c7de0ecc56,c4849c39-d9bd-4072-ba4b-d7ebc057b52d,summary,79,1186,2025-10-10 08:14:31.079
89c88226-7a70-4796-ba1e-0278554e954b,2025-10-04 06:24:45.502+00,cfd11b8b-ffd2-4e55-a4de-253950a44e48,b50e0d58-5ac0-427a-a4de-4b387c1c05b1,summary,1095,1095,2025-10-04 06:24:45.502
89edf084-2239-49aa-a7de-61371e8292e8,2025-10-10 08:20:26.868+00,421e1df4-346b-4bda-a248-995a7cce8c0c,c747a916-df40-4c6b-ac2d-4f7b90f39e01,byte,204,204,2025-10-10 08:23:31.073
8a222c4e-a851-4170-bcd9-6a48c125ddc8,2025-09-30 06:39:17.044+00,2f2af87b-1a51-4ae9-885c-39765dce0af8,701daffb-6b59-4b3d-a957-27cc4ecf302a,summary,0,0,2025-09-30 06:39:17.044
8a275c28-6670-48f6-b51f-05657e78bf7c,2025-09-30 05:49:03.584+00,8569795b-60e0-48af-98de-86ff798002e8,be2ad415-2f72-4399-a701-7b0b641fac5c,byte,105,105,2025-09-30 05:49:03.584
8a3d18e1-2c1b-4f62-853c-d058e7b4bd9b,2025-10-16 13:52:54.843+00,d36afa78-6e08-4820-9d2a-10ea6c929bb1,813d0f70-dbd4-4771-abe9-6abdb7dc78d0,journey,69,69,2025-10-16 13:53:36.355
8a4db3a5-7c85-4085-8f1e-19bfe87c0958,2025-10-25 15:31:28.163+00,72562734-9adc-40ba-9990-1ff517f1fab1,9181b76c-67a9-4328-9632-3315cfc0b427,summary,39,1348,2025-10-25 15:31:28.163
8a609fef-d6a9-46cf-9658-06b9fa5a5da2,2025-10-03 10:20:17.252+00,f3562d08-93c6-4ad9-98b8-b8115d4da18b,b50e0d58-5ac0-427a-a4de-4b387c1c05b1,summary,393,1110,2025-10-03 10:27:17.69
8a80be08-d70e-49f9-8901-fb83775469f0,2025-10-01 08:04:00.146+00,44b5b8fc-7afa-4a24-abd3-99a4cf0fda17,3bf7254b-f2c6-4d5d-854f-67bc3c6bcca7,summary,0,0,2025-10-01 08:04:00.146
8a9c6b9c-1bd9-40fe-9904-813a6e1ea913,2025-10-03 07:42:08.697+00,82fbb04c-e54d-4637-97d7-336607c7d58e,43a719d1-b700-44c8-8176-695050ce0287,summary,0,0,2025-10-03 07:42:08.697
8ab671e7-9f70-4078-9cc0-90287bfeeb36,2025-10-01 10:28:22.116+00,f968dc8d-b41e-4898-b840-9d116423b0c3,9181b76c-67a9-4328-9632-3315cfc0b427,summary,0,0,2025-10-01 10:28:22.116
8ab78727-8785-480d-977a-ae12917f3867,2025-10-04 11:16:56.785+00,c4187179-4849-4f48-87f9-a0b99974a703,4e9f1799-8847-4fe5-9310-d01ffe5dd2c0,summary,0,0,2025-10-04 11:16:56.785
8addcbdf-968d-4d6f-8ddd-231a3e9a29e0,2025-10-04 11:38:08.648+00,daa21ec4-2cd2-4724-bf63-eec668de557f,af559fea-9185-472a-b280-3bdf4df8b76c,summary,0,0,2025-10-04 11:38:08.648
8b61bb73-18f8-48ed-80ea-5e35c9cd4a2c,2025-10-29 07:51:30.261+00,43185597-3d25-4ef5-a094-4f1a2015b948,fd5fd906-de60-4b55-b98d-81caf880229b,journey,212,212,2025-10-29 07:51:30.261
8b659231-e498-4508-a906-e42c737a3053,2025-10-01 07:30:23.104+00,e625d8ee-cc04-4fdf-a6fc-8033747a7a75,a1c8d32b-6a00-4426-866a-4f25cbcf7d50,byte,149,149,2025-10-01 07:30:23.104
8b7f6542-d6d3-459e-9ca7-17963116299b,2025-09-30 11:36:17.375+00,a6543297-d642-461e-97b4-00d936baae48,77f3e47f-acf5-4934-b421-d21a394d90d7,byte,125,125,2025-09-30 11:36:17.375
8bdc7d40-7519-4581-975b-c245eb037d26,2025-10-02 19:23:19.268+00,0b9da81b-9147-48b0-92b0-41d4a835dd2a,c4849c39-d9bd-4072-ba4b-d7ebc057b52d,summary,1186,1186,2025-10-02 19:43:00.082
8bee68fe-31d3-48d8-bb19-5146561de9c6,2025-10-03 05:45:52.457+00,78d7ec64-6991-4db8-8236-c7590fee5ade,c4849c39-d9bd-4072-ba4b-d7ebc057b52d,summary,1179,1179,2025-10-03 05:45:52.457
8bf97a0d-52b9-4097-baea-3668eb4038c5,2025-10-03 17:50:41.774+00,a2cc3311-3823-4082-8c01-0635f4a0bd8c,c725d17c-04cd-4ebb-afb4-2445b97f84cc,summary,0,0,2025-10-03 17:50:41.774
8c3ff736-f059-42b2-9f15-d7f5925c1c82,2025-09-27 12:43:46.525+00,d663c5b2-1f6e-4730-b8f1-8a2c4130c0d8,b2678c2e-0855-4a7b-810c-6bb043a69d3d,byte,188,188,2025-09-27 12:43:46.525
8cab8dc8-6050-4260-9c62-3040b95152d7,2025-09-27 18:20:27.681+00,6ea7a500-9fc3-4e9b-84eb-53e4f5144204,77f3e47f-acf5-4934-b421-d21a394d90d7,byte,125,125,2025-09-27 18:20:27.681
8cb45963-817b-4835-b468-81a7ac257efa,2025-09-29 12:46:42.855+00,87ea3090-6dfc-4b88-87cd-8e9ee43b29c9,4e9f1799-8847-4fe5-9310-d01ffe5dd2c0,summary,0,0,2025-09-29 12:46:42.855
8cbdfb93-5daa-40e4-8f19-4a1b4e40f7d0,2025-10-04 18:28:33.264+00,253b1368-e5a5-4868-a729-1f49d12b4518,c4849c39-d9bd-4072-ba4b-d7ebc057b52d,summary,0,0,2025-10-04 18:28:33.264
8ce333cd-2d95-4684-838f-70a1da10d8ce,2025-09-29 12:12:02.206+00,1854b51f-eeb3-4bef-8940-763f5f6aba93,43a719d1-b700-44c8-8176-695050ce0287,summary,0,0,2025-09-29 12:12:02.206
8ce8d8d9-c821-4655-9ddc-09bc486b4a9b,2025-09-30 12:55:37.152+00,5df84569-d1b8-4fb6-804d-e5248d00e953,77f3e47f-acf5-4934-b421-d21a394d90d7,byte,125,125,2025-09-30 12:55:37.152
8d5cc4e2-64a2-40de-8366-587e9f86acce,2025-10-05 06:59:06.887+00,81294334-c0fb-4d01-9a97-8f43dbd0943e,e3d7dfe2-ad6c-4b4c-a501-986c05dd9ad3,summary,39,1250,2025-10-05 06:59:27.007
8d68a09a-c398-40cd-bf32-4d225cfa2db9,2025-10-26 06:50:19.883+00,f908b748-b979-4fc5-82cf-741227a9725b,b8c04b2d-4a4d-44d8-907b-ff53044e55d2,journey,156,156,2025-10-26 06:50:28.329
8d9d4ffb-4b22-41ab-86f7-782d02cc4ff6,2025-10-05 14:22:55.377+00,f33681db-6eaa-42d5-b0a7-22cdf6a29b5f,b54645b7-07bd-49c8-81bf-b4b6ea5cad2c,journey,234,234,2025-10-05 14:22:55.377
8df0197b-1c5c-4f0a-aa3f-0606235514a5,2025-10-03 11:33:53.745+00,bc60c7e3-3c0a-429d-85fb-a9eea160f52e,43a719d1-b700-44c8-8176-695050ce0287,summary,1269,1269,2025-10-03 11:33:53.745
8e65a0b2-e9ed-4e0b-9621-51393c04353c,2025-09-30 21:31:00.637+00,e2d7a9b6-c2f6-486b-b2e2-9856f4e6339f,77f3e47f-acf5-4934-b421-d21a394d90d7,byte,125,125,2025-09-30 21:31:00.637
8e663243-dbff-47b4-ad1b-119fdf2007c5,2025-10-26 15:02:22.905+00,a5a412b5-7ff4-4ed7-9c77-2dba1ec510f2,b50e0d58-5ac0-427a-a4de-4b387c1c05b1,summary,1109,1110,2025-10-26 15:20:32.91
8e75ede5-3151-49c2-9720-9bb445cfa864,2025-10-21 19:13:28.655+00,955f3693-1837-4319-a3ef-c9cc4c569452,43a719d1-b700-44c8-8176-695050ce0287,summary,1269,1269,2025-10-21 19:17:11.995
8e76842d-881d-4bce-89cd-652c016e131c,2025-10-25 13:34:28.108+00,6d541539-b8b3-4d9d-8ee6-52090fa54929,e155399f-9d75-4060-9ea3-5bb24c6662ad,byte,39,119,2025-10-25 13:34:48.132
8e8b430a-6b95-412e-8efb-8d50ba652ea5,2025-10-09 21:44:30.737+00,63ff93f6-c68b-4a0b-9b87-178bd92dd059,a3a943ba-0df0-4645-9019-a05abdd2b030,summary,219,1337,2025-10-09 21:47:50.43
8e95fa96-ccff-4421-9248-23b04985664c,2025-10-02 21:29:40.885+00,78d7ec64-6991-4db8-8236-c7590fee5ade,701daffb-6b59-4b3d-a957-27cc4ecf302a,summary,1073,1073,2025-10-02 21:40:41.497
8f08f680-399f-48dc-a6ec-000055a35eeb,2025-10-18 08:26:47.541+00,9a5d6755-5a4a-4535-893a-abb646f217d2,c4849c39-d9bd-4072-ba4b-d7ebc057b52d,summary,1179,1179,2025-10-18 08:47:16.951
8f0a66c0-713a-4770-b848-eb0390ff2234,2025-09-28 20:00:33.907+00,f4d207bb-65a7-49fb-8ca4-b2f1a5752860,b50e0d58-5ac0-427a-a4de-4b387c1c05b1,summary,0,0,2025-09-28 20:00:33.907
8f57a947-b5db-4240-b30b-db84e1649217,2025-10-09 22:47:09.04+00,9a5d6755-5a4a-4535-893a-abb646f217d2,43a719d1-b700-44c8-8176-695050ce0287,summary,1269,1269,2025-10-17 09:26:22.012
8f6848d3-fed2-46c2-bce4-208dbee37ea1,2025-10-08 23:32:01.167+00,b145a2ea-c8e3-4e49-97b5-8082250d9791,b54645b7-07bd-49c8-81bf-b4b6ea5cad2c,journey,234,234,2025-10-08 23:32:01.167
8f8793f8-ae0a-4cf2-aec6-88152f5411ec,2025-10-04 06:24:43.573+00,cfd11b8b-ffd2-4e55-a4de-253950a44e48,b50e0d58-5ac0-427a-a4de-4b387c1c05b1,summary,1095,1095,2025-10-04 06:24:43.573
8ff9e51f-f184-4fc4-a62b-2d3d3dfaf5fc,2025-10-04 07:29:18.88+00,a2cc3311-3823-4082-8c01-0635f4a0bd8c,43a719d1-b700-44c8-8176-695050ce0287,summary,39,1287,2025-10-04 07:29:38.985
902bbcc4-a297-4e40-99c4-a46f7658f69d,2025-09-29 12:07:31.656+00,22013dce-42c3-4c18-889f-0ad995dc045e,43a719d1-b700-44c8-8176-695050ce0287,summary,0,0,2025-09-29 12:07:31.656
9039475c-c239-4fb8-bec9-c09977ba1ca7,2025-10-03 11:54:14.375+00,ce4aa274-e3bc-450c-8ee8-0bb864c45d71,50355a21-c43a-43a8-a8c3-98a4fc94eb57,summary,1133,1150,2025-10-03 12:09:37.435
90920c0d-87b8-4a9b-87e4-e0d8f8aabc4a,2025-10-07 17:20:24.787+00,460ee699-b8d9-4b45-909f-f73a565fee61,b50e0d58-5ac0-427a-a4de-4b387c1c05b1,summary,1109,1110,2025-10-07 17:38:34.131
90f60ae1-46c4-49c5-9401-b878220a56f2,2025-09-27 12:43:48.405+00,d663c5b2-1f6e-4730-b8f1-8a2c4130c0d8,b2678c2e-0855-4a7b-810c-6bb043a69d3d,byte,188,188,2025-09-27 12:43:48.405
911312d6-0f8a-478b-a3c2-ede983e54845,2025-10-12 21:09:06.611+00,03052f2a-6e17-4e3c-8d87-34476e3cdb69,59218631-e747-444e-b35d-c74b250f3a55,byte,107,107,2025-10-12 21:10:38.075
916eedd3-0325-402e-b22f-50bcab95fc69,2025-10-16 04:32:42.263+00,fbfe5856-3143-4668-b421-c68b8c324edb,b2678c2e-0855-4a7b-810c-6bb043a69d3d,byte,188,188,2025-10-29 04:29:58.807
919aa72e-33f4-4894-8e65-3da015a05a2a,2025-10-27 12:51:22.82+00,beb878af-e5f4-4b33-a0a2-e2726f9f6957,c4849c39-d9bd-4072-ba4b-d7ebc057b52d,summary,1179,1179,2025-10-27 12:51:24.148
91d96adc-d938-4690-8666-2eefeb23e64b,2025-10-18 19:49:05.258+00,6f2b03be-9399-45c7-8456-dd10bed6e402,c4849c39-d9bd-4072-ba4b-d7ebc057b52d,summary,0,0,2025-10-18 20:08:46.88
91ec95ca-18af-4212-b1d3-63b60f40881c,2025-09-30 12:59:26.245+00,a1197f9c-1055-461a-bea1-85bd37f83c9f,b2678c2e-0855-4a7b-810c-6bb043a69d3d,byte,188,188,2025-09-30 12:59:26.245
928e1aa2-2244-4742-9fb3-388e71e70693,2025-10-12 13:54:38.319+00,37273563-380f-4728-9fad-1242421d01ab,a1c8d32b-6a00-4426-866a-4f25cbcf7d50,byte,148,149,2025-10-12 13:56:46.574
92bc87fc-7bed-4818-bbcc-5f44d5322469,2025-10-18 09:12:07.989+00,d90115bf-3648-4832-85f1-94c2cb12a94f,a3a943ba-0df0-4645-9019-a05abdd2b030,summary,79,1337,2025-10-18 09:13:07.966
92cd7dad-c28c-44e2-b55e-361fc0313389,2025-10-10 10:21:11.962+00,f8566379-c8fd-426d-b219-401ae9906724,b50e0d58-5ac0-427a-a4de-4b387c1c05b1,summary,1095,1095,2025-10-10 10:21:11.962
92dabb88-9a0d-4f19-9a54-4a2db8102212,2025-10-08 14:14:57.236+00,de77bf96-b55c-4f71-b2e0-1421c0c71e43,ffef9923-95a8-41e3-859c-61e2f3c6c441,byte,134,135,2025-10-08 14:18:27.637
92f15fb1-75ac-4c58-afce-708b1527178f,2025-10-15 11:18:32.935+00,de77bf96-b55c-4f71-b2e0-1421c0c71e43,9b26c1d9-d49a-41a0-a7c0-2ead9d60995d,journey,275,275,2025-10-15 11:18:32.935
92f21b24-c0a3-4525-a7b1-1f402b4d673f,2025-09-27 15:44:10.732+00,0f63e24b-b5c7-44a1-8546-c816391c02a6,b2678c2e-0855-4a7b-810c-6bb043a69d3d,byte,188,188,2025-09-27 15:44:10.732
92f2c29e-0c2d-44cb-b12d-93e2f97b520d,2025-10-04 11:16:56.789+00,c4187179-4849-4f48-87f9-a0b99974a703,4e9f1799-8847-4fe5-9310-d01ffe5dd2c0,summary,0,0,2025-10-04 11:16:56.789
93100daf-b4f1-4097-a528-31b4f9c1a87a,2025-10-27 04:55:18.341+00,6f2b03be-9399-45c7-8456-dd10bed6e402,d6366c7b-6b7f-455d-b743-b4a509e4a1df,byte,123,123,2025-10-27 04:55:18.341
931d52a8-5fd0-491f-9b38-55fd192c1b19,2025-10-03 11:33:52.188+00,bc60c7e3-3c0a-429d-85fb-a9eea160f52e,43a719d1-b700-44c8-8176-695050ce0287,summary,1269,1269,2025-10-03 11:33:52.188
9335a1e9-c176-48b0-b0cb-7d5a046e061c,2025-10-08 08:36:55.357+00,82b73b21-2c77-43c8-8dc8-eb9f73944add,c4849c39-d9bd-4072-ba4b-d7ebc057b52d,summary,1179,1179,2025-10-08 10:44:41
933c95b8-93ad-4043-af4a-7bb5fca79415,2025-10-02 11:50:25.292+00,e54cd5c3-76bc-4b95-bd58-f39de409d0cc,c4849c39-d9bd-4072-ba4b-d7ebc057b52d,summary,1179,1179,2025-10-02 11:50:25.292
935845f0-5828-4d02-80ba-4f9bbd168276,2025-10-15 11:59:35.924+00,1facf653-9906-4690-9b69-bb61cb72cf22,aec0c8f9-b75a-4edc-8e60-dd7b9e92bcea,summary,898,1021,2025-10-15 12:14:15.889
9367fa52-f885-433a-94c1-07427b2400ca,2025-10-05 18:00:07.934+00,ab2ffb28-26d1-45da-aca8-af1810891ba3,b50e0d58-5ac0-427a-a4de-4b387c1c05b1,summary,180,1110,2025-10-05 18:02:50.139
938e941d-ada1-4686-8cec-baf5d57a8cb4,2025-10-13 12:01:11.66+00,d7c46550-66b8-4124-91c3-fff15fd34421,43a719d1-b700-44c8-8176-695050ce0287,summary,659,1287,2025-10-13 12:11:51.623
93fcc698-9fb1-4245-9fde-0f0f0088cb6d,2025-10-26 18:08:55.13+00,da7b7dd2-c3a2-44fa-9a93-90352b3e7871,43a719d1-b700-44c8-8176-695050ce0287,summary,0,0,2025-10-26 18:30:44.055
9454e96a-21a3-4d45-b306-8a3fd9c18dc1,2025-10-19 09:15:04.982+00,2a253097-ba8c-487f-a44c-d053f0c04ce3,43a719d1-b700-44c8-8176-695050ce0287,summary,1269,1269,2025-10-19 09:15:06.716
948e9056-5a72-459b-8ea6-f86f4780f72a,2025-10-02 11:07:01.129+00,c9324c15-0fbb-4e75-bdbb-3b5961ceff1f,64163358-aacd-4059-9f1c-e74d841576d8,journey,89,89,2025-10-02 11:07:01.129
94bb13f1-6cbf-43af-9468-39d135d3e437,2025-10-04 06:24:45.339+00,cfd11b8b-ffd2-4e55-a4de-253950a44e48,b50e0d58-5ac0-427a-a4de-4b387c1c05b1,summary,1095,1095,2025-10-04 06:24:45.339
950c3154-eb74-4b4f-ad29-473d3f488c7e,2025-09-27 11:07:17.797+00,f4d207bb-65a7-49fb-8ca4-b2f1a5752860,43a719d1-b700-44c8-8176-695050ce0287,summary,0,0,2025-09-27 11:07:17.797
95446913-3a04-4599-a4cd-488f218b8c73,2025-10-20 06:44:47.32+00,d51ba89f-6332-4327-81cd-4e9045fa15ee,e3d7dfe2-ad6c-4b4c-a501-986c05dd9ad3,summary,1250,1250,2025-10-26 11:21:10.619
956c50b4-f43c-43e6-bcfc-5379506e72b7,2025-10-14 16:45:46.754+00,c5109255-6f8a-4103-91de-8dfe1c98e5a4,57d9239c-fc09-4061-842f-ed19f19831aa,byte,19,128,2025-10-14 16:45:46.754
958ffe86-7015-4cb3-aacd-d5bab5f4ded4,2025-10-02 18:48:41.332+00,88a80c38-2e12-4dd6-9804-71cf02548cf9,b50e0d58-5ac0-427a-a4de-4b387c1c05b1,summary,1095,1095,2025-10-02 18:48:41.332
96494445-2a6f-4078-be44-3d42dca24473,2025-10-18 16:36:00.065+00,34324cb0-d4c6-46e0-9a81-9f03ee15f2d6,8d72d7ad-501b-4d4c-9cf6-7539977c1c34,byte,224,224,2025-10-18 16:36:00.065
9650d958-a65a-471a-a4b6-f86952565e07,2025-10-07 09:17:11.608+00,6c26c45b-96e0-44a0-83ee-b2fccf681bbd,a3a943ba-0df0-4645-9019-a05abdd2b030,summary,939,1337,2025-10-07 09:32:31.514
9654178d-3f67-4ac9-9655-f84a3d205f5e,2025-10-07 22:53:06.883+00,494578f6-d4af-476b-8f1f-e31d8e04563b,a3a943ba-0df0-4645-9019-a05abdd2b030,summary,593,1337,2025-10-07 23:03:47.056
96633bf7-078a-4fcf-90e7-d651c623be8a,2025-10-06 14:06:40.215+00,53adf331-ba16-4de5-affa-a8b40cb08ab5,b50e0d58-5ac0-427a-a4de-4b387c1c05b1,summary,99,1110,2025-10-06 14:08:00.215
96663da0-4ba2-4abd-8c21-7f9827dacc4d,2025-10-18 07:00:09.595+00,8718ff60-93ee-4bf9-b0e9-672e1fde4dc4,6e6d17b0-2505-4d65-8361-7ffbfa80bec3,journey,152,152,2025-10-18 07:00:09.595
9674edf8-2051-44b7-94fd-c74283462f9a,2025-10-11 06:06:51.275+00,1694587a-3932-4cdd-bf65-de65b67d3a75,aec0c8f9-b75a-4edc-8e60-dd7b9e92bcea,summary,1022,1022,2025-10-11 06:06:51.275
96878f7b-f30c-4f0f-b5bc-16e79a8790de,2025-10-01 07:58:45.71+00,c4df85c0-f417-4558-b340-1463ccaafb53,b50e0d58-5ac0-427a-a4de-4b387c1c05b1,summary,0,0,2025-10-01 07:58:45.71
969030ce-5f1c-4c3d-936b-9dd54ecc6f1b,2025-10-16 21:01:22.341+00,6a60de4f-16fd-4de3-a742-d8705a513283,2b596717-2692-44b6-a768-5339499c4490,summary,537,1061,2025-10-16 21:10:00.853
97662e8a-f4fd-4f59-8b5e-b3cd7d3b42d4,2025-10-27 06:04:54.568+00,6d88c8ce-c548-4345-ba3a-4bb68e205cd7,b8c04b2d-4a4d-44d8-907b-ff53044e55d2,journey,156,156,2025-10-27 06:04:54.568
976bd477-8803-4cb4-b6f4-40643d85ae10,2025-10-19 17:23:33.468+00,94071b50-1c8b-44d9-b448-7bdfd3c80f04,fff5c4ef-4277-44db-a8c4-27ce7aa15ccd,summary,39,1140,2025-10-19 17:23:53.51
977ba9e6-2426-491a-ac02-889d463f093b,2025-10-14 23:07:07.605+00,421e1df4-346b-4bda-a248-995a7cce8c0c,50355a21-c43a-43a8-a8c3-98a4fc94eb57,summary,819,1150,2025-10-14 23:20:27.615
9796a277-0ec1-40e0-ba32-5278dd0e4bc0,2025-10-09 11:36:46.986+00,06cb0444-1e85-49a6-9468-acedd6b4d952,4e9f1799-8847-4fe5-9310-d01ffe5dd2c0,summary,0,0,2025-10-09 11:36:46.986
979f6b0c-4fbf-486d-92d6-4ff52147664f,2025-10-15 08:44:28.063+00,b5b7f47a-8898-4e94-9c1f-f8e41a911506,0ea68db1-d3ff-4aff-8ab6-ef518f98b21e,journey,163,163,2025-10-15 08:44:28.063
97c76d27-208b-46b4-a006-ce9f5f5a7d97,2025-10-16 05:26:49.069+00,85654ed7-c814-4bb2-b61f-6a5b7678b46e,50355a21-c43a-43a8-a8c3-98a4fc94eb57,summary,1150,1150,2025-10-16 06:31:02.114
97d96c9f-1fe2-43c5-9a67-d25147952e77,2025-10-18 20:09:29.87+00,6f2b03be-9399-45c7-8456-dd10bed6e402,a3a943ba-0df0-4645-9019-a05abdd2b030,summary,1337,1337,2025-10-18 21:01:17.699
98303eb6-c17a-4cbb-a8d8-9a223495f1d6,2025-09-29 12:52:21.337+00,aee29863-c42a-438d-b5c4-bdecb49af3a7,c4849c39-d9bd-4072-ba4b-d7ebc057b52d,summary,0,0,2025-09-29 12:52:21.337
98498435-9ad7-4893-9a69-8dd5da0b4808,2025-10-04 06:26:09.259+00,3ad76948-a91f-4883-86c5-d056f392ddb6,c4849c39-d9bd-4072-ba4b-d7ebc057b52d,summary,1186,1186,2025-10-04 06:45:37.565
986b48aa-4e57-47ff-bd75-c5c0d7772e9c,2025-10-02 11:46:15.412+00,9a944fd7-8f14-4311-8e23-bd4535edb783,c4849c39-d9bd-4072-ba4b-d7ebc057b52d,summary,0,0,2025-10-02 11:46:15.412
988b8c83-b707-4866-9ebf-0c2d0ee6f79e,2025-10-12 15:24:04.674+00,daa21ec4-2cd2-4724-bf63-eec668de557f,5cf2f9e3-3275-49f5-accc-ef43f6c584e3,summary,1000,1389,2025-10-12 15:40:27.338
98a28523-4390-4277-8c79-189f43e0aaae,2025-09-28 12:46:25.94+00,67af1c62-3407-4fe3-b7d5-c71a2796e734,d104220f-2003-4618-9076-5f4594460a47,byte,184,184,2025-09-28 12:46:25.94
98ac0b5f-2e5e-4f21-8edd-836209638bab,2025-10-13 11:34:05.068+00,e655f842-6a47-4716-a45d-cae3a4145e0c,f73da11b-9c31-4688-ad4e-6e3ab119d287,byte,227,228,2025-10-13 11:37:32.53
98e1c0ec-dc66-4a4d-ae40-cbed40733108,2025-09-30 20:20:58.279+00,e625d8ee-cc04-4fdf-a6fc-8033747a7a75,a3a943ba-0df0-4645-9019-a05abdd2b030,summary,0,0,2025-09-30 20:20:58.279
98eaa653-d858-4537-a157-ac46909de82c,2025-10-05 13:55:06.051+00,d5bdfca3-f0a1-4d15-a5ca-5b0df3d465ea,43a719d1-b700-44c8-8176-695050ce0287,summary,39,1287,2025-10-05 13:55:25.954
99113724-a444-4f84-a626-b6ff39d07614,2025-10-15 20:52:27.727+00,4a4213e3-1db3-42ec-bd46-846c9ddf0679,e3d7dfe2-ad6c-4b4c-a501-986c05dd9ad3,summary,39,1250,2025-10-15 20:52:47.725
99f6c167-4ec0-4710-b001-1155920878ce,2025-10-06 12:35:20.815+00,62d83925-d2bd-46a1-ac95-0fe871efdb0f,d2740fc2-7a70-45bc-9b0d-a9a517062b62,byte,142,142,2025-10-06 12:37:06.453
9a6db05b-61e7-4f81-a79c-04b5079e6a53,2025-10-15 06:49:00.516+00,de77bf96-b55c-4f71-b2e0-1421c0c71e43,ce189564-fcd9-4a40-9090-283c45330629,journey,156,156,2025-10-15 06:49:00.516
9a7d091e-5ec6-454e-ae8a-c1fc6b9037cf,2025-10-03 11:33:53.322+00,bc60c7e3-3c0a-429d-85fb-a9eea160f52e,43a719d1-b700-44c8-8176-695050ce0287,summary,1269,1269,2025-10-03 11:33:53.322
9a89101f-15b6-4ade-baad-4d16d337ccad,2025-10-04 06:46:51.651+00,c977ed2f-819e-4ade-a099-cf79bcf4b373,2e058380-90ad-412b-9887-52149e8bc2ae,byte,143,143,2025-10-04 06:49:40.904
9a945202-87e0-4954-baf7-0d160027c666,2025-10-23 08:57:20.878+00,78434173-8179-4366-94cf-d0b3b7ee4cdb,aec0c8f9-b75a-4edc-8e60-dd7b9e92bcea,summary,1022,1022,2025-10-23 09:16:26.233
9ac3c129-995e-40ce-99fb-c780de33fa09,2025-10-04 21:44:30.352+00,eb09e8f9-7bd5-4aba-8cc3-4a9a7a821bae,b05f8d22-08e0-4744-91be-6c45e684d2fa,summary,59,784,2025-10-04 21:45:10.351
9ad01eae-22d1-41c3-a3e6-551aaa44f16e,2025-09-30 09:32:50.199+00,432d579f-7c9a-4364-9eb2-d86579c42dbc,4e9f1799-8847-4fe5-9310-d01ffe5dd2c0,summary,0,0,2025-09-30 09:32:50.199
9ad45746-9c8d-4882-9259-26335c4dcf46,2025-10-06 13:24:49.067+00,460ee699-b8d9-4b45-909f-f73a565fee61,43a719d1-b700-44c8-8176-695050ce0287,summary,1286,1287,2025-10-06 13:45:55.912
9b25bb27-3d0e-43ba-ab5c-4317f58fc411,2025-09-28 13:41:09.565+00,570f9bb1-f65d-4679-ad00-e2fb1f5b9ec8,d2740fc2-7a70-45bc-9b0d-a9a517062b62,byte,142,142,2025-09-28 13:41:09.565
9b8fd1dc-8911-447b-b770-a8733beee426,2025-10-06 14:19:51.964+00,8042579b-2c7f-4cb4-a6eb-93be4128af90,a3a943ba-0df0-4645-9019-a05abdd2b030,summary,0,0,2025-10-06 14:42:07.627
9b98395a-6889-45fc-90af-8fe4fe0b72bb,2025-10-02 09:43:43.481+00,c22c498b-f78c-4a9e-a755-730738be189d,89354efe-b8bc-477a-b9ba-74a8e5c6a7a1,summary,665,675,2025-10-02 09:54:41.105
9bf7c205-c84f-40c8-96b7-7a6ca90b004e,2025-10-04 18:29:57.153+00,253b1368-e5a5-4868-a729-1f49d12b4518,b50e0d58-5ac0-427a-a4de-4b387c1c05b1,summary,19,1110,2025-10-04 18:29:57.153
9c12e2ca-023e-4b26-a682-7f4d037fb6ea,2025-09-27 22:33:41.073+00,432d579f-7c9a-4364-9eb2-d86579c42dbc,b10201e3-3d6e-437a-9a05-ed581eedff25,byte,151,151,2025-09-27 22:33:41.073
9c1f6d80-d5cb-47d2-b181-dc2160bb8811,2025-10-02 11:07:01.123+00,c9324c15-0fbb-4e75-bdbb-3b5961ceff1f,64163358-aacd-4059-9f1c-e74d841576d8,journey,89,89,2025-10-02 11:07:01.123
9c330ba5-56f1-4722-8245-e2dc272f65b0,2025-10-13 18:11:49.660567+00,c9324c15-0fbb-4e75-bdbb-3b5961ceff1f,70c7266c-832c-46c5-8173-9adf9570a5f4,journey,115,115,2025-10-13 18:11:49.660567
9c5d1c86-a43b-4db6-81aa-9c84c395c4b1,2025-10-04 22:18:45.742+00,b145a2ea-c8e3-4e49-97b5-8082250d9791,e4241bfc-38d6-4080-a1ac-afe21e5a9d2b,journey,426,426,2025-10-04 22:18:45.742
9c6c3494-ae6c-40da-ba38-3da4eb73681a,2025-10-03 17:18:21.977+00,a2cc3311-3823-4082-8c01-0635f4a0bd8c,2d242a27-75b5-4952-97fa-b30437cef044,summary,851,851,2025-10-04 07:22:21.529
9cae4c0a-a328-46c8-9452-d026af2bdff2,2025-10-02 18:22:49.723+00,66ff7fc6-afce-48fa-8e85-018e3300fe13,c4849c39-d9bd-4072-ba4b-d7ebc057b52d,summary,1179,1179,2025-10-02 18:22:49.723
9cd9498c-85e1-4d71-8e35-012033726426,2025-10-02 12:41:57.821+00,062cfd4d-0c44-47ee-abd1-ffec33bd84f3,b2678c2e-0855-4a7b-810c-6bb043a69d3d,byte,59,188,2025-10-02 12:41:57.821
9cf2544c-bda9-4948-ab6b-22bf843875f0,2025-10-02 11:50:28.044+00,e54cd5c3-76bc-4b95-bd58-f39de409d0cc,c4849c39-d9bd-4072-ba4b-d7ebc057b52d,summary,1179,1179,2025-10-02 11:50:28.044
9cfe0d20-2164-4413-9677-7ee5ae48e17b,2025-10-02 18:52:36.485+00,88a80c38-2e12-4dd6-9804-71cf02548cf9,8b9325d4-5472-4dcc-8bb6-4c5cc9074280,byte,126,126,2025-10-02 18:59:04.276
9d983836-bbd7-468d-bcc8-4bca57b2c000,2025-10-11 08:41:25.42+00,da7b7dd2-c3a2-44fa-9a93-90352b3e7871,b50e0d58-5ac0-427a-a4de-4b387c1c05b1,summary,1109,1110,2025-10-11 08:59:34.943
9e40166e-0ead-4a92-979f-52ba700cb1e7,2025-10-27 11:00:38.47+00,470043f4-b90a-4b27-ab1c-88ae3e6574e1,aec0c8f9-b75a-4edc-8e60-dd7b9e92bcea,summary,1022,1022,2025-10-27 11:00:53.283
9e67682a-a716-4e89-be7c-5f90e60b76e8,2025-09-28 05:55:25.611+00,481b800c-c447-4cd6-a76a-2acea1361ab1,b2678c2e-0855-4a7b-810c-6bb043a69d3d,byte,188,188,2025-09-28 05:55:25.611
9ea98d27-4cc1-421a-ac92-ccd0fba0b9c3,2025-10-05 14:12:42.916+00,f33681db-6eaa-42d5-b0a7-22cdf6a29b5f,366e9675-7d2b-4a49-b489-e4459b4e919e,journey,223,223,2025-10-05 14:12:42.916
9ec623ef-79b4-4900-b7a1-38466b583799,2025-10-07 23:50:45.067+00,493ef62b-afb9-437d-bf24-86a8d9039ec3,b2678c2e-0855-4a7b-810c-6bb043a69d3d,byte,39,188,2025-10-07 23:51:04.673
9f44da60-f398-4708-ae96-8c46facddbba,2025-10-06 23:44:22.109+00,87ea3090-6dfc-4b88-87cd-8e9ee43b29c9,5cf2f9e3-3275-49f5-accc-ef43f6c584e3,summary,0,0,2025-10-07 08:15:19.484
9f560ad6-60a2-4fd8-a787-35fec4f3a194,2025-10-15 18:39:32.595+00,94071b50-1c8b-44d9-b448-7bdfd3c80f04,a3a943ba-0df0-4645-9019-a05abdd2b030,summary,19,1337,2025-10-15 18:39:32.595
9f5bf9d2-11b0-40a0-ac12-979ceb446490,2025-10-25 21:36:00.885+00,bd690bd9-c131-4789-8ae1-4a96f5c3e6ca,a3a943ba-0df0-4645-9019-a05abdd2b030,summary,119,1337,2025-10-25 21:37:40.959
9f748ac9-a34e-49b7-af5c-77909be95e33,2025-10-10 22:21:44.882+00,6c26c45b-96e0-44a0-83ee-b2fccf681bbd,5cf2f9e3-3275-49f5-accc-ef43f6c584e3,summary,399,1389,2025-10-10 22:28:04.606
9fbd35ac-eb54-452d-b62d-073db419ca4a,2025-10-02 10:01:32.431+00,c9324c15-0fbb-4e75-bdbb-3b5961ceff1f,89354efe-b8bc-477a-b9ba-74a8e5c6a7a1,summary,19,0,2025-10-02 10:01:32.431
a05f179a-1b20-4907-be11-31f228702da7,2025-10-07 13:52:14.87+00,d36afa78-6e08-4820-9d2a-10ea6c929bb1,7ea24f8e-ccaf-4881-9231-b0c9597ad808,summary,75,1357,2025-10-07 13:53:14.932
a0b5394f-313f-4509-a203-a5772ccdcaaf,2025-10-10 21:04:15.522+00,760cadea-700c-4ab4-9d4a-b80ba567c6e4,b2678c2e-0855-4a7b-810c-6bb043a69d3d,byte,188,188,2025-10-10 21:04:15.522
a0d50d39-458c-4213-8da3-7705a437b897,2025-09-30 09:04:19.64+00,36a20ca0-ce58-49e4-b316-44d060d5bd93,43a719d1-b700-44c8-8176-695050ce0287,summary,0,0,2025-09-30 09:04:19.64
a0f1bf06-5f9e-43ad-bc96-517470c8f181,2025-09-28 13:39:56.738+00,570f9bb1-f65d-4679-ad00-e2fb1f5b9ec8,c747a916-df40-4c6b-ac2d-4f7b90f39e01,byte,204,204,2025-09-28 13:39:56.738
a0fcbd48-8cd2-4dcb-8756-74cad746a627,2025-10-12 20:28:58.479+00,341fec4f-5315-442b-89d7-f7be25c795e6,77f3e47f-acf5-4934-b421-d21a394d90d7,byte,123,125,2025-10-12 22:40:03.924
a129fe9a-2bd3-44b5-af5c-5c8c646752d7,2025-10-07 11:17:16.119+00,421e1df4-346b-4bda-a248-995a7cce8c0c,87d560d7-3946-44df-8415-44b6e9d8a1fd,summary,19,1432,2025-10-07 11:17:16.119
a17f98c7-d980-4c26-84c5-aeaef2bea8ec,2025-09-30 21:34:04.001+00,e2d7a9b6-c2f6-486b-b2e2-9856f4e6339f,b2678c2e-0855-4a7b-810c-6bb043a69d3d,byte,188,188,2025-09-30 21:34:04.001
a1ecdf47-51d3-49d0-bc12-c301b6b64fea,2025-10-15 08:25:47.194+00,6cb6b840-99a3-48c9-9aec-96b094fb6c20,16d1baef-8193-4e05-a831-6e389afc66d4,summary,1341,1341,2025-10-15 08:25:47.194
a252127c-5af1-44af-abec-ed2198b85c96,2025-10-09 13:20:08.921+00,ceca5f04-f85d-4946-87c4-5a2008c7d43a,b50e0d58-5ac0-427a-a4de-4b387c1c05b1,summary,647,1110,2025-10-09 13:30:48.453
a26657b2-01d2-41bd-aa22-9470c43ae64c,2025-10-02 15:07:18.444+00,39cd13c6-73f1-49ad-bbdb-8f9f6a15270a,c4849c39-d9bd-4072-ba4b-d7ebc057b52d,summary,19,1186,2025-10-02 15:07:18.444
a26a7098-e0ea-420a-a794-dcd973654f1a,2025-10-22 21:53:26.222+00,dcf95cb1-fc75-4dbd-b523-c574f2c57deb,db4f36fb-7020-4a9c-8b76-cdddddc68451,journey,365,365,2025-10-22 21:53:26.222
a26b730e-439b-4915-93ee-a1b43e64bde8,2025-09-27 22:05:10.569+00,3bcbc50f-2a8f-40d0-b4b8-3779bd5d3c21,aec0c8f9-b75a-4edc-8e60-dd7b9e92bcea,summary,0,0,2025-09-27 22:05:10.569
a275f5b7-f907-46a6-a3cc-d85708efb1db,2025-10-04 12:11:59.565+00,f968dc8d-b41e-4898-b840-9d116423b0c3,8b9325d4-5472-4dcc-8bb6-4c5cc9074280,byte,126,126,2025-10-04 12:13:50.195
a277906b-d600-43be-9555-c9072d0ef468,2025-10-15 11:56:31.996+00,e428e615-4c59-4d88-984c-6213da40064e,c4849c39-d9bd-4072-ba4b-d7ebc057b52d,summary,19,1186,2025-10-15 11:56:31.996
a2ce765a-d4d2-4e76-848c-b80561b86d9f,2025-10-04 11:38:55.686+00,daa21ec4-2cd2-4724-bf63-eec668de557f,b775e83f-21a0-490a-8307-0e2e3cabeee8,summary,454,924,2025-10-04 12:07:38.023
a34bdb6a-bcfd-4bb9-8a60-f4b5d878cc08,2025-10-05 13:49:47.924+00,f33681db-6eaa-42d5-b0a7-22cdf6a29b5f,67a18786-4667-4267-908f-6944b5c5a37a,journey,201,201,2025-10-05 13:49:47.924
a36cf7ba-f154-4c6a-9c87-ff75dce10872,2025-09-30 19:20:34.706+00,c4df85c0-f417-4558-b340-1463ccaafb53,c4849c39-d9bd-4072-ba4b-d7ebc057b52d,summary,0,0,2025-09-30 19:20:34.706
a39cefd3-30ae-4457-9be4-7707115ed7b4,2025-10-06 18:04:21.805+00,ba9eb0b8-d37b-4015-aeba-5c8b14411096,77f3e47f-acf5-4934-b421-d21a394d90d7,byte,125,125,2025-10-06 18:04:21.805
a3bc622f-9e45-4bdd-ab35-03bc7e3b2e50,2025-10-10 02:25:55.079+00,bfb9d7d2-7742-43e8-97bd-2345626a1e8f,89354efe-b8bc-477a-b9ba-74a8e5c6a7a1,summary,190,675,2025-10-10 02:26:54.847
a3f61c3e-801a-4cc9-b26d-ed471b4633d4,2025-09-30 14:37:14.407+00,965c93ae-4007-4ce3-9661-23686208d0c1,7ea24f8e-ccaf-4881-9231-b0c9597ad808,summary,0,0,2025-09-30 14:37:14.407
a3f94575-2b5b-4471-a172-1aa5c9c333d0,2025-10-27 10:08:11.74+00,c391fb99-002d-496d-bd11-075e01ef02dd,aec0c8f9-b75a-4edc-8e60-dd7b9e92bcea,summary,19,1022,2025-10-27 10:08:11.74
a42cae7c-df16-46ff-b50b-f2afc3eb4068,2025-10-04 06:24:44.534+00,cfd11b8b-ffd2-4e55-a4de-253950a44e48,b50e0d58-5ac0-427a-a4de-4b387c1c05b1,summary,1095,1095,2025-10-04 06:24:44.534
a468e00a-57f1-4f73-8a53-e71c86005b99,2025-10-07 07:23:22.88+00,824d3f93-b1de-4da2-af4a-9044c93fc354,4e9f1799-8847-4fe5-9310-d01ffe5dd2c0,summary,0,0,2025-10-07 07:43:54.797
a4d5f904-b66d-4643-9b20-2299a2ae82af,2025-10-01 09:16:40.458+00,62223902-ca0d-481a-87a1-14396e557424,82e618fa-a346-4b6c-9c72-f42236d97f38,byte,168,168,2025-10-01 09:16:40.458
a55c9c35-ebb4-4ee0-8a8f-9c40f470def5,2025-10-03 12:56:41.806+00,bc60c7e3-3c0a-429d-85fb-a9eea160f52e,c4849c39-d9bd-4072-ba4b-d7ebc057b52d,summary,1179,1179,2025-10-03 12:56:41.806
a5710622-55b2-451e-a41f-ffc85fa6b3e8,2025-10-15 12:15:31.099+00,d3f611e2-65b5-487b-b49e-3b56dc962d41,c4849c39-d9bd-4072-ba4b-d7ebc057b52d,summary,42,1186,2025-10-15 12:15:31.099
a572ca41-56bd-42c7-963d-b1e4fda19998,2025-10-20 01:52:20.9+00,2b17273a-bd47-4aec-b8e1-b787c391f362,2610c709-8108-4e18-aca5-a71b6e8e9fc3,summary,1199,1199,2025-10-20 02:12:01.112
a59f15ea-dcfd-4e6e-844b-5e3053433f0e,2025-10-03 06:22:06.533+00,86faa717-4644-47fc-ace2-dc18aa4cbdc2,ae96d75a-709f-476f-a278-cee1bde00428,summary,459,924,2025-10-03 06:29:26.603
a5ca028d-5fd4-42d3-8611-4f02eeb0ca6d,2025-10-15 07:59:56.097+00,1a07d311-eb28-4e1d-a044-55de85166883,43a719d1-b700-44c8-8176-695050ce0287,summary,1287,1287,2025-10-15 08:21:11.855
a6251ba9-3c8e-4622-b6bb-061417e1192a,2025-10-09 09:41:41.128+00,b5b7f47a-8898-4e94-9c1f-f8e41a911506,b8c04b2d-4a4d-44d8-907b-ff53044e55d2,journey,156,156,2025-10-09 09:41:41.128
a625f245-5d9b-46a3-97a5-3a8233821667,2025-10-03 22:13:31.96+00,c4df85c0-f417-4558-b340-1463ccaafb53,2b596717-2692-44b6-a768-5339499c4490,summary,1061,1061,2025-10-03 22:30:53.639
a691e7cf-1cda-4b43-8f38-70cbe03bc94f,2025-10-29 04:59:28.128+00,4813f5f6-c7e7-4cf2-af3a-47d3f3688d5c,b2678c2e-0855-4a7b-810c-6bb043a69d3d,byte,187,188,2025-10-29 05:02:15.109
a69a8ff1-f262-4b4c-8400-4534e39fd64a,2025-10-10 22:01:33.961+00,8338de4c-9e7e-4a4b-a559-81e1f714d102,2d242a27-75b5-4952-97fa-b30437cef044,summary,412,851,2025-10-10 22:08:07.814
a6b260ab-f5d6-43ba-a347-00f5d323af8b,2025-10-02 07:15:46.339+00,8984f475-91e0-48ac-baca-35d7ec755c9c,c4849c39-d9bd-4072-ba4b-d7ebc057b52d,summary,0,0,2025-10-02 07:15:46.339
a758bfe1-5580-47d1-a70f-9642169ba6ce,2025-10-05 18:18:32.174+00,34324cb0-d4c6-46e0-9a81-9f03ee15f2d6,f66dfb0e-ffbe-4358-bacd-f76657ef15ca,byte,117,117,2025-10-05 18:18:33.68
a78c1a81-0218-4977-aedd-dbf5d2f02a77,2025-10-12 21:42:34.406+00,e94fe0be-b3d3-481c-ad36-a78275888e1d,b50e0d58-5ac0-427a-a4de-4b387c1c05b1,summary,0,0,2025-10-12 22:01:51.838
a7a53164-c58c-41ed-bdeb-c5555a445dea,2025-10-10 22:47:22.464+00,b145a2ea-c8e3-4e49-97b5-8082250d9791,5667466a-7fe9-41ae-8ecc-b465b79bb030,journey,241,241,2025-10-10 22:47:22.464
a7b11bb0-53d9-4340-b4de-baaf66b053a5,2025-10-23 10:46:24.362+00,97f015f8-1e64-4661-b289-edbf34e06f47,aafc6228-83cb-46a8-9447-9701c489de8a,summary,16,1198,2025-10-23 10:46:24.362
a7b34ba3-537c-4951-b147-975b24beaebd,2025-10-03 05:45:53.655+00,78d7ec64-6991-4db8-8236-c7590fee5ade,c4849c39-d9bd-4072-ba4b-d7ebc057b52d,summary,1179,1179,2025-10-03 05:45:53.655
a7cdc364-02f0-44ec-ab7a-c966f7cd6902,2025-10-02 17:09:47.139+00,8984f475-91e0-48ac-baca-35d7ec755c9c,c4849c39-d9bd-4072-ba4b-d7ebc057b52d,summary,0,0,2025-10-02 17:09:47.139
a7f5ec82-e94b-4b0c-b7ff-3d1d2860ace2,2025-09-30 23:09:45.989+00,fbfe5856-3143-4668-b421-c68b8c324edb,77f3e47f-acf5-4934-b421-d21a394d90d7,byte,125,125,2025-09-30 23:09:45.989
a81274d9-cdac-4395-b124-a5d7f5f034b1,2025-10-28 08:59:26.502+00,172adc65-0103-44ee-ba6d-e0c630cd7799,3ba771d8-1a2a-4a08-8cae-3b4f1e4cf21c,byte,148,149,2025-10-28 09:01:35.113
a84a7206-2e13-45b0-a227-cb5a9e5dec80,2025-10-09 21:34:19.506+00,de77bf96-b55c-4f71-b2e0-1421c0c71e43,bacbef82-94ce-42ff-9cba-74a48b3f085d,journey,73,73,2025-10-09 21:34:26.423
a84d1c8c-15f6-44ca-be2f-09e4dbcf7922,2025-10-06 18:42:01.247+00,59cf2089-ef6a-43b0-a3dd-526d868eda05,441f370a-b3cb-4384-abc4-62fa98c93b95,journey,238,238,2025-10-06 18:42:01.247
a86e77ee-b001-465e-b9d9-57257bd153a9,2025-10-06 02:05:49.565+00,2efa06ef-b135-4d6c-8410-b1cf129c1a48,2df2492f-428f-4575-aba3-5c766d99b159,journey,109,109,2025-10-06 02:05:49.565
a8700af3-9c0f-41c1-bd9e-5e97f0b7f9c1,2025-10-26 20:25:30.512+00,62dc53e3-dcb2-4b58-9a65-c6e7d3f4e27a,a3a943ba-0df0-4645-9019-a05abdd2b030,summary,1349,1349,2025-10-26 20:35:58.573
a8864a00-bd99-4d76-a3a6-842596fed998,2025-10-15 13:16:30.097+00,505aec51-245f-4f8e-8063-1eca3637d20a,a3a943ba-0df0-4645-9019-a05abdd2b030,summary,79,1337,2025-10-15 13:17:29.996
a8cc9301-69ab-41b1-97e4-2c6a4792abb7,2025-10-10 07:28:30.786+00,421e1df4-346b-4bda-a248-995a7cce8c0c,a3a943ba-0df0-4645-9019-a05abdd2b030,summary,99,1337,2025-10-10 07:29:50.798
a91f592d-ece3-41ea-a345-3bfe057dc7a7,2025-09-29 12:07:33.311+00,22013dce-42c3-4c18-889f-0ad995dc045e,43a719d1-b700-44c8-8176-695050ce0287,summary,0,0,2025-09-29 12:07:33.312
a92d01b9-6dee-486b-ad2c-5e3277f70352,2025-10-01 11:18:54.364+00,9bf70392-e535-413e-bc89-2336dbcada14,43a719d1-b700-44c8-8176-695050ce0287,summary,0,0,2025-10-01 11:18:54.364
a953e604-d283-487f-bc58-7f7a6b3d021b,2025-10-02 14:45:23.879+00,062cfd4d-0c44-47ee-abd1-ffec33bd84f3,43a719d1-b700-44c8-8176-695050ce0287,summary,1269,1269,2025-10-02 14:45:23.879
a9614c67-2b94-4c0e-a8b8-6197ed82f823,2025-10-06 20:41:01.817+00,daa21ec4-2cd2-4724-bf63-eec668de557f,59218631-e747-444e-b35d-c74b250f3a55,byte,107,107,2025-10-06 20:42:30.693
a97f3bf3-fa32-41cc-9c7a-909bb734edc4,2025-10-02 11:50:28.701+00,e54cd5c3-76bc-4b95-bd58-f39de409d0cc,c4849c39-d9bd-4072-ba4b-d7ebc057b52d,summary,1179,1179,2025-10-02 11:50:28.701
a9be914c-9f37-4e34-b8bf-bfccc3d6fc82,2025-10-03 12:35:49.167+00,c977ed2f-819e-4ade-a099-cf79bcf4b373,b2678c2e-0855-4a7b-810c-6bb043a69d3d,byte,188,188,2025-10-03 12:53:21.908
aa19cf47-a1a7-48c1-b94e-c304ce1e130b,2025-10-02 01:56:51.467+00,c22c498b-f78c-4a9e-a755-730738be189d,2610c709-8108-4e18-aca5-a71b6e8e9fc3,summary,1190,1199,2025-10-02 02:16:33.368
aa51d205-b39f-4745-b1f3-0b8eb9b06913,2025-10-02 21:55:43.304+00,01bf7f60-5cb6-4a19-8dae-a9b38762ddd9,77f3e47f-acf5-4934-b421-d21a394d90d7,byte,75,125,2025-10-02 21:56:22.989
aae3f2ad-8626-41bb-84b3-7b02281ffc10,2025-10-19 15:05:25.064+00,5a428934-0c91-4244-b853-67c17d62c72d,2610c709-8108-4e18-aca5-a71b6e8e9fc3,summary,0,0,2025-10-19 15:28:42.362
ab02e843-eb85-4582-b875-7aee8d58ce4d,2025-09-30 19:20:29.056+00,c4df85c0-f417-4558-b340-1463ccaafb53,c4849c39-d9bd-4072-ba4b-d7ebc057b52d,summary,0,0,2025-09-30 19:20:29.056
ab0bed12-9594-41c6-b5fc-55a3fcf82134,2025-10-09 11:04:20.919+00,06cb0444-1e85-49a6-9468-acedd6b4d952,a3a943ba-0df0-4645-9019-a05abdd2b030,summary,0,0,2025-10-09 11:04:20.919
ab8e9bdc-637d-4815-91ea-f6daee0fc428,2025-09-28 13:41:16.833+00,570f9bb1-f65d-4679-ad00-e2fb1f5b9ec8,d2740fc2-7a70-45bc-9b0d-a9a517062b62,byte,142,142,2025-09-28 13:41:16.833
abba21b0-cd8a-44c3-aae7-7ba2d6461d4f,2025-10-06 07:14:24.873+00,53f83cb1-cdb9-49b6-82cd-2a480c803d01,c4849c39-d9bd-4072-ba4b-d7ebc057b52d,summary,985,1186,2025-10-06 07:30:31.708
abc5db6f-338f-4ef9-918c-b990dbd97aa4,2025-10-02 16:15:18.518+00,10fb13d2-2bcf-42a6-b7df-4a22726fc2d5,be2ad415-2f72-4399-a701-7b0b641fac5c,byte,105,105,2025-10-02 16:15:18.518
abdaca5f-b349-4eeb-853f-ec3bcd9b5e4a,2025-10-22 14:06:06.226+00,c977ed2f-819e-4ade-a099-cf79bcf4b373,b50e0d58-5ac0-427a-a4de-4b387c1c05b1,summary,659,1110,2025-10-22 14:16:46.239
abfa2234-b52a-4874-98a2-040827c01f7e,2025-10-21 21:58:23.699+00,779a4344-61e7-4ab8-bfb5-baa8ad0a8785,77f3e47f-acf5-4934-b421-d21a394d90d7,byte,19,125,2025-10-21 21:58:23.699
ac624d82-927b-4568-88f0-4917cb569d6c,2025-09-28 13:37:15.384+00,11d5ec38-520e-461b-8226-eddbf3be7dc7,2d242a27-75b5-4952-97fa-b30437cef044,summary,0,0,2025-09-28 13:37:15.384
ac96d0bc-5a8d-4925-a852-f46bc6904a8f,2025-10-03 15:06:33.007+00,01bf7f60-5cb6-4a19-8dae-a9b38762ddd9,b05f8d22-08e0-4744-91be-6c45e684d2fa,summary,199,784,2025-10-03 15:09:32.919
acb6bc30-25d4-44ed-a402-b33f40deb103,2025-09-28 14:56:06.344+00,2c3ea2b9-f142-4799-a5c1-c01678dc96e7,b50e0d58-5ac0-427a-a4de-4b387c1c05b1,summary,0,0,2025-09-28 14:56:06.344
acc46f53-8757-48ee-bc64-a98fae42dc97,2025-10-18 15:57:23.1+00,f6d4dadc-a56a-4dc7-8df0-86ad6ee02701,c0d96c7f-5f78-4a59-ac69-341064a37c17,summary,1039,1550,2025-10-18 16:14:23.01
acd12113-ee0f-4629-b472-e161be8afc49,2025-10-16 14:27:14.113+00,d12bda7c-2946-4a19-8b79-2c865d889b51,2b596717-2692-44b6-a768-5339499c4490,summary,1061,1061,2025-10-16 14:27:14.113
ad2dea0c-d1ba-4a7b-a087-b53e464a8b4c,2025-10-04 22:18:44.456+00,b145a2ea-c8e3-4e49-97b5-8082250d9791,e4241bfc-38d6-4080-a1ac-afe21e5a9d2b,journey,426,426,2025-10-04 22:18:47.037
ad3dc448-db44-4a94-9341-b3133dbed6b6,2025-10-13 16:05:42.078+00,34324cb0-d4c6-46e0-9a81-9f03ee15f2d6,bb0e601a-1df0-4310-9bbc-7b1718cc1b7a,byte,144,144,2025-10-13 16:05:43.264
ad4a9f60-51ca-4671-8d29-a25b6bbe8217,2025-10-02 16:08:35.847+00,3563eed6-e605-4cf0-82ff-2f73f2ed58be,b8c04b2d-4a4d-44d8-907b-ff53044e55d2,journey,156,156,2025-10-02 16:08:35.847
ad55fec3-35e3-4541-b0b1-fb7e24cbc683,2025-10-03 06:18:41.868+00,86faa717-4644-47fc-ace2-dc18aa4cbdc2,2b596717-2692-44b6-a768-5339499c4490,summary,0,0,2025-10-03 06:18:41.868
ada1dcb4-d508-4d0e-860b-a495b1e61825,2025-10-15 13:08:03.408+00,d21988d0-ef93-493f-9034-456d7357079f,7ea24f8e-ccaf-4881-9231-b0c9597ad808,summary,0,0,2025-10-15 15:23:27.625
ada8ecc9-c86c-41e2-8b8e-79b1f4c604ce,2025-10-16 23:50:31.933+00,c4187179-4849-4f48-87f9-a0b99974a703,77f3e47f-acf5-4934-b421-d21a394d90d7,byte,39,125,2025-10-16 23:50:51.958
add93f83-ed54-4423-b134-44c41de497ee,2025-10-22 21:53:36.291+00,dcf95cb1-fc75-4dbd-b523-c574f2c57deb,db4f36fb-7020-4a9c-8b76-cdddddc68451,journey,365,365,2025-10-22 21:53:36.291
addd35c3-cba2-4ddf-8344-567ad961f994,2025-10-02 14:44:58.766+00,062cfd4d-0c44-47ee-abd1-ffec33bd84f3,43a719d1-b700-44c8-8176-695050ce0287,summary,1269,1269,2025-10-02 14:44:58.766
ae2e816f-7aaf-4a82-adad-18bceb85c097,2025-10-28 18:08:02.201+00,deb1f726-8f4b-466a-aa14-d3650086aceb,c4849c39-d9bd-4072-ba4b-d7ebc057b52d,summary,718,1186,2025-10-28 18:20:25.606
ae79ce9b-48cd-4456-b5a7-674cf9f8610c,2025-10-04 21:46:23.772+00,eb09e8f9-7bd5-4aba-8cc3-4a9a7a821bae,2610c709-8108-4e18-aca5-a71b6e8e9fc3,summary,19,1199,2025-10-04 21:46:23.772
aef400cd-a9f7-4d5a-8eb6-0828841e95f2,2025-10-08 14:40:02.574+00,daa21ec4-2cd2-4724-bf63-eec668de557f,7ea24f8e-ccaf-4881-9231-b0c9597ad808,summary,306,1357,2025-10-08 14:44:50.387
aef71ed5-ab32-4b96-bad7-41b49e22727e,2025-10-10 02:08:41.949+00,bfb9d7d2-7742-43e8-97bd-2345626a1e8f,6e6d17b0-2505-4d65-8361-7ffbfa80bec3,journey,152,152,2025-10-10 02:08:43.287
af26ecbb-c7fe-4ef5-a30b-0ab6b9c540b7,2025-09-28 09:16:23.887+00,109a71cb-ef14-4888-a761-dc202c4ae961,dea581bb-61a3-47ab-9025-138f0c1b4c7e,byte,123,123,2025-09-28 09:16:23.887
b0381a29-6ac9-4472-861c-ad8aa074f4fb,2025-10-02 18:48:43.325+00,88a80c38-2e12-4dd6-9804-71cf02548cf9,b50e0d58-5ac0-427a-a4de-4b387c1c05b1,summary,1095,1095,2025-10-02 18:48:43.325
b03ccd31-e634-4bcc-b0c2-2ee5bd32ed1d,2025-10-02 18:22:51.182+00,66ff7fc6-afce-48fa-8e85-018e3300fe13,c4849c39-d9bd-4072-ba4b-d7ebc057b52d,summary,1179,1179,2025-10-02 18:22:51.182
b10bea54-5fb4-4e43-957a-206725e4c26f,2025-10-06 19:23:38.051+00,1cb9b354-b17a-4477-ac8d-d2a4c421c2bd,aec0c8f9-b75a-4edc-8e60-dd7b9e92bcea,summary,139,1021,2025-10-06 19:25:38.208
b10bf187-cfdc-47d1-8364-36aa0dc4d102,2025-09-30 17:22:18.319+00,33c30cc7-ed4e-4f89-abf7-7efa43c9f0ff,be2ad415-2f72-4399-a701-7b0b641fac5c,byte,105,105,2025-09-30 17:22:18.319
b135d9b5-a986-4be0-92fc-0ae8855a66ac,2025-10-12 10:23:13.964+00,16174339-d5e4-44e2-9abd-9c0072f98d8a,50355a21-c43a-43a8-a8c3-98a4fc94eb57,summary,503,1150,2025-10-12 10:31:22.431
b143f80a-8ca3-449a-a848-9e96a6f6959c,2025-10-04 19:21:57.424+00,53f83cb1-cdb9-49b6-82cd-2a480c803d01,aec0c8f9-b75a-4edc-8e60-dd7b9e92bcea,summary,1022,1022,2025-10-05 00:12:55.685
b14d8572-faeb-481b-9737-ac99ffb11f29,2025-10-12 20:58:11.113+00,a52fc276-b90c-40b2-acde-c5664ecca76a,43a719d1-b700-44c8-8176-695050ce0287,summary,39,1287,2025-10-12 20:58:31.493
b17cb290-7b67-4c3e-ba12-5806039f04cb,2025-10-19 13:25:29.31+00,9bf70392-e535-413e-bc89-2336dbcada14,43a719d1-b700-44c8-8176-695050ce0287,summary,0,0,2025-10-19 13:25:29.31
b17faa7f-1e16-4a39-b1f8-62137ce7b81b,2025-10-27 18:47:59.084+00,3948df33-8f19-43db-b60f-a42415c5cde0,c4849c39-d9bd-4072-ba4b-d7ebc057b52d,summary,0,0,2025-10-27 19:10:23.71
b19551be-a848-4c4b-acd7-e082eff06bf7,2025-10-18 10:18:36.306+00,ff7bdf56-2a70-42ce-8ec4-88ac7c8fcf6b,a3a943ba-0df0-4645-9019-a05abdd2b030,summary,1337,1337,2025-10-18 11:07:17.105
b21ffed1-c725-4df2-a7cc-50b69e888477,2025-09-30 09:28:38.138+00,5983fc63-d4ef-4a3f-a6ff-b48a1dd05239,b2678c2e-0855-4a7b-810c-6bb043a69d3d,byte,188,188,2025-09-30 09:28:38.138
b2787778-7429-4334-a95a-3378d9e8825c,2025-10-01 12:41:22.637+00,c36a025b-be6b-4ce9-92cd-b52b3470d77c,e3d7dfe2-ad6c-4b4c-a501-986c05dd9ad3,summary,0,0,2025-10-01 12:41:22.637
b2846cfd-2e30-4e4b-87f6-2bc894c856d7,2025-10-12 17:02:36+00,93b5c826-c0c7-4a15-9096-de8b105473e9,2e058380-90ad-412b-9887-52149e8bc2ae,byte,39,143,2025-10-12 17:02:55.838
b28daa9c-b546-4c33-be72-2d17f4a1243d,2025-10-15 12:59:17.787+00,94071b50-1c8b-44d9-b448-7bdfd3c80f04,43a719d1-b700-44c8-8176-695050ce0287,summary,1086,1287,2025-10-15 13:17:04.136
b2a46312-0dda-4ed9-9ef6-0b20f53b9dcd,2025-10-07 05:57:38.215+00,5927df56-ab92-497e-b857-68fb5c761269,7ea24f8e-ccaf-4881-9231-b0c9597ad808,summary,11,1357,2025-10-07 05:57:38.215
b2dd959a-7ef7-4dbe-8cfb-bedb0983294b,2025-10-15 17:10:12.769+00,1887176d-0a3e-4e4a-80bc-d5271e5c711e,a3a943ba-0df0-4645-9019-a05abdd2b030,summary,615,1337,2025-10-15 17:13:48.995
b30c67da-11d3-4f33-81ec-9b8958575caf,2025-10-03 15:23:08.567+00,24c835e4-b0e7-4ca0-b01d-85e0208a572d,701daffb-6b59-4b3d-a957-27cc4ecf302a,summary,47,1073,2025-10-03 15:24:00.02
b348b3f9-f755-4de3-89a2-460d8823ee7f,2025-09-27 13:39:50.713+00,815589d7-eab0-44e7-90d3-1814401fc65e,77f3e47f-acf5-4934-b421-d21a394d90d7,byte,125,125,2025-09-27 13:39:50.713
b373d86f-ec91-4906-954b-6b69ea18e18a,2025-09-28 09:16:23.647+00,109a71cb-ef14-4888-a761-dc202c4ae961,dea581bb-61a3-47ab-9025-138f0c1b4c7e,byte,123,123,2025-09-28 09:16:23.647
b3eec00d-5706-4e19-a0b7-cbfa83fb411f,2025-09-29 12:18:36.694+00,87ea3090-6dfc-4b88-87cd-8e9ee43b29c9,2610c709-8108-4e18-aca5-a71b6e8e9fc3,summary,0,0,2025-09-29 12:18:36.694
b44a640f-db6a-4908-9330-886c29453823,2025-10-14 08:51:34.908+00,b5b7f47a-8898-4e94-9c1f-f8e41a911506,ffef9923-95a8-41e3-859c-61e2f3c6c441,byte,134,135,2025-10-14 08:53:29.559
b4772782-0e28-4a60-a372-2aed34929609,2025-10-17 08:51:00.705+00,a2cc3311-3823-4082-8c01-0635f4a0bd8c,b2678c2e-0855-4a7b-810c-6bb043a69d3d,byte,188,188,2025-10-17 09:42:01.733
b4f74f98-8612-4621-815c-2ca55e2be82b,2025-10-06 07:27:06.287+00,0840bc13-e9a5-4e91-8726-24972407ac30,c747a916-df40-4c6b-ac2d-4f7b90f39e01,byte,204,204,2025-10-06 07:27:06.287
b5338beb-d47d-465c-998d-f49c3af1a3b7,2025-10-27 04:39:38.163+00,6f2b03be-9399-45c7-8456-dd10bed6e402,c747a916-df40-4c6b-ac2d-4f7b90f39e01,byte,204,204,2025-10-27 04:39:38.163
b53436ec-52ee-4436-89fa-746a66889d91,2025-09-29 12:35:32.046+00,dcf95cb1-fc75-4dbd-b523-c574f2c57deb,b2678c2e-0855-4a7b-810c-6bb043a69d3d,byte,188,188,2025-09-29 12:35:32.046
b56b23a7-b02c-43c8-8812-a5ee07c8df54,2025-10-14 10:03:17.13+00,9a944fd7-8f14-4311-8e23-bd4535edb783,a3a943ba-0df0-4645-9019-a05abdd2b030,summary,0,0,2025-10-14 15:02:09.37
b576761f-e508-4362-bd38-00758128338b,2025-10-02 09:35:56.571+00,fe5f3a60-3080-4063-82c9-cf1abe92f4aa,b2678c2e-0855-4a7b-810c-6bb043a69d3d,byte,188,188,2025-10-02 09:35:56.571
b5bfa902-6f28-4403-9ec4-f7ae3ce66e02,2025-10-04 22:41:53.134+00,b145a2ea-c8e3-4e49-97b5-8082250d9791,77ea8e66-0055-43b1-8354-1a2d1052a5df,journey,54,54,2025-10-04 22:41:55.319
b5f5b3af-e2d8-408a-9ed6-cc0d5be18ffa,2025-10-21 22:15:32.419+00,c977ed2f-819e-4ade-a099-cf79bcf4b373,f33c7ac5-2da8-4547-908b-da3d4dbb9b26,summary,139,789,2025-10-21 22:17:32.218
b62108ec-149c-4257-bfaf-4b4b7447c15b,2025-10-05 14:03:15.708+00,f33681db-6eaa-42d5-b0a7-22cdf6a29b5f,441f370a-b3cb-4384-abc4-62fa98c93b95,journey,238,238,2025-10-05 14:03:15.708
b6238ba7-a6a8-40d6-a9ef-31d341dae259,2025-10-04 17:10:14.759+00,b0277fec-ded5-40e0-bd26-8539430691d9,c4849c39-d9bd-4072-ba4b-d7ebc057b52d,summary,1186,1186,2025-10-04 17:29:42.111
b69c3eb2-e6b5-4288-b5fc-3ec4c698a809,2025-10-01 07:44:06.599+00,74af2e38-4e67-4db3-817e-37e67e915917,b2678c2e-0855-4a7b-810c-6bb043a69d3d,byte,188,188,2025-10-01 07:44:06.599
b6c9b936-9c4d-4917-b406-b3eb631a5064,2025-10-11 19:03:42.332+00,52cc37ce-ff13-48f7-8f54-c599ec854040,77f3e47f-acf5-4934-b421-d21a394d90d7,byte,125,125,2025-10-11 19:03:42.332
b704a9f0-2af8-475c-9bb2-5fb5ec21b64a,2025-10-02 19:53:44.392+00,fd84d4f9-2557-4aa2-bb96-c4b775b85a23,43a719d1-b700-44c8-8176-695050ce0287,summary,19,1287,2025-10-02 19:53:44.392
b710d8ed-27f5-4b87-9241-03b7bed4ebe3,2025-10-16 09:43:21.018+00,7f420845-c13b-4663-8cf2-7dc2c1258666,50355a21-c43a-43a8-a8c3-98a4fc94eb57,summary,59,1150,2025-10-16 09:44:00.9
b71500b8-c2a1-49c3-8fa5-e07bf1264125,2025-10-10 22:51:42.521+00,b145a2ea-c8e3-4e49-97b5-8082250d9791,5048d8b1-32dd-4543-b3ce-87943623c762,journey,223,223,2025-10-28 23:30:01.137
b73e840c-accf-455c-9ba0-8f028e6f14f8,2025-10-15 13:27:09.241+00,18c05098-8a5e-4fb0-9a7a-83fd001eae20,fbcabc23-d017-41d3-84bc-54c288eb9813,summary,1209,1209,2025-10-15 14:38:54.693
b7b38a0c-63d3-4732-9a44-9be450ccaa06,2025-10-19 14:53:41.408+00,c1086d74-967f-4b51-bdf4-f31ee1072b1c,b8c04b2d-4a4d-44d8-907b-ff53044e55d2,journey,156,156,2025-10-19 14:53:41.408
b7c4544c-c345-4454-bd1f-9ba72ea5f314,2025-10-02 14:17:38.161+00,a5a412b5-7ff4-4ed7-9c77-2dba1ec510f2,3bf7254b-f2c6-4d5d-854f-67bc3c6bcca7,summary,979,1451,2025-10-02 14:33:38.168
b7d8a4e3-eb78-4e18-b3dd-9e183b4ae4c5,2025-10-03 13:10:21.555+00,7a50ddc5-9ab8-4e4e-baad-f4d94ab3cb3d,77f3e47f-acf5-4934-b421-d21a394d90d7,byte,125,125,2025-10-03 13:12:16.141
b7f51f36-34c4-48d8-953b-3d20440b7a94,2025-10-15 07:37:50.206+00,53f83cb1-cdb9-49b6-82cd-2a480c803d01,7ea24f8e-ccaf-4881-9231-b0c9597ad808,summary,0,0,2025-10-15 07:59:22.105
b814d3ce-6b6f-451d-9bda-367202846fdc,2025-10-10 12:02:47.572+00,f4d207bb-65a7-49fb-8ca4-b2f1a5752860,a3a943ba-0df0-4645-9019-a05abdd2b030,summary,1336,1337,2025-10-10 12:24:44.107
b8ad5979-3277-467e-b200-0aff8ef3b7ce,2025-10-05 09:42:52.7+00,65fdb297-c8b5-44e5-835e-c0bd693706ed,701daffb-6b59-4b3d-a957-27cc4ecf302a,summary,19,1073,2025-10-05 09:42:52.7
b8b11220-f5ba-43fb-ac31-7aaebc40a3f5,2025-10-19 13:28:35.842+00,9bf70392-e535-413e-bc89-2336dbcada14,b2678c2e-0855-4a7b-810c-6bb043a69d3d,byte,188,188,2025-10-19 13:31:24.942
b93fd25a-3f91-4f2d-8967-16da204a69d6,2025-09-27 15:44:01.862+00,0f63e24b-b5c7-44a1-8546-c816391c02a6,b2678c2e-0855-4a7b-810c-6bb043a69d3d,byte,188,188,2025-09-27 15:44:01.862
b96a752a-6122-4f5a-878c-c8ef3af860e4,2025-10-19 12:42:17.87+00,34324cb0-d4c6-46e0-9a81-9f03ee15f2d6,75330c56-6a68-4531-b25e-fa9f765b75a3,byte,141,141,2025-10-19 12:42:17.87
b96eedea-106e-42de-a25e-0b480a8f8161,2025-10-03 09:22:39.776+00,e1aa549c-5564-45e8-b22e-d93231073375,8b9325d4-5472-4dcc-8bb6-4c5cc9074280,byte,126,126,2025-10-03 09:22:39.776
b971292e-0e39-433c-bd3a-8ee8ef595648,2025-10-21 13:41:31.358+00,f99b5c48-caa1-42d4-b37b-3f9cb7cca1ac,f66dfb0e-ffbe-4358-bacd-f76657ef15ca,byte,114,117,2025-10-21 13:43:26.234
b983f597-8683-4df9-ac3d-8b95e6e31bac,2025-10-05 18:50:35.017+00,5e2234d2-f90e-446c-a448-7c8eddb2f6d3,2b596717-2692-44b6-a768-5339499c4490,summary,139,1061,2025-10-05 18:52:35.128
b9aed9af-b2c1-4f27-a6b3-b96e62895390,2025-10-18 00:10:44.717+00,869c6912-1df9-48dc-9f1a-1ae717c3ee98,2b596717-2692-44b6-a768-5339499c4490,summary,0,0,2025-10-18 00:10:44.717
b9e29beb-3124-412e-9d55-6a7724e427fc,2025-10-07 06:04:55.661+00,5927df56-ab92-497e-b857-68fb5c761269,2610c709-8108-4e18-aca5-a71b6e8e9fc3,summary,39,1199,2025-10-07 06:05:15.671
b9eebcec-7bda-4578-b613-845ba8f2fe6a,2025-10-12 22:04:06.772+00,e94fe0be-b3d3-481c-ad36-a78275888e1d,a1c8d32b-6a00-4426-866a-4f25cbcf7d50,byte,149,149,2025-10-12 22:06:16.508
ba160796-2137-40a1-bb09-fb6c0382ab45,2025-10-03 15:32:41.635+00,013cce30-6c30-45c9-9be2-0b965213ee58,2b596717-2692-44b6-a768-5339499c4490,summary,151,1061,2025-10-03 15:34:32.793
ba248e04-2458-48e9-8ad3-c5d987bc8c00,2025-10-20 22:47:40.016+00,22c5d433-0439-4221-84be-2acdfa91a2a2,b2678c2e-0855-4a7b-810c-6bb043a69d3d,byte,79,188,2025-10-20 22:48:39.995
ba289736-2390-473a-ba04-5e8293264efa,2025-10-02 19:48:31.519+00,c34131ce-8b1c-41c3-8a6d-eeca5865f693,2b596717-2692-44b6-a768-5339499c4490,summary,1063,1061,2025-10-02 19:48:32.935
ba60c7e1-86a7-4e91-8769-f3a1151955a3,2025-10-19 23:57:44.691+00,eb46e401-8bb4-436a-8d8c-7ea7ad255624,43a719d1-b700-44c8-8176-695050ce0287,summary,279,1287,2025-10-20 00:02:04.637
bac2a232-9d24-48f1-8217-204186b1c7d9,2025-10-02 21:57:04.339+00,044bbb1c-90e7-4f77-97a7-720dc2dcb955,813d0f70-dbd4-4771-abe9-6abdb7dc78d0,journey,69,69,2025-10-02 21:57:04.339
bbc05f2c-12b2-4310-bb37-19f9e84cb384,2025-10-03 21:08:06.588+00,be8f50d8-b5da-45a8-bfef-bbb459a1ca34,e42e49c0-36e1-4bee-995a-8007ef4c1a65,summary,1296,1296,2025-10-04 02:22:53.865
bbf78e51-f760-4aa2-ac2c-a5f95bc69af0,2025-10-03 20:30:50.993+00,eede160d-6afb-425c-9504-58e23132d5dd,2e058380-90ad-412b-9887-52149e8bc2ae,byte,143,143,2025-10-03 20:30:50.993
bc66f025-9899-47fe-84cb-3ea324ff0fae,2025-10-02 19:20:15.45+00,0b9da81b-9147-48b0-92b0-41d4a835dd2a,77f3e47f-acf5-4934-b421-d21a394d90d7,byte,125,125,2025-10-02 19:22:38.938
bc91a217-c1f1-40b6-a986-ea9b602e4379,2025-10-03 12:56:41.423+00,bc60c7e3-3c0a-429d-85fb-a9eea160f52e,c4849c39-d9bd-4072-ba4b-d7ebc057b52d,summary,1179,1179,2025-10-03 12:56:41.423
bce8cbe3-4721-44d4-ae6c-55939d3aabae,2025-10-19 17:56:50.387+00,c620ae18-b997-40d2-ba66-919fe318f73c,2b596717-2692-44b6-a768-5339499c4490,summary,739,1061,2025-10-19 18:08:50.284
bd36fc02-d13e-441e-a881-96a4b9fcb747,2025-10-05 20:58:29.694+00,cc2f6c21-3c46-434f-89e0-c865b4974330,b2678c2e-0855-4a7b-810c-6bb043a69d3d,byte,188,188,2025-10-05 21:01:18.603
bd496c1c-a874-4e69-940f-be984c29fe21,2025-10-02 10:58:39.65+00,c9324c15-0fbb-4e75-bdbb-3b5961ceff1f,701daffb-6b59-4b3d-a957-27cc4ecf302a,summary,214,1073,2025-10-02 11:03:09.287
bd661d31-daef-4891-a3bf-9f6e5dfb08d2,2025-10-09 07:32:05.458+00,0840bc13-e9a5-4e91-8726-24972407ac30,43a719d1-b700-44c8-8176-695050ce0287,summary,1269,1269,2025-10-09 07:32:05.458
bd6ab60a-ca17-4cfb-abab-0082af583f9e,2025-10-22 00:22:05.23+00,8c747703-58b8-4d50-a85c-749acad2aa98,2610c709-8108-4e18-aca5-a71b6e8e9fc3,summary,1199,1199,2025-10-22 00:41:46.273
bd849ae1-4651-4f67-9653-cbe37fae3b0f,2025-09-30 06:58:31.948+00,23754c63-f983-4850-9a50-e2fa245a0e00,77f3e47f-acf5-4934-b421-d21a394d90d7,byte,125,125,2025-09-30 06:58:31.948
bd98460a-1bc8-4ab3-9414-2f7e326a4962,2025-10-22 21:40:58.795+00,dcf95cb1-fc75-4dbd-b523-c574f2c57deb,f7117c2e-bf2f-450d-be9d-728c40d6a826,journey,77,77,2025-10-22 21:40:58.795
bd9dfcf3-5bcb-4f1a-9e20-27df1f3f83a4,2025-10-05 15:25:26.183+00,f26f69d5-54ac-4c19-9b78-c0679fc728d3,43a719d1-b700-44c8-8176-695050ce0287,summary,299,1287,2025-10-05 15:30:06.122
bde6bea4-1158-403a-bb19-7c8d88154107,2025-09-28 13:41:14.379+00,570f9bb1-f65d-4679-ad00-e2fb1f5b9ec8,d2740fc2-7a70-45bc-9b0d-a9a517062b62,byte,142,142,2025-09-28 13:41:14.379
bdefd475-040c-4123-9bff-ad1d4d014c46,2025-10-04 22:11:28.224+00,b145a2ea-c8e3-4e49-97b5-8082250d9791,848764d8-d7c3-4c82-9c68-faff38bcbc9e,journey,77,77,2025-10-04 22:11:28.224
be05c69e-9a58-4d15-812e-9770294b80d2,2025-10-22 21:45:42.301+00,dcf95cb1-fc75-4dbd-b523-c574f2c57deb,36d800a1-28e5-4773-a821-05424e9f722e,journey,85,85,2025-10-22 21:45:42.301
be31623f-08a4-4641-82b2-eee763cb75d0,2025-10-18 09:52:39.096+00,9d8b4ceb-ac19-422e-8e34-b68626a390f9,b50e0d58-5ac0-427a-a4de-4b387c1c05b1,summary,718,1110,2025-10-18 10:04:20.149
be414fcf-bedc-4330-91d4-229772e794e6,2025-10-21 23:58:54.135+00,8c747703-58b8-4d50-a85c-749acad2aa98,a3a943ba-0df0-4645-9019-a05abdd2b030,summary,1336,1337,2025-10-22 00:21:10.859
be8b82eb-50a8-4fac-b91b-64220e909a75,2025-10-22 21:40:58.843+00,dcf95cb1-fc75-4dbd-b523-c574f2c57deb,f7117c2e-bf2f-450d-be9d-728c40d6a826,journey,77,77,2025-10-22 21:40:58.843
be92ccea-f22d-43a3-810f-65c84c22138a,2025-10-04 22:08:36.372+00,3563eed6-e605-4cf0-82ff-2f73f2ed58be,fc504004-08f5-429a-9693-5b93a8f95015,summary,39,1269,2025-10-04 22:08:56.381
be9c6559-6a05-4029-91d9-4026ea3e19ee,2025-09-27 22:53:27.887+00,3bcbc50f-2a8f-40d0-b4b8-3779bd5d3c21,2b596717-2692-44b6-a768-5339499c4490,summary,0,0,2025-09-27 22:53:27.887
bf5643f4-9db7-44aa-a3a3-ba51fcb65e0f,2025-10-14 16:24:08.455+00,05792acd-f0e8-4675-ace8-6b3d4a4e4ba7,4e9f1799-8847-4fe5-9310-d01ffe5dd2c0,summary,19,1207,2025-10-14 16:24:08.455
bf90355b-a261-458e-8bcc-ddfc490a79d3,2025-09-28 13:57:52.981+00,c7382a26-0214-42ae-af9a-dfb3cc656da6,0d5a12fc-6a25-4d21-be10-c232b2f25b22,byte,143,143,2025-09-28 13:57:52.981
bfa99968-9db2-44fa-84af-6bf4a4911262,2025-10-02 22:35:17.239+00,f12c99fb-6125-4e8a-9a6b-2cb3da420e74,59218631-e747-444e-b35d-c74b250f3a55,byte,59,107,2025-10-02 22:35:57.487
c0212a78-2806-4d70-baa7-64cee9da3e68,2025-10-22 21:47:04.796+00,dcf95cb1-fc75-4dbd-b523-c574f2c57deb,5586ea5b-fa0a-459a-a2e8-75ae214efc02,journey,63,63,2025-10-22 21:47:04.796
c03c03f4-a668-47c5-acdf-c2722d26badc,2025-09-27 18:44:20.233+00,4983351d-faae-4252-90b2-521ebf21bbba,2d242a27-75b5-4952-97fa-b30437cef044,summary,0,0,2025-09-27 18:44:20.233
c0475a3f-d5b7-4d10-92f3-3bd76a6f8849,2025-10-04 07:34:54.433+00,a2cc3311-3823-4082-8c01-0635f4a0bd8c,b50e0d58-5ac0-427a-a4de-4b387c1c05b1,summary,600,1110,2025-10-04 07:44:49.592
c158745e-a44d-4efe-ab72-bca2c62afacc,2025-10-13 18:11:49.655706+00,c9324c15-0fbb-4e75-bdbb-3b5961ceff1f,70c7266c-832c-46c5-8173-9adf9570a5f4,journey,115,115,2025-10-13 18:11:49.655707
c1700ecd-ec5a-4726-af5a-d1c88421a011,2025-10-09 23:51:25.691+00,8b81f2d9-9eda-4a65-9e74-aec94dc17dd6,2e058380-90ad-412b-9887-52149e8bc2ae,byte,139,143,2025-10-09 23:53:25.964
c1cd28b5-a4a8-481a-8a68-f4828bf32701,2025-10-10 07:34:58.822+00,53f83cb1-cdb9-49b6-82cd-2a480c803d01,4e9f1799-8847-4fe5-9310-d01ffe5dd2c0,summary,1207,1207,2025-10-10 08:01:49.401
c1d321da-bace-4d17-925d-2fdb09b02039,2025-10-16 13:27:50.121+00,34324cb0-d4c6-46e0-9a81-9f03ee15f2d6,a32f2565-8c8a-431f-bf39-20ee0d837e67,byte,112,112,2025-10-16 13:27:50.121
c2035295-973e-4921-a7ab-675810897f58,2025-10-01 22:16:27.407+00,c977ed2f-819e-4ade-a099-cf79bcf4b373,2b596717-2692-44b6-a768-5339499c4490,summary,0,0,2025-10-01 22:16:27.407
c20743b4-4aa1-4e00-8d93-926ab3446105,2025-10-06 17:16:07.594+00,ba9eb0b8-d37b-4015-aeba-5c8b14411096,701daffb-6b59-4b3d-a957-27cc4ecf302a,summary,0,0,2025-10-06 18:01:58.55
c2450e0a-2437-41c8-9a87-8493a785ee2c,2025-10-04 18:44:33.029+00,253b1368-e5a5-4868-a729-1f49d12b4518,aec0c8f9-b75a-4edc-8e60-dd7b9e92bcea,summary,1021,1021,2025-10-04 19:01:15.772
c28d58be-a12b-44e7-927c-a3c91cb0bbf8,2025-10-07 14:45:07.478+00,3a286115-4983-4e39-aa25-e1c42add080c,2b596717-2692-44b6-a768-5339499c4490,summary,1059,1061,2025-10-07 15:02:27.069
c293609a-cf18-4f4c-ba6a-15cf3ef0f587,2025-10-09 11:58:22.36+00,d240e941-9cbe-40bd-b82c-0941ca811584,d2740fc2-7a70-45bc-9b0d-a9a517062b62,byte,139,142,2025-10-09 12:00:21.72
c2c46564-45b7-4bef-bc97-d82f35515474,2025-10-07 20:49:21.306+00,47176715-f473-4a8b-8d82-64745e25d605,b2678c2e-0855-4a7b-810c-6bb043a69d3d,byte,188,188,2025-10-07 20:49:21.306
c2d0f0ba-ed83-4fbf-a66a-0dc4c9524ab2,2025-10-21 23:22:59.642+00,8c747703-58b8-4d50-a85c-749acad2aa98,43a719d1-b700-44c8-8176-695050ce0287,summary,39,1287,2025-10-21 23:23:19.624
c2e72652-ffb1-40be-a5ae-c6605ee18710,2025-10-11 11:48:09.011+00,760cadea-700c-4ab4-9d4a-b80ba567c6e4,43a719d1-b700-44c8-8176-695050ce0287,summary,439,1287,2025-10-11 11:55:09.172
c30b537a-65bc-4d61-a1a9-b743ff7dbf6c,2025-10-09 11:18:08.827+00,53d3595f-b8dd-4cae-85bb-e6f24a5dacd7,43a719d1-b700-44c8-8176-695050ce0287,summary,86,1287,2025-10-09 11:19:08.939
c31e728d-abcc-4c88-85c4-c6a866273e06,2025-10-07 17:27:15.477+00,afadaed9-0fbc-4917-8ce1-05d290b62982,c4849c39-d9bd-4072-ba4b-d7ebc057b52d,summary,417,1186,2025-10-07 17:33:54.486
c327a3b6-037b-4d8c-b6fd-2185b20c3446,2025-09-27 23:47:16.973+00,acd509aa-b110-4d13-9f30-b42e28e325be,aec0c8f9-b75a-4edc-8e60-dd7b9e92bcea,summary,0,0,2025-09-27 23:47:16.973
c33c74d2-c483-44b3-b247-44760831c286,2025-10-23 11:10:08.368+00,d90115bf-3648-4832-85f1-94c2cb12a94f,43a719d1-b700-44c8-8176-695050ce0287,summary,279,1287,2025-10-23 11:14:28.349
c36a7e35-8af0-4781-bf48-240cd01dcc89,2025-10-15 15:05:14.386+00,f99b5c48-caa1-42d4-b37b-3f9cb7cca1ac,c4849c39-d9bd-4072-ba4b-d7ebc057b52d,summary,0,0,2025-10-15 16:33:37.189
c398a4d6-6496-4811-85bf-008d451693f6,2025-10-09 11:01:03.023+00,8907b2cc-0a73-4bab-a867-ea5c08419ee9,5cf2f9e3-3275-49f5-accc-ef43f6c584e3,summary,119,1389,2025-10-09 11:02:43.021
c39a977d-e319-41c0-8a61-8495dae28798,2025-10-06 18:32:33.993+00,59cf2089-ef6a-43b0-a3dd-526d868eda05,6d308ea0-2973-4ebf-95ff-bc723fcae745,journey,209,209,2025-10-06 18:32:33.993
c3ae1d6a-bf13-41a3-a417-51346a31f0e1,2025-10-02 11:50:24.969+00,e54cd5c3-76bc-4b95-bd58-f39de409d0cc,c4849c39-d9bd-4072-ba4b-d7ebc057b52d,summary,1179,1179,2025-10-02 11:50:24.969
c4271ad1-a9f8-4047-aca1-6c75ae41fe4f,2025-10-06 18:10:06.875+00,59cf2089-ef6a-43b0-a3dd-526d868eda05,9a9a27d6-6c8b-4906-ab3e-924289c43bdf,journey,187,187,2025-10-06 18:10:06.875
c477eda4-af88-4a0b-9b63-9247a8493573,2025-10-03 12:56:45.161+00,bc60c7e3-3c0a-429d-85fb-a9eea160f52e,c4849c39-d9bd-4072-ba4b-d7ebc057b52d,summary,1179,1179,2025-10-03 12:56:45.161
c4af1953-acf1-4d67-8e7e-9eb81b300bd4,2025-10-27 23:35:50.762+00,1facf653-9906-4690-9b69-bb61cb72cf22,c4849c39-d9bd-4072-ba4b-d7ebc057b52d,summary,1181,1186,2025-10-27 23:55:12.764
c56a3204-2143-4db6-926a-31316f892739,2025-10-15 14:25:29.36+00,196a150e-f77b-45a2-aab1-6ce8ea9060bf,43a719d1-b700-44c8-8176-695050ce0287,summary,1287,1287,2025-10-15 14:47:35.444
c59cc167-afb5-4cfa-bd4b-88796effe5dc,2025-10-02 19:48:39.248+00,c34131ce-8b1c-41c3-8a6d-eeca5865f693,2b596717-2692-44b6-a768-5339499c4490,summary,0,0,2025-10-02 19:48:39.248
c5c2cbd6-ec2b-4425-8e6a-ef59c3fce14b,2025-10-19 14:00:17.311+00,c1086d74-967f-4b51-bdf4-f31ee1072b1c,43a719d1-b700-44c8-8176-695050ce0287,summary,1287,1287,2025-10-19 14:39:23.375
c5fc984f-e59f-4da4-9eac-773da1ba11ed,2025-10-02 18:48:35.918+00,88a80c38-2e12-4dd6-9804-71cf02548cf9,b50e0d58-5ac0-427a-a4de-4b387c1c05b1,summary,1095,1095,2025-10-02 18:48:35.918
c602bbe7-4950-4586-9058-8982d1f0e2d9,2025-10-03 05:58:12.463+00,86faa717-4644-47fc-ace2-dc18aa4cbdc2,2b596717-2692-44b6-a768-5339499c4490,summary,1055,1061,2025-10-03 06:17:32.998
c63e9f25-3a7c-4f49-8785-22077501b83f,2025-10-23 07:41:43.437+00,78434173-8179-4366-94cf-d0b3b7ee4cdb,c4849c39-d9bd-4072-ba4b-d7ebc057b52d,summary,1186,1186,2025-10-23 08:28:42.211
c680f778-ce49-4020-81d6-10e9759b0bae,2025-09-29 20:06:46.515+00,011e0ec0-619b-469f-b014-9823810450fe,4e9f1799-8847-4fe5-9310-d01ffe5dd2c0,summary,0,0,2025-09-29 20:06:46.515
c69d11e8-0f1b-45c8-af41-9f28c20f0f09,2025-10-07 23:19:24.053+00,e77f3488-b0e3-4aa1-9e95-73383828c9ab,c4849c39-d9bd-4072-ba4b-d7ebc057b52d,summary,19,1186,2025-10-07 23:19:24.053
c7003c5f-16b1-4fed-9b40-00836f74a310,2025-10-09 10:26:25.465+00,b457d7eb-b976-4d09-9d21-e70bac5e6c86,ffef9923-95a8-41e3-859c-61e2f3c6c441,byte,134,135,2025-10-09 10:59:30.756
c7f8b2ad-9162-4ad6-9bc6-ddb850ec86da,2025-10-23 06:36:56.862+00,2f2af87b-1a51-4ae9-885c-39765dce0af8,3bf7254b-f2c6-4d5d-854f-67bc3c6bcca7,summary,0,0,2025-10-23 07:05:01.424
c805d2fa-b8cd-47e0-9206-c0b12cd11934,2025-10-02 09:20:18.402+00,0b514ac3-de5b-4c48-afcf-f7c4bf4020e5,43a719d1-b700-44c8-8176-695050ce0287,summary,0,0,2025-10-02 09:20:18.402
c83582b6-0fa3-4115-97bb-735d6d432e0b,2025-09-28 15:14:50.973+00,3dd5a388-a889-49d6-945c-8e4018e03122,2b596717-2692-44b6-a768-5339499c4490,summary,0,0,2025-09-28 15:14:50.973
c894ad49-376d-4209-a0c5-3c52519aa752,2025-10-03 05:29:30.397+00,b4349db4-cb5c-4dde-89b7-12973cb2e42d,43a719d1-b700-44c8-8176-695050ce0287,summary,1287,1287,2025-10-03 05:50:38.302
c9172326-a310-433b-9d49-4430c4965542,2025-09-28 10:57:08.119+00,3e6f0cba-c01e-4eca-b37b-5aad9a3d89c7,43a719d1-b700-44c8-8176-695050ce0287,summary,0,0,2025-09-28 10:57:08.119
c926ebdb-05b6-4d12-af9a-1bfbff00ccfe,2025-10-12 18:57:41.91+00,b4acf977-25d5-4dff-b1ae-b2d7bf5f388a,aec0c8f9-b75a-4edc-8e60-dd7b9e92bcea,summary,39,1021,2025-10-12 18:58:01.952
c9320749-85a2-45bb-983d-6ad2e34c1cb7,2025-10-02 21:54:52.464+00,044bbb1c-90e7-4f77-97a7-720dc2dcb955,b8c04b2d-4a4d-44d8-907b-ff53044e55d2,journey,156,156,2025-10-02 21:54:52.464
c960a9f8-f34f-497f-b5f5-e4b956441944,2025-10-18 17:23:55.785+00,7078379e-b375-4960-81c6-97142ce3b76c,b2678c2e-0855-4a7b-810c-6bb043a69d3d,byte,188,188,2025-10-18 17:23:55.785
c97bb459-fe8d-4d43-9388-c9b605fad79d,2025-10-04 12:09:40.151+00,f968dc8d-b41e-4898-b840-9d116423b0c3,59218631-e747-444e-b35d-c74b250f3a55,byte,107,107,2025-10-04 12:11:13.339
c9c2cb9e-59d9-4071-ae51-457cb4d1fd28,2025-10-04 11:58:58.221+00,4d2d3bc4-8b3e-4a4d-a37b-a494d41b3cfc,77f3e47f-acf5-4934-b421-d21a394d90d7,byte,62,125,2025-10-04 11:59:38.006
c9e0e310-10e6-40ec-9c8c-28540d170c0b,2025-10-11 07:45:52.794+00,494578f6-d4af-476b-8f1f-e31d8e04563b,c4849c39-d9bd-4072-ba4b-d7ebc057b52d,summary,487,1186,2025-10-11 07:56:02.491
ca5ee45a-c717-4206-9bf2-3e408448cd02,2025-10-19 15:29:13.155+00,5a428934-0c91-4244-b853-67c17d62c72d,e3d7dfe2-ad6c-4b4c-a501-986c05dd9ad3,summary,0,0,2025-10-19 15:50:29.815
caa3c150-1937-469d-a79d-fbb274d2cc44,2025-10-03 12:20:23.594+00,d36afa78-6e08-4820-9d2a-10ea6c929bb1,2b596717-2692-44b6-a768-5339499c4490,summary,36,1061,2025-10-03 12:20:23.594
caf1f024-6ccf-44cf-9d96-321b3e4e45a3,2025-09-28 06:18:25.815+00,b70ccf74-5d10-4b56-a439-52d10b2b19ea,ffef9923-95a8-41e3-859c-61e2f3c6c441,byte,135,135,2025-09-28 06:18:25.815
cb15c205-643e-4f02-a139-841ca01e0c1b,2025-10-12 10:20:06.209+00,16174339-d5e4-44e2-9abd-9c0072f98d8a,77f3e47f-acf5-4934-b421-d21a394d90d7,byte,124,125,2025-10-12 10:21:51.129
cb2dd5d4-e268-4c02-8975-24360e7509ef,2025-10-11 06:57:17.143+00,d51ba89f-6332-4327-81cd-4e9045fa15ee,a3a943ba-0df0-4645-9019-a05abdd2b030,summary,339,1337,2025-10-11 07:02:37.444
cb3749b0-704f-4b6e-96a4-1efb5d4d75f8,2025-10-04 08:34:18.2+00,7e0cc7d1-8bf8-41fe-ba32-ac4f2d470e9a,43a719d1-b700-44c8-8176-695050ce0287,summary,1269,1269,2025-10-04 08:34:18.2
cb7fcaab-ee21-44ef-aaae-d1a13c46f678,2025-10-02 18:46:33.72+00,88a80c38-2e12-4dd6-9804-71cf02548cf9,2b596717-2692-44b6-a768-5339499c4490,summary,1061,1061,2025-10-02 18:46:33.72
cbba3233-9379-4faa-be5a-a15cf7078963,2025-10-02 22:32:00.687+00,f12c99fb-6125-4e8a-9a6b-2cb3da420e74,e3d7dfe2-ad6c-4b4c-a501-986c05dd9ad3,summary,79,1250,2025-10-02 22:33:00.889
cbdd23af-68cc-46e4-a472-14373c70942a,2025-10-16 17:46:53.264+00,9a944fd7-8f14-4311-8e23-bd4535edb783,aec0c8f9-b75a-4edc-8e60-dd7b9e92bcea,summary,0,0,2025-10-16 18:15:01.895
cbf84af4-bb28-4fca-bf56-4372a1b9c9c6,2025-10-03 11:24:58.608+00,00912375-28ea-422f-b0e2-dfa87cc2ef6d,b8c04b2d-4a4d-44d8-907b-ff53044e55d2,journey,156,156,2025-10-03 11:24:58.608
ccaac689-9b99-4574-853f-5874bd22c50f,2025-10-09 09:47:40.546+00,b5b7f47a-8898-4e94-9c1f-f8e41a911506,6e6d17b0-2505-4d65-8361-7ffbfa80bec3,journey,152,152,2025-10-09 09:47:40.546
ccadeffc-29b9-4378-8148-88e153ee4938,2025-10-06 01:58:09.163+00,2efa06ef-b135-4d6c-8410-b1cf129c1a48,77f3e47f-acf5-4934-b421-d21a394d90d7,byte,125,125,2025-10-06 02:00:07.983
ccdef43e-2011-4f18-bd53-81731dfd944b,2025-10-23 20:43:59.777+00,50a6a4b4-d961-4a17-baa3-e4052fc404a2,2610c709-8108-4e18-aca5-a71b6e8e9fc3,summary,1199,1199,2025-10-23 21:03:39.819
cd022e51-bca3-42a7-80c4-ab44ea0c9d00,2025-09-30 06:56:22.425+00,23754c63-f983-4850-9a50-e2fa245a0e00,82e618fa-a346-4b6c-9c72-f42236d97f38,byte,168,168,2025-09-30 06:56:22.425
cd0bf682-1ffd-416f-86b0-f224f24c207b,2025-10-02 16:08:37.635+00,3563eed6-e605-4cf0-82ff-2f73f2ed58be,b8c04b2d-4a4d-44d8-907b-ff53044e55d2,journey,156,156,2025-10-02 16:08:37.635
cd0ff6dc-cec6-41c1-9a70-3c59100f0ffe,2025-10-01 12:15:13.332+00,2c755f47-680a-4620-8e10-f5a8017c1e01,43a719d1-b700-44c8-8176-695050ce0287,summary,0,0,2025-10-01 12:15:13.332
cd24e5a1-c6b0-4ed1-9a5f-f3e41833f197,2025-09-27 23:11:37.434+00,011e0ec0-619b-469f-b014-9823810450fe,77f3e47f-acf5-4934-b421-d21a394d90d7,byte,125,125,2025-09-27 23:11:37.434
cd36b52c-5f4b-482a-948b-2d5433d177ba,2025-10-01 09:21:02.844+00,62223902-ca0d-481a-87a1-14396e557424,5fda1d3b-89a4-4f4c-a046-dd751289ff5f,byte,115,115,2025-10-01 09:21:02.844
cd43ca9c-9398-4dee-b983-a27e66f80086,2025-10-29 10:42:23.64+00,8c747703-58b8-4d50-a85c-749acad2aa98,2d242a27-75b5-4952-97fa-b30437cef044,summary,209,851,2025-10-29 10:45:20.714
cd590832-8777-45b5-bd83-b423457d99be,2025-10-08 19:42:58.105+00,fd84d4f9-2557-4aa2-bb96-c4b775b85a23,701daffb-6b59-4b3d-a957-27cc4ecf302a,summary,243,1073,2025-10-08 19:46:41.306
cd883047-1869-4b12-a9fc-1099b67a5123,2025-10-24 07:05:04.791+00,8c747703-58b8-4d50-a85c-749acad2aa98,dec65b67-7026-4455-9b5f-b98fcf6d25c6,summary,737,738,2025-10-24 07:17:01.796
ce4f1e91-32e7-43ac-bb9c-5f4ea47eade3,2025-10-21 10:37:04.076+00,3dd5a388-a889-49d6-945c-8e4018e03122,2e058380-90ad-412b-9887-52149e8bc2ae,byte,143,143,2025-10-21 10:39:22.874
ce6946b4-79e2-4d2b-9160-1b5e6f51195c,2025-09-30 13:13:28.329+00,c057c783-715d-4f25-b552-de620e5ea1b8,43a719d1-b700-44c8-8176-695050ce0287,summary,0,0,2025-09-30 13:13:28.329
ceba50f3-bfc1-40ae-bbae-30ff6c415e64,2025-10-16 13:31:52.264+00,7e62eb39-5545-4ee8-b033-b31ca0c2bb97,16d1baef-8193-4e05-a831-6e389afc66d4,summary,1244,1247,2025-10-16 13:31:52.475
ced361e7-42b7-42a8-9609-8cfcf203499d,2025-09-30 06:56:28.715+00,23754c63-f983-4850-9a50-e2fa245a0e00,82e618fa-a346-4b6c-9c72-f42236d97f38,byte,168,168,2025-09-30 06:56:28.715
cee93ee3-17f6-4e87-817d-5dc303622d2c,2025-10-07 08:34:52.157+00,6c26c45b-96e0-44a0-83ee-b2fccf681bbd,43a719d1-b700-44c8-8176-695050ce0287,summary,0,0,2025-10-25 13:41:06.087
cf54e8bf-1683-4bff-ae46-76e7d713f809,2025-10-18 08:12:06.092+00,f6d4dadc-a56a-4dc7-8df0-86ad6ee02701,2610c709-8108-4e18-aca5-a71b6e8e9fc3,summary,1194,1199,2025-10-18 08:31:48.509
cfa90b30-30ae-4575-acfe-8f9098598e04,2025-10-03 06:05:27.968+00,955f3693-1837-4319-a3ef-c9cc4c569452,b2678c2e-0855-4a7b-810c-6bb043a69d3d,byte,19,188,2025-10-03 06:05:27.968
cfaabbad-b29a-4baf-8ce0-d2fd7fd2f2a6,2025-09-28 16:54:49.927+00,196e409c-a563-4963-b26c-e2b6e9a954cd,4e9f1799-8847-4fe5-9310-d01ffe5dd2c0,summary,0,0,2025-09-28 16:54:49.927
d034d05a-fdac-4476-b9aa-379060ce81c4,2025-10-02 17:21:02.67+00,14fd93c1-f2d9-42aa-9b1e-c26f4ce3f360,f61cd80f-91b8-4a48-af4c-195a37ac1e28,summary,1458,1458,2025-10-02 18:50:04.658
d051de20-25e0-4154-a189-24ca39f79a2e,2025-10-22 11:11:31.547+00,78434173-8179-4366-94cf-d0b3b7ee4cdb,7ea24f8e-ccaf-4881-9231-b0c9597ad808,summary,1357,1357,2025-10-22 11:33:49.969
d05b7f06-59ec-4124-9667-e9f2d7b95758,2025-09-28 14:55:48.881+00,2c3ea2b9-f142-4799-a5c1-c01678dc96e7,b50e0d58-5ac0-427a-a4de-4b387c1c05b1,summary,0,0,2025-09-28 14:55:48.881
d0c58568-5e33-49ca-9bcd-fd8b4e79b3eb,2025-10-06 14:58:26.216+00,8042579b-2c7f-4cb4-a6eb-93be4128af90,701daffb-6b59-4b3d-a957-27cc4ecf302a,summary,1073,1073,2025-10-06 15:17:56.473
d0e223b5-035b-431b-bb31-0547ddb4bca9,2025-09-28 13:41:17.215+00,570f9bb1-f65d-4679-ad00-e2fb1f5b9ec8,d2740fc2-7a70-45bc-9b0d-a9a517062b62,byte,142,142,2025-09-28 13:41:17.215
d14088e7-667b-4f62-9252-7ab6a88b0974,2025-10-02 12:40:33.458+00,66ff7fc6-afce-48fa-8e85-018e3300fe13,c4849c39-d9bd-4072-ba4b-d7ebc057b52d,summary,0,0,2025-10-02 12:40:33.458
d15fdbf9-ed91-4301-9a5f-b270cc67a0f8,2025-10-15 15:46:30.473+00,94071b50-1c8b-44d9-b448-7bdfd3c80f04,b775e83f-21a0-490a-8307-0e2e3cabeee8,summary,19,924,2025-10-15 15:46:30.473
d19d6df0-8005-4c68-9f67-2f37bc8358ee,2025-10-07 08:29:39.998+00,9a944fd7-8f14-4311-8e23-bd4535edb783,43a719d1-b700-44c8-8176-695050ce0287,summary,0,0,2025-10-07 09:06:48.416
d1fc3d68-1513-4608-b86f-a9a53a3db904,2025-10-29 04:37:25.672+00,4813f5f6-c7e7-4cf2-af3a-47d3f3688d5c,c4849c39-d9bd-4072-ba4b-d7ebc057b52d,summary,0,0,2025-10-29 04:57:33.441
d274c5c2-85d4-4503-a229-a3878cc9de29,2025-10-15 15:15:41.093+00,94071b50-1c8b-44d9-b448-7bdfd3c80f04,c4849c39-d9bd-4072-ba4b-d7ebc057b52d,summary,0,0,2025-10-23 15:28:54.568
d281b22a-afc7-4898-9bfc-8130a5de40a8,2025-10-22 10:47:47.478+00,78434173-8179-4366-94cf-d0b3b7ee4cdb,e3d7dfe2-ad6c-4b4c-a501-986c05dd9ad3,summary,1250,1250,2025-10-22 11:08:45.948
d2b831f6-59fa-4635-85d2-f5967a73f5e5,2025-10-01 14:53:14.182+00,2d96e21c-5609-4940-9f6c-dca11cd20d96,c747a916-df40-4c6b-ac2d-4f7b90f39e01,byte,204,204,2025-10-01 14:53:14.182
d2ded264-a107-4a29-9b9b-11379d03863c,2025-10-15 15:49:06.045+00,6b7187ed-a4ac-4f0e-bb9d-9af05e611b30,aec0c8f9-b75a-4edc-8e60-dd7b9e92bcea,summary,39,1021,2025-10-15 15:49:26.066
d2ee0291-25f6-42ef-83a5-9ce257dfdc5e,2025-10-08 06:25:41.739+00,810291f7-2794-4ff7-9eb1-5890d7aff601,2610c709-8108-4e18-aca5-a71b6e8e9fc3,summary,1199,1199,2025-10-08 06:45:36.586
d31130f6-a045-44a6-8bf2-068f351eef5c,2025-09-28 13:40:03.8+00,570f9bb1-f65d-4679-ad00-e2fb1f5b9ec8,c747a916-df40-4c6b-ac2d-4f7b90f39e01,byte,204,204,2025-09-28 13:40:03.8
d3323331-87df-49c5-bc57-a752de9ed1b1,2025-10-22 09:15:13.498+00,78434173-8179-4366-94cf-d0b3b7ee4cdb,a3a943ba-0df0-4645-9019-a05abdd2b030,summary,1336,1337,2025-10-22 09:37:09.916
d39cbdeb-99ae-4306-9b93-0901107d366f,2025-09-29 09:02:27.626+00,618d5fb1-ffed-4ab2-9fc2-24fc28e909c9,b05f8d22-08e0-4744-91be-6c45e684d2fa,summary,0,0,2025-09-29 09:02:27.626
d3b131f7-4081-444c-8fec-a667e09ce62b,2025-10-07 10:05:10.027+00,4d0b5604-c618-4b9e-9f56-0a6fc433557b,f2892d71-656f-4ce4-930f-ab0df081ad19,byte,289,290,2025-10-07 10:09:42.964
d3cc1db1-070c-4a87-bbd4-ba1ff4988538,2025-09-30 06:56:27.471+00,23754c63-f983-4850-9a50-e2fa245a0e00,82e618fa-a346-4b6c-9c72-f42236d97f38,byte,168,168,2025-09-30 06:56:27.471
d3cf19c1-e0a5-4525-b605-277957db75ff,2025-10-16 15:24:24.772+00,0767b701-68ca-46ac-904a-dd15f10cedab,2610c709-8108-4e18-aca5-a71b6e8e9fc3,summary,0,0,2025-10-16 15:25:18.722
d41eb318-b375-4f16-9a60-5e1bff70b69c,2025-10-07 09:04:32.094+00,6c26c45b-96e0-44a0-83ee-b2fccf681bbd,c4849c39-d9bd-4072-ba4b-d7ebc057b52d,summary,539,1186,2025-10-07 09:13:12.159
d4280e6d-b680-4282-b59d-8667948269e6,2025-10-24 07:52:24.413+00,9a5d6755-5a4a-4535-893a-abb646f217d2,4e9f1799-8847-4fe5-9310-d01ffe5dd2c0,summary,1207,1207,2025-10-24 08:12:55.01
d43a68e1-8b77-4eff-a5ab-7a4c807b7bde,2025-10-16 13:27:49.139+00,34324cb0-d4c6-46e0-9a81-9f03ee15f2d6,a32f2565-8c8a-431f-bf39-20ee0d837e67,byte,112,112,2025-10-16 13:27:49.139
d446da2f-d55b-445f-a673-3aa1d4c18d5f,2025-10-15 15:43:07.42+00,94071b50-1c8b-44d9-b448-7bdfd3c80f04,4e9f1799-8847-4fe5-9310-d01ffe5dd2c0,summary,39,1207,2025-10-15 15:43:27.553
d454929a-3547-4ec1-a764-416ea89be41c,2025-10-05 08:46:00.984+00,b0277fec-ded5-40e0-bd26-8539430691d9,d6366c7b-6b7f-455d-b743-b4a509e4a1df,byte,119,123,2025-10-05 08:47:40.214
d4be37ce-267b-430b-82e8-4970e5b0fa4c,2025-10-03 12:56:35.483+00,bc60c7e3-3c0a-429d-85fb-a9eea160f52e,c4849c39-d9bd-4072-ba4b-d7ebc057b52d,summary,1179,1179,2025-10-03 12:56:35.483
d553f42c-0f58-475e-923a-3852e260de99,2025-09-29 16:07:29.637+00,2d96e21c-5609-4940-9f6c-dca11cd20d96,77f3e47f-acf5-4934-b421-d21a394d90d7,byte,125,125,2025-09-29 16:07:29.637
d580e938-f1e0-4261-9f2e-c7bdcce32404,2025-10-22 17:20:55.58+00,58a9b7db-bf2e-4562-9e24-5821673b33a4,2b596717-2692-44b6-a768-5339499c4490,summary,19,1061,2025-10-22 17:20:55.58
d5d5e7ab-3e84-430a-826b-5f7251bb3bf9,2025-10-09 12:02:13.12+00,d240e941-9cbe-40bd-b82c-0941ca811584,121b2332-c350-4e67-8dc7-002567580c13,byte,136,136,2025-10-09 12:04:10.218
d62ad92f-c888-4798-8539-0a0edaa77108,2025-10-05 08:03:57.001+00,365987b3-44f4-400c-b9fe-2877ef55cea3,701daffb-6b59-4b3d-a957-27cc4ecf302a,summary,1073,1073,2025-10-05 08:04:18.211
d64b4743-7b1c-44fb-a36d-bd99c851555b,2025-10-16 13:31:52.38+00,7e62eb39-5545-4ee8-b033-b31ca0c2bb97,16d1baef-8193-4e05-a831-6e389afc66d4,summary,1244,1247,2025-10-16 13:31:52.475
d65cc344-09e8-4c0f-92de-5f4c8f918866,2025-09-30 23:09:49.213+00,fbfe5856-3143-4668-b421-c68b8c324edb,77f3e47f-acf5-4934-b421-d21a394d90d7,byte,125,125,2025-09-30 23:09:49.213
d6667c4a-2d0a-458e-beed-be748ae8fb8c,2025-09-28 08:28:41.916+00,6f6a13d8-f0c1-44e8-82a2-bd766d4b58cd,77f3e47f-acf5-4934-b421-d21a394d90d7,byte,125,125,2025-09-28 08:28:41.916
d757274a-03ce-4d06-af90-e64a8a0a9d69,2025-10-02 18:48:44.739+00,88a80c38-2e12-4dd6-9804-71cf02548cf9,b50e0d58-5ac0-427a-a4de-4b387c1c05b1,summary,1095,1095,2025-10-02 18:48:44.739
d773a3ff-0bf1-4143-9ac9-f3a1e475f53d,2025-09-29 12:35:38.091+00,dcf95cb1-fc75-4dbd-b523-c574f2c57deb,b2678c2e-0855-4a7b-810c-6bb043a69d3d,byte,188,188,2025-09-29 12:35:38.091
d7b66cfe-18c7-4cdb-8b7f-c330c63f8eb0,2025-10-09 23:29:43.757+00,62680eed-a35c-4a0c-94d0-c42ba4f29962,77f3e47f-acf5-4934-b421-d21a394d90d7,byte,125,125,2025-10-09 23:29:47.651
d7c7578e-a327-4466-8567-4b641453b4b4,2025-10-12 21:32:37.155+00,0e8e9fca-1572-4bf7-841a-4f704d0c18f7,865b8218-5493-4d6f-935f-d18f2be2448f,byte,159,163,2025-10-12 21:34:56.579
d8bbbf24-ba73-4938-bda5-ed2fcb274900,2025-10-22 20:00:43.439+00,d51ba89f-6332-4327-81cd-4e9045fa15ee,4e9f1799-8847-4fe5-9310-d01ffe5dd2c0,summary,1207,1207,2025-10-22 20:00:43.439
d90deb80-e070-4f9e-a621-713ea575473c,2025-10-03 12:56:35.868+00,bc60c7e3-3c0a-429d-85fb-a9eea160f52e,c4849c39-d9bd-4072-ba4b-d7ebc057b52d,summary,1179,1179,2025-10-03 12:56:35.868
d912ee34-9d81-4d6f-b1f1-a705bf4d865d,2025-10-01 08:55:05.054+00,c36a025b-be6b-4ce9-92cd-b52b3470d77c,2610c709-8108-4e18-aca5-a71b6e8e9fc3,summary,0,0,2025-10-01 08:55:05.054
d9940213-0549-4ce4-81fc-00be1967ae81,2025-10-12 09:11:47.036+00,683325b1-de10-4fe0-945e-5bd0baf06251,b50e0d58-5ac0-427a-a4de-4b387c1c05b1,summary,19,1110,2025-10-12 09:11:47.036
d9a3f938-f9eb-4de9-82ee-e91da9b394ad,2025-09-28 16:35:40.927+00,0f63e24b-b5c7-44a1-8546-c816391c02a6,b2678c2e-0855-4a7b-810c-6bb043a69d3d,byte,188,188,2025-09-28 16:35:40.927
d9c3bca0-7f9e-4b43-9694-fa5132a8ecba,2025-10-22 08:12:52.758+00,36f3782c-20c4-4d21-b8e0-5103e9220734,c4849c39-d9bd-4072-ba4b-d7ebc057b52d,summary,0,0,2025-10-22 08:34:43.888
da10e1e6-f391-4855-aaf8-63f7e0225bf8,2025-10-03 11:33:56.226+00,bc60c7e3-3c0a-429d-85fb-a9eea160f52e,43a719d1-b700-44c8-8176-695050ce0287,summary,1269,1269,2025-10-03 11:33:56.226
da6492a4-8b69-4815-87b3-3d7eb09b4db5,2025-10-06 07:38:34.061+00,8984f475-91e0-48ac-baca-35d7ec755c9c,b50e0d58-5ac0-427a-a4de-4b387c1c05b1,summary,0,0,2025-10-13 08:24:26.714
da7910de-a0bd-4cd9-a26a-800f911a6160,2025-10-22 23:08:47.507+00,6d88c8ce-c548-4345-ba3a-4bb68e205cd7,be2ad415-2f72-4399-a701-7b0b641fac5c,byte,104,105,2025-10-22 23:10:42.108
daa592d6-ba39-45fd-bfdb-5d3d0261bb4c,2025-10-03 18:49:28.437+00,2f2af87b-1a51-4ae9-885c-39765dce0af8,50355a21-c43a-43a8-a8c3-98a4fc94eb57,summary,719,1150,2025-10-03 19:01:08.495
dab1bc45-cd56-4dcd-b39f-0f372944c454,2025-10-02 21:57:04.346+00,044bbb1c-90e7-4f77-97a7-720dc2dcb955,813d0f70-dbd4-4771-abe9-6abdb7dc78d0,journey,69,69,2025-10-02 21:57:04.346
dae1e692-acab-4721-b8c1-5e8f4fba7d27,2025-10-03 11:39:23.533+00,c22c498b-f78c-4a9e-a755-730738be189d,701daffb-6b59-4b3d-a957-27cc4ecf302a,summary,1073,1073,2025-10-04 11:58:13.95
db5db372-9434-42a8-8ed9-5b51d44d47d5,2025-10-08 08:27:37.372+00,4df184ce-d7f5-4b7e-986c-87cbe48ef63f,b50e0d58-5ac0-427a-a4de-4b387c1c05b1,summary,569,1110,2025-10-08 08:36:48.296
dba81f32-4bb1-4e7b-ab69-adcf6117955f,2025-10-07 00:06:46.587+00,356420ca-c03d-4fd7-bc74-d4b078842ccc,c4849c39-d9bd-4072-ba4b-d7ebc057b52d,summary,199,1186,2025-10-07 00:09:46.591
dbbaab35-23ff-4d94-b023-3b77e6eba479,2025-10-04 18:28:33.322+00,253b1368-e5a5-4868-a729-1f49d12b4518,c4849c39-d9bd-4072-ba4b-d7ebc057b52d,summary,0,0,2025-10-04 18:28:33.322
dbd691b8-5161-4cdc-84b4-9f43dc2e4ff9,2025-10-10 22:17:22.709+00,6c26c45b-96e0-44a0-83ee-b2fccf681bbd,2610c709-8108-4e18-aca5-a71b6e8e9fc3,summary,179,1199,2025-10-10 22:20:02.707
dbfe389b-52f7-46d4-9ddd-23ea18454c12,2025-09-29 02:52:05.259+00,8718ff60-93ee-4bf9-b0e9-672e1fde4dc4,250175fd-7b73-4037-b206-af7d44ccf5c7,byte,208,208,2025-09-29 02:52:05.259
dc0e9736-60b4-490f-b40c-99b1e8715508,2025-10-11 10:54:02.562+00,38aa5c68-771d-4a2e-b0fd-790dfdcecb1e,9181b76c-67a9-4328-9632-3315cfc0b427,summary,616,1348,2025-10-11 11:04:27.236
dc2e9274-93d1-42a6-9486-29712dda28ea,2025-10-06 08:29:58.524+00,014abd90-6aeb-4df0-827d-b532721a9d77,701daffb-6b59-4b3d-a957-27cc4ecf302a,summary,19,1073,2025-10-06 08:29:58.524
dc49a957-7d12-435d-a05b-0a94dd31f7ef,2025-10-03 07:33:54.701+00,899d5230-e6fb-4358-971f-6101e4f52637,701daffb-6b59-4b3d-a957-27cc4ecf302a,summary,139,1073,2025-10-03 07:35:55.518
dc87c9eb-2b0d-4dc2-8519-349723754642,2025-10-06 17:33:56.686+00,0bf08e3c-66da-4ef5-9cc7-037bd0c18866,aec0c8f9-b75a-4edc-8e60-dd7b9e92bcea,summary,179,1021,2025-10-06 17:36:35.726
dc90210d-3e4b-43de-a041-330394eaac79,2025-10-08 11:55:21.606+00,dd63bbdd-434f-4246-aa70-ca9cde4d9ecf,43a719d1-b700-44c8-8176-695050ce0287,summary,89,1287,2025-10-08 11:56:21.125
dc91a2d8-231c-4e02-ba8b-cb1fbee41d42,2025-10-06 18:46:13.963+00,59cf2089-ef6a-43b0-a3dd-526d868eda05,366e9675-7d2b-4a49-b489-e4459b4e919e,journey,223,223,2025-10-06 18:46:13.963
dcd67a60-7a4b-4735-8849-0281a55d1a9c,2025-09-27 15:44:01.113+00,0f63e24b-b5c7-44a1-8546-c816391c02a6,b2678c2e-0855-4a7b-810c-6bb043a69d3d,byte,188,188,2025-09-27 15:44:01.113
dcdea13f-6315-4fde-8296-dc7c5400dc08,2025-10-22 21:45:25.28+00,dcf95cb1-fc75-4dbd-b523-c574f2c57deb,36d800a1-28e5-4773-a821-05424e9f722e,journey,85,85,2025-10-22 21:45:25.281
ddf76d4c-d775-45d4-a327-556943dee286,2025-10-05 10:47:47.794+00,49d3ebe0-53bd-48ba-a3a2-f1015e36531c,43a719d1-b700-44c8-8176-695050ce0287,summary,1269,1269,2025-10-05 10:47:53.425
de0eff5d-e3ee-46b9-9f71-04c34f0cd0d5,2025-09-27 13:39:55+00,815589d7-eab0-44e7-90d3-1814401fc65e,77f3e47f-acf5-4934-b421-d21a394d90d7,byte,125,125,2025-09-27 13:39:55
de0fc62a-6954-4873-a08b-e53d9141fb54,2025-10-25 13:57:53.941+00,c95047f2-a633-4698-afba-f7eceeeed34b,43a719d1-b700-44c8-8176-695050ce0287,summary,0,0,2025-10-25 14:19:54.883
de61713e-255c-4840-b230-3bf86bdb5cee,2025-09-30 10:17:16.245+00,f4958a66-2708-4276-8f52-3ece2f27dcfd,ffef9923-95a8-41e3-859c-61e2f3c6c441,byte,135,135,2025-09-30 10:17:16.245
de6ff543-9de1-4934-84b6-0b32b5f80a19,2025-10-22 08:31:00.706+00,78434173-8179-4366-94cf-d0b3b7ee4cdb,43a719d1-b700-44c8-8176-695050ce0287,summary,1287,1287,2025-10-22 08:54:40.677
de88ed66-82e6-4405-a611-0bd4fee16ebe,2025-09-29 21:19:00.9+00,06e3b959-1fb5-4263-93ae-082b6011e4cb,dea581bb-61a3-47ab-9025-138f0c1b4c7e,byte,123,123,2025-09-29 21:19:00.9
debac550-3bf6-4277-98ef-4b88263b2f5e,2025-10-02 13:45:39.071+00,65b125e0-82a2-42c5-b67b-115682f091f3,b50e0d58-5ac0-427a-a4de-4b387c1c05b1,summary,0,0,2025-10-02 13:45:39.071
df04d8b4-3274-4991-a3ca-e8248abba767,2025-10-09 19:42:46.723+00,ef5b18c2-0578-4ed9-9115-aa0a3935d540,a1c8d32b-6a00-4426-866a-4f25cbcf7d50,byte,19,149,2025-10-09 19:42:46.723
df479080-02f8-4046-8d0e-469b3ccba11f,2025-10-16 13:54:18.396+00,9a944fd7-8f14-4311-8e23-bd4535edb783,aafc6228-83cb-46a8-9447-9701c489de8a,summary,1198,1198,2025-10-16 14:13:57.326
df6e5d07-8674-47c5-80a1-576df57a14d5,2025-10-02 18:58:26.199+00,8ad5146b-5532-4934-8245-e6e6d7962462,2d242a27-75b5-4952-97fa-b30437cef044,summary,319,851,2025-10-02 19:03:26.167
dfa99cf7-3e4d-444b-8cda-0cab89c5f98a,2025-09-27 22:20:47.525+00,e7484f24-444e-45c3-ace0-e2d75e224df1,b50e0d58-5ac0-427a-a4de-4b387c1c05b1,summary,0,0,2025-09-27 22:20:47.525
dfd8b3aa-ba11-458f-b2bb-7c2879747e7b,2025-10-06 15:00:01.323+00,16dce47a-5230-4320-995d-1e9a9e1bb805,b50e0d58-5ac0-427a-a4de-4b387c1c05b1,summary,625,1110,2025-10-06 16:26:52.187
dff7264d-ea81-4c11-881a-ac7a0115540c,2025-10-21 11:37:04.281+00,a5027740-b102-4eab-ba92-cbeb0d9c8144,c4849c39-d9bd-4072-ba4b-d7ebc057b52d,summary,19,1186,2025-10-21 11:37:04.281
dffcf93a-67d3-47fe-849e-20f1538f1fcb,2025-10-04 10:01:26.169+00,f968dc8d-b41e-4898-b840-9d116423b0c3,a3a943ba-0df0-4645-9019-a05abdd2b030,summary,1349,1349,2025-10-04 10:01:26.169
e044c525-50f2-4d34-b771-85632f30b4d8,2025-10-27 10:29:11.448+00,310d0a57-5531-4f49-b4fa-36736038a546,2610c709-8108-4e18-aca5-a71b6e8e9fc3,summary,1196,1199,2025-10-27 10:48:44.593
e085453a-cafd-474e-9276-7739415dbf9a,2025-10-06 00:13:17.592+00,80f6c346-5a6c-4a59-b401-ae123b0f9e6a,e3d7dfe2-ad6c-4b4c-a501-986c05dd9ad3,summary,0,0,2025-10-06 00:13:17.592
e086d8ad-e0eb-4431-9111-66d2ee38241c,2025-10-13 19:09:41.166+00,f8387438-7bae-4fe4-940a-1cb47f94139a,dea581bb-61a3-47ab-9025-138f0c1b4c7e,byte,123,123,2025-10-13 19:09:41.166
e17507ef-a1b3-435e-9623-a6b5979f13a0,2025-10-13 21:40:31.513+00,cd446e3f-ac88-4b4a-89cf-0e898e970b2a,43a719d1-b700-44c8-8176-695050ce0287,summary,39,1287,2025-10-13 21:40:51.372
e180f024-7d07-42a1-9648-4167e96e16c2,2025-09-28 11:15:06.474+00,9197f0c3-2f61-409a-b6bb-c38b718d6e23,dea581bb-61a3-47ab-9025-138f0c1b4c7e,byte,123,123,2025-09-28 11:15:06.474
e18301e1-64a7-4753-ab1a-eeccdc908c48,2025-09-27 23:11:41.139+00,011e0ec0-619b-469f-b014-9823810450fe,77f3e47f-acf5-4934-b421-d21a394d90d7,byte,125,125,2025-09-27 23:11:41.139
e1a8bfeb-4608-42ab-8a05-a1d37b0f561b,2025-10-01 10:49:04.281+00,31b159d0-a0c5-462e-8f9b-9c5214282dc7,c4849c39-d9bd-4072-ba4b-d7ebc057b52d,summary,0,0,2025-10-01 10:49:04.281
e1a8e9fe-b240-49a4-b0dc-cecec393d0b1,2025-10-03 11:20:44.822+00,00912375-28ea-422f-b0e2-dfa87cc2ef6d,2b596717-2692-44b6-a768-5339499c4490,summary,0,0,2025-10-03 11:20:44.822
e1b15d57-6369-41a1-8721-759096ab465c,2025-10-28 06:56:22.015+00,2f2af87b-1a51-4ae9-885c-39765dce0af8,b50e0d58-5ac0-427a-a4de-4b387c1c05b1,summary,604,1110,2025-10-28 07:06:34.163
e1b61dd1-1b7e-4f5d-893f-f61a6e03a478,2025-09-30 06:45:22.703+00,a151f3f1-eb05-47d2-907d-811a582c7b25,89354efe-b8bc-477a-b9ba-74a8e5c6a7a1,summary,0,0,2025-09-30 06:45:22.703
e23e5307-5877-4bd2-800e-b7ae08e25df1,2025-10-04 10:08:43.73+00,f968dc8d-b41e-4898-b840-9d116423b0c3,a3a943ba-0df0-4645-9019-a05abdd2b030,summary,0,0,2025-10-04 10:08:43.73
e2601b23-da0c-46fe-b700-62d6354d1f1b,2025-10-07 16:59:53.386+00,cbd58b5f-9c38-4e9a-a15f-69ab1ec06ad9,33b18f70-16d2-4bdf-98f9-6e0686ae6102,journey,170,170,2025-10-07 16:59:53.386
e3990ba2-c609-4555-80ef-1c5ec7df776c,2025-10-07 19:24:57.009+00,d36afa78-6e08-4820-9d2a-10ea6c929bb1,89354efe-b8bc-477a-b9ba-74a8e5c6a7a1,summary,675,675,2025-10-07 19:36:16.031
e3aa95e5-97f9-4c5d-aee4-d86fadcb0991,2025-10-18 09:04:51.386+00,c4187179-4849-4f48-87f9-a0b99974a703,c725d17c-04cd-4ebb-afb4-2445b97f84cc,summary,0,0,2025-10-18 09:17:11.103
e3ac741a-ac9b-43bf-b162-d13b16cbc7a2,2025-10-08 06:47:42.541+00,810291f7-2794-4ff7-9eb1-5890d7aff601,a3a943ba-0df0-4645-9019-a05abdd2b030,summary,698,1337,2025-10-08 07:03:11.7
e3df5354-e088-462a-bfdb-da14854a2567,2025-09-28 14:56:06.339+00,2c3ea2b9-f142-4799-a5c1-c01678dc96e7,b50e0d58-5ac0-427a-a4de-4b387c1c05b1,summary,0,0,2025-09-28 14:56:06.339
e45abe14-9aaf-4739-8078-a5a4f63a7a1a,2025-10-05 15:20:39.848+00,be3d12a8-dae1-4df5-9eb5-7b5324be7122,701daffb-6b59-4b3d-a957-27cc4ecf302a,summary,0,0,2025-10-05 15:38:26.567
e4e41830-04fd-4a04-acc0-1fba605a5e60,2025-10-07 09:53:40.885+00,4d0b5604-c618-4b9e-9f56-0a6fc433557b,f33c7ac5-2da8-4547-908b-da3d4dbb9b26,summary,304,789,2025-10-07 09:58:29.126
e57e1e8a-abc6-4666-bf61-cdc2733fe668,2025-10-29 09:29:50.367+00,ad68ade5-d302-456c-89c0-992c30463a13,aec0c8f9-b75a-4edc-8e60-dd7b9e92bcea,summary,0,0,2025-10-29 09:46:44.858
e5b9d3da-9dd6-4803-a2ec-533f9c6fa24c,2025-10-02 17:40:55.178+00,ce934dce-9f5e-4ac8-a372-a0ead9d37f26,2b596717-2692-44b6-a768-5339499c4490,summary,1061,1061,2025-10-02 19:19:20.986
e5c5acdb-54c4-4034-8bbe-69f2e4d05fd0,2025-10-17 08:20:47.702+00,b5b7f47a-8898-4e94-9c1f-f8e41a911506,c4849c39-d9bd-4072-ba4b-d7ebc057b52d,summary,1186,1186,2025-10-17 08:40:15.607
e5e2df81-bf1c-473d-b4e9-b4d294d9a95b,2025-10-06 00:12:48.84+00,80f6c346-5a6c-4a59-b401-ae123b0f9e6a,e3d7dfe2-ad6c-4b4c-a501-986c05dd9ad3,summary,1250,1250,2025-10-06 00:12:48.84
e661098c-e60e-448f-9af4-f7a7d8b8b205,2025-10-04 23:19:57.944+00,b145a2ea-c8e3-4e49-97b5-8082250d9791,7aede153-b2eb-4f63-84a7-ad2c09ebaa6b,journey,161,161,2025-10-04 23:19:57.944
e690e440-828a-466c-bc65-1e91bd5c90c2,2025-10-02 13:05:25.926+00,d9e08100-5873-4947-b2e0-5f2c7c9a9c07,a3a943ba-0df0-4645-9019-a05abdd2b030,summary,1337,1337,2025-10-02 13:27:23.51
e6916ff5-cc55-4219-9016-afd26fa93f82,2025-09-27 21:45:38.179+00,3bcbc50f-2a8f-40d0-b4b8-3779bd5d3c21,fc504004-08f5-429a-9693-5b93a8f95015,summary,0,0,2025-09-27 21:45:38.179
e6d1c3e9-a158-4407-880d-b0689e68faac,2025-10-03 07:50:50.468+00,78d7ec64-6991-4db8-8236-c7590fee5ade,77f3e47f-acf5-4934-b421-d21a394d90d7,byte,125,125,2025-10-03 07:52:47.481
e6f176ca-1cf8-4612-bffc-d78a5819f7d4,2025-10-07 20:31:09.908+00,47176715-f473-4a8b-8d82-64745e25d605,77f3e47f-acf5-4934-b421-d21a394d90d7,byte,125,125,2025-10-07 20:31:09.908
e737a61b-65b2-4a71-9611-5b9ac109a718,2025-10-20 13:44:11.657+00,4d6bf493-a040-4280-9b3b-9caef8a14424,2b596717-2692-44b6-a768-5339499c4490,summary,99,1061,2025-10-20 13:45:31.595
e7679db7-55e0-4ad0-a923-66f7822a77aa,2025-10-05 06:28:49.646+00,2f2af87b-1a51-4ae9-885c-39765dce0af8,a3a943ba-0df0-4645-9019-a05abdd2b030,summary,1336,1337,2025-10-05 06:50:45.864
e77b1269-80f1-4cb3-b137-2c2dc18dd182,2025-10-07 09:29:58.968+00,d74f27c1-9dca-41b5-834e-19c7a6de4452,9a9a27d6-6c8b-4906-ab3e-924289c43bdf,journey,187,187,2025-10-07 09:30:11.562
e7c5dc5d-204e-4ead-8dd6-2324eb873206,2025-10-10 11:53:02.774+00,f4d207bb-65a7-49fb-8ca4-b2f1a5752860,2610c709-8108-4e18-aca5-a71b6e8e9fc3,summary,95,1199,2025-10-10 11:54:03.021
e7f371d4-9943-4ea8-8c99-ee51e9d15e18,2025-10-08 23:25:36.096+00,b145a2ea-c8e3-4e49-97b5-8082250d9791,366e9675-7d2b-4a49-b489-e4459b4e919e,journey,223,223,2025-10-08 23:25:36.096
e8d1b40d-c02c-4547-a9cd-fce9fa7ea93a,2025-10-29 07:34:22.74+00,43185597-3d25-4ef5-a094-4f1a2015b948,813d0f70-dbd4-4771-abe9-6abdb7dc78d0,journey,69,69,2025-10-29 07:35:26.766
e8e4286c-d1e7-4d9a-bf81-31add5bb2b9e,2025-10-06 15:31:28.323+00,c5f601e7-4002-45e7-b941-33de242cc525,b50e0d58-5ac0-427a-a4de-4b387c1c05b1,summary,1095,1095,2025-10-06 15:31:28.323
e90c6b61-f688-4c6f-997e-564cd015e298,2025-10-08 10:29:35.239+00,8338de4c-9e7e-4a4b-a559-81e1f714d102,c4849c39-d9bd-4072-ba4b-d7ebc057b52d,summary,34,1186,2025-10-08 10:29:35.239
e9969d2c-39e6-47a1-ab70-19cdf8357145,2025-10-03 11:16:36.341+00,00912375-28ea-422f-b0e2-dfa87cc2ef6d,2b596717-2692-44b6-a768-5339499c4490,summary,1063,1061,2025-10-03 11:19:54.623
e9f9051c-6fdb-4a57-a033-299999cbb44d,2025-10-14 14:52:45.04+00,d36afa78-6e08-4820-9d2a-10ea6c929bb1,c725d17c-04cd-4ebb-afb4-2445b97f84cc,summary,745,746,2025-10-14 15:04:46.945
ea060370-eb07-479b-be98-d7a5aae90416,2025-10-05 11:56:01.404+00,9de692f3-eb30-4f57-bc6f-2105c86f150a,43a719d1-b700-44c8-8176-695050ce0287,summary,579,1287,2025-10-05 12:05:21.686
ea0fd11a-0fc3-4eed-86fe-539c7ce8b656,2025-10-03 12:57:25.129+00,bc60c7e3-3c0a-429d-85fb-a9eea160f52e,c4849c39-d9bd-4072-ba4b-d7ebc057b52d,summary,1179,1179,2025-10-03 12:57:25.129
ea1581b3-5ad0-4006-ac7a-8ebbfda79865,2025-10-08 14:43:36.55+00,589fa413-4067-4669-a182-cb993228c69c,701daffb-6b59-4b3d-a957-27cc4ecf302a,summary,828,1073,2025-10-08 14:57:06.327
ea4faeb5-f5ef-4d86-840c-c33b25361d42,2025-10-04 08:34:19.053+00,7e0cc7d1-8bf8-41fe-ba32-ac4f2d470e9a,43a719d1-b700-44c8-8176-695050ce0287,summary,1269,1269,2025-10-04 08:34:19.053
ea6f8152-1943-41c6-88d0-c7bb49e1ced4,2025-10-03 20:30:43.914+00,eede160d-6afb-425c-9504-58e23132d5dd,2e058380-90ad-412b-9887-52149e8bc2ae,byte,143,143,2025-10-03 20:30:43.914
eabbd5de-a9a8-4e79-834a-72e185ab6e74,2025-10-05 17:04:29.807+00,0f63e24b-b5c7-44a1-8546-c816391c02a6,5cf2f9e3-3275-49f5-accc-ef43f6c584e3,summary,517,1389,2025-10-05 17:12:48.665
eaca3f7a-f401-455b-a2d3-df7c2b02f638,2025-10-15 12:42:32.555+00,ceca5f04-f85d-4946-87c4-5a2008c7d43a,4e9f1799-8847-4fe5-9310-d01ffe5dd2c0,summary,79,1207,2025-10-15 12:43:32.558
eaceee1f-5c7e-4f81-b075-a0d6a3b77d8d,2025-10-08 07:31:52.927+00,d51ba89f-6332-4327-81cd-4e9045fa15ee,77f3e47f-acf5-4934-b421-d21a394d90d7,byte,125,125,2025-10-08 07:31:52.927
eb1b0a71-4192-4d89-a0c1-1a116de66396,2025-10-06 11:18:16.673+00,7e9fc184-29ba-4cb0-9bff-dd4612481cd5,77f3e47f-acf5-4934-b421-d21a394d90d7,byte,10,125,2025-10-06 11:18:16.673
eb3b2c69-a4e4-4a34-a49f-fb0d356cdb73,2025-10-09 20:29:00.389+00,892341fe-0499-4b6f-97bf-879e64a04214,aec0c8f9-b75a-4edc-8e60-dd7b9e92bcea,summary,32,1021,2025-10-09 20:29:20.507
eb49dacc-bb3e-4fab-a688-0b935970e62c,2025-10-22 06:39:03.268+00,27f81c3e-c991-4adb-9f29-de5faec6539f,b05f8d22-08e0-4744-91be-6c45e684d2fa,summary,784,784,2025-10-22 06:51:47.7
eb4d0f95-9e81-46a3-835d-ae57efce96cd,2025-10-02 11:57:13.741+00,66ff7fc6-afce-48fa-8e85-018e3300fe13,c4849c39-d9bd-4072-ba4b-d7ebc057b52d,summary,1186,1186,2025-10-02 12:40:10.286
eb56cfd8-eba4-4d70-9e40-42f05ac49f32,2025-10-02 11:50:09.35+00,e54cd5c3-76bc-4b95-bd58-f39de409d0cc,43a719d1-b700-44c8-8176-695050ce0287,summary,1269,1269,2025-10-02 11:50:09.35
eb6e9c97-0e31-4bf7-b8ed-59ecd1f7c9f6,2025-10-02 11:18:56.162+00,1d9fed27-e3ae-4f27-b12c-2d9fa6639fa9,c4849c39-d9bd-4072-ba4b-d7ebc057b52d,summary,39,1186,2025-10-02 11:19:16.346
ebc5a70a-77f2-492d-b98d-b6fe4f7ef05d,2025-10-16 17:02:14.985+00,de77bf96-b55c-4f71-b2e0-1421c0c71e43,77f3e47f-acf5-4934-b421-d21a394d90d7,byte,125,125,2025-10-16 17:02:24.673
ebf1c7a6-1581-47d7-afb0-5856fb64a38f,2025-10-09 19:53:24.097+00,58325fab-e10d-41c4-93e1-929ecbbc70b5,b8c04b2d-4a4d-44d8-907b-ff53044e55d2,journey,156,156,2025-10-09 19:53:36.921
ec0dabae-60e8-4804-8a75-bc5f922b74c2,2025-10-04 18:35:24.576+00,253b1368-e5a5-4868-a729-1f49d12b4518,77f3e47f-acf5-4934-b421-d21a394d90d7,byte,125,125,2025-10-04 18:37:20.596
ec1691af-0eaf-485e-b795-459e55f2dee0,2025-10-04 07:28:31.978+00,a2cc3311-3823-4082-8c01-0635f4a0bd8c,2d242a27-75b5-4952-97fa-b30437cef044,summary,851,851,2025-10-04 07:28:31.978
ec1879be-0492-4eca-bbda-743cd1378f19,2025-09-28 14:56:06.347+00,2c3ea2b9-f142-4799-a5c1-c01678dc96e7,b50e0d58-5ac0-427a-a4de-4b387c1c05b1,summary,0,0,2025-09-28 14:56:06.347
ec7e6be4-f554-4967-80ef-acdecc996ead,2025-10-06 17:37:16.727+00,493be335-ace9-453d-835a-ab50e969fff8,d2740fc2-7a70-45bc-9b0d-a9a517062b62,byte,142,142,2025-10-06 17:37:16.727
ec8f88e4-30c4-4a61-b624-2bf401aa5626,2025-10-06 13:14:27.056+00,4d2d3bc4-8b3e-4a4d-a37b-a494d41b3cfc,c4849c39-d9bd-4072-ba4b-d7ebc057b52d,summary,680,1186,2025-10-06 13:25:28.949
ecb8e620-31f1-4e9d-9bde-4a8fbf7b0eee,2025-10-06 18:10:06.87+00,59cf2089-ef6a-43b0-a3dd-526d868eda05,9a9a27d6-6c8b-4906-ab3e-924289c43bdf,journey,187,187,2025-10-06 18:10:06.87
eced185b-861f-4054-bd08-cac778614722,2025-10-02 11:50:06.905+00,e54cd5c3-76bc-4b95-bd58-f39de409d0cc,43a719d1-b700-44c8-8176-695050ce0287,summary,1269,1269,2025-10-02 11:50:06.905
ed1eb3cf-9221-4fc0-8dfd-5b57715d63f3,2025-10-01 09:39:22.844+00,9a944fd7-8f14-4311-8e23-bd4535edb783,b50e0d58-5ac0-427a-a4de-4b387c1c05b1,summary,0,0,2025-10-01 09:39:22.844
ed54e26d-bf4c-43bd-b4f8-5a7947fe6e0b,2025-10-16 11:09:05.209+00,1133db49-756e-41bb-a707-972ac00db3ba,b2678c2e-0855-4a7b-810c-6bb043a69d3d,byte,188,188,2025-10-16 11:09:13.431
ed8218f2-8dba-4e2f-9cd6-68e2c0c43ae7,2025-10-02 18:03:51.285+00,6a90485c-2688-47fc-ac04-8f34ea52055b,a3a943ba-0df0-4645-9019-a05abdd2b030,summary,1349,1349,2025-10-02 18:03:51.285
ee446302-9a03-4ed6-81a4-01d82656b16d,2025-10-14 07:44:24.557+00,4fbc4323-0f92-4009-aa9e-7049b8348a59,dea581bb-61a3-47ab-9025-138f0c1b4c7e,byte,119,123,2025-10-14 08:04:22.162
ee6bcc19-2037-4893-aa71-a80d8751e75b,2025-10-19 14:18:10.752+00,bb70ed65-3f78-484a-be25-6319b08708cf,c4849c39-d9bd-4072-ba4b-d7ebc057b52d,summary,1186,1186,2025-10-19 14:37:38.194
eec2fe66-aee6-447f-ba94-83f6c7bb7558,2025-10-15 12:57:51.279+00,ceca5f04-f85d-4946-87c4-5a2008c7d43a,5cf2f9e3-3275-49f5-accc-ef43f6c584e3,summary,79,1389,2025-10-15 12:58:51.192
eed01530-04d3-4c70-9379-74acb2acaefb,2025-10-27 11:36:35.683+00,d70fdfff-d12b-46ad-a987-21b99a26f92e,c4849c39-d9bd-4072-ba4b-d7ebc057b52d,summary,59,1186,2025-10-27 11:37:15.72
eed10063-7c2b-4485-9df1-16ff08842f8f,2025-10-10 08:17:39.385+00,fe5f3a60-3080-4063-82c9-cf1abe92f4aa,c4849c39-d9bd-4072-ba4b-d7ebc057b52d,summary,299,1186,2025-10-10 08:22:19.367
eede4f27-6129-439f-adac-4017f55dddee,2025-10-24 16:48:45.147+00,e42df817-3bde-47b2-bcb7-d5c9b6be55a9,59218631-e747-444e-b35d-c74b250f3a55,byte,107,107,2025-10-24 16:48:45.147
eef1daa4-929d-45ee-84fc-58263d3b7a80,2025-10-13 11:37:01.384+00,de77bf96-b55c-4f71-b2e0-1421c0c71e43,5e61806e-a200-4f03-9248-014960d32f13,journey,203,203,2025-10-13 11:52:49.196
ef2d55cb-4911-407e-983f-0bb92de3df60,2025-10-09 00:32:22.763+00,2e63bbdf-8c41-4fe2-b626-b205b44c7d67,c4849c39-d9bd-4072-ba4b-d7ebc057b52d,summary,1186,1186,2025-10-09 00:53:10.703
ef2d67ab-3a24-4cc9-b096-b34cf99ccabb,2025-10-11 19:12:36.812+00,08ac6c7f-939e-4dc3-957a-662bd066b039,77f3e47f-acf5-4934-b421-d21a394d90d7,byte,13,125,2025-10-11 19:12:36.812
f020a68e-c312-4612-b539-7e17a035cddb,2025-10-16 13:27:49.588+00,34324cb0-d4c6-46e0-9a81-9f03ee15f2d6,a32f2565-8c8a-431f-bf39-20ee0d837e67,byte,112,112,2025-10-16 13:27:49.588
f020e229-2b9a-44fc-b9c7-fb5c8d22b3d9,2025-10-02 09:27:26.105+00,dd768840-2d41-48c9-b8ef-392e1a7e1137,82e618fa-a346-4b6c-9c72-f42236d97f38,byte,168,168,2025-10-02 09:27:26.105
f0769d54-a8ee-49db-ac0a-ab9e5747e2c5,2025-09-28 09:16:16.872+00,109a71cb-ef14-4888-a761-dc202c4ae961,dea581bb-61a3-47ab-9025-138f0c1b4c7e,byte,123,123,2025-09-28 09:16:16.872
f15a6ed5-abbb-490a-b76a-def1de404122,2025-10-22 16:27:31.416+00,7702b6ac-cd86-4ecf-9099-70d05488d3da,c4849c39-d9bd-4072-ba4b-d7ebc057b52d,summary,109,1186,2025-10-22 16:29:38.009
f212e47f-7c35-4fae-9ad4-902525a3e921,2025-10-03 21:07:47.927+00,db1b3e2a-ab2c-4837-96f7-cfcf35b6fde5,16d1baef-8193-4e05-a831-6e389afc66d4,summary,59,1247,2025-10-03 21:08:28.007
f28a6826-c3fc-4452-ad12-6195e09e7579,2025-09-27 12:43:47.41+00,d663c5b2-1f6e-4730-b8f1-8a2c4130c0d8,b2678c2e-0855-4a7b-810c-6bb043a69d3d,byte,188,188,2025-09-27 12:43:47.41
f316b9a3-df68-4f58-a73b-3f8e56735c2b,2025-10-27 06:04:54.571+00,6d88c8ce-c548-4345-ba3a-4bb68e205cd7,b8c04b2d-4a4d-44d8-907b-ff53044e55d2,journey,156,156,2025-10-27 06:04:54.571
f373e52e-03c6-4de3-854f-0ce5d43727ac,2025-10-15 11:53:53.557+00,b5acfa92-a1b9-44ad-ae3b-fb23fbfff013,50355a21-c43a-43a8-a8c3-98a4fc94eb57,summary,1150,1150,2025-10-15 11:53:53.557
f3a728dc-2727-4462-b1dd-3779f6d91907,2025-10-12 17:37:16.426+00,03052f2a-6e17-4e3c-8d87-34476e3cdb69,c747a916-df40-4c6b-ac2d-4f7b90f39e01,byte,204,204,2025-10-12 17:40:21.233
f3d0418c-178c-4260-9cf0-6b60699a2484,2025-09-29 12:35:33.668+00,dcf95cb1-fc75-4dbd-b523-c574f2c57deb,b2678c2e-0855-4a7b-810c-6bb043a69d3d,byte,188,188,2025-09-29 12:35:33.668
f4038a06-3c17-460a-8de2-07843c648c38,2025-10-26 19:48:15.877+00,d915c8c2-abae-4b29-95a3-225feb9012fa,813d0f70-dbd4-4771-abe9-6abdb7dc78d0,journey,69,69,2025-10-26 19:48:15.877
f4097b23-d5af-4ffc-a659-fad27062a4e6,2025-10-27 04:51:37.72+00,6f2b03be-9399-45c7-8456-dd10bed6e402,d2740fc2-7a70-45bc-9b0d-a9a517062b62,byte,142,142,2025-10-27 04:51:37.72
f41d7aa3-5439-4d75-a9ac-591d403f34c0,2025-10-03 07:19:38.326+00,afadaed9-0fbc-4917-8ce1-05d290b62982,a3a943ba-0df0-4645-9019-a05abdd2b030,summary,1235,1337,2025-10-03 07:49:48.995
f41de563-42a6-4856-b004-ff03b49d24e5,2025-10-16 14:51:52.272+00,d36afa78-6e08-4820-9d2a-10ea6c929bb1,5048d8b1-32dd-4543-b3ce-87943623c762,journey,223,223,2025-10-16 14:51:52.272
f45c3c3e-f9c1-4c58-8f97-4715532fa7f8,2025-10-08 07:15:05.861+00,8984f475-91e0-48ac-baca-35d7ec755c9c,5cf2f9e3-3275-49f5-accc-ef43f6c584e3,summary,919,1389,2025-10-08 07:30:05.78
f46a8e0e-0787-4a4a-9a99-0d3a558cdf2f,2025-09-29 14:47:14.217+00,34324cb0-d4c6-46e0-9a81-9f03ee15f2d6,c747a916-df40-4c6b-ac2d-4f7b90f39e01,byte,204,204,2025-09-29 14:47:14.217
f4703dd9-35bf-489c-869b-6c832190708b,2025-10-08 08:40:02.751+00,82b73b21-2c77-43c8-8dc8-eb9f73944add,b50e0d58-5ac0-427a-a4de-4b387c1c05b1,summary,178,1110,2025-10-08 08:42:42.807
f484f1d0-14c6-4ef8-9707-48c30377838c,2025-10-02 11:50:09.94+00,e54cd5c3-76bc-4b95-bd58-f39de409d0cc,43a719d1-b700-44c8-8176-695050ce0287,summary,1269,1269,2025-10-02 11:50:09.94
f4972a26-b08e-41a5-b9ae-20f5a2c67ff1,2025-10-19 16:07:45.696+00,4392ad5d-0c72-49c3-8a71-71476fa7b1c6,43a719d1-b700-44c8-8176-695050ce0287,summary,39,1287,2025-10-19 16:08:05.554
f4d241d7-d14d-4599-b663-6e3921d9c039,2025-10-02 11:53:50.71+00,66ff7fc6-afce-48fa-8e85-018e3300fe13,5cf2f9e3-3275-49f5-accc-ef43f6c584e3,summary,138,1389,2025-10-02 11:55:50.751
f5253bdd-3640-4f15-a780-447ee510eddc,2025-10-10 02:08:41.963+00,bfb9d7d2-7742-43e8-97bd-2345626a1e8f,6e6d17b0-2505-4d65-8361-7ffbfa80bec3,journey,152,152,2025-10-10 02:08:43.287
f53f83bf-2047-4b63-b231-5c8cdfb6b7ce,2025-10-03 07:51:26.135+00,82fbb04c-e54d-4637-97d7-336607c7d58e,a3a943ba-0df0-4645-9019-a05abdd2b030,summary,19,1337,2025-10-03 07:51:26.135
f56deb6b-a672-450d-b427-82ba6c7c0eab,2025-09-28 13:57:48.874+00,c7382a26-0214-42ae-af9a-dfb3cc656da6,0d5a12fc-6a25-4d21-be10-c232b2f25b22,byte,143,143,2025-09-28 13:57:48.874
f5997050-65a5-4343-b8c1-2cfb998462bc,2025-09-27 22:33:40.175+00,432d579f-7c9a-4364-9eb2-d86579c42dbc,b10201e3-3d6e-437a-9a05-ed581eedff25,byte,151,151,2025-09-27 22:33:40.175
f5a4e969-8ce7-4979-b81e-39edc301098c,2025-10-09 06:26:27.999+00,810291f7-2794-4ff7-9eb1-5890d7aff601,701daffb-6b59-4b3d-a957-27cc4ecf302a,summary,238,1073,2025-10-09 06:30:08.15
f5fe7eaa-a2a4-4213-b944-f4a0cf090449,2025-10-28 19:37:00.159+00,494578f6-d4af-476b-8f1f-e31d8e04563b,c6e04049-0c13-4976-a9ce-465ec22be143,byte,142,155,2025-10-28 19:38:48.92
f61b7848-bfee-4e49-9798-ce6c83de39ad,2025-10-07 11:53:56.62+00,d36afa78-6e08-4820-9d2a-10ea6c929bb1,2610c709-8108-4e18-aca5-a71b6e8e9fc3,summary,1199,1199,2025-10-07 12:13:36.951
f6a9e0d3-8f9c-4987-b8dc-3641ded011c7,2025-10-17 08:40:07.145+00,5a428934-0c91-4244-b853-67c17d62c72d,43a719d1-b700-44c8-8176-695050ce0287,summary,979,1287,2025-10-17 08:56:07.151
f72bafc2-b5cb-40c6-9f06-a5e39cc42a77,2025-10-04 11:16:56.788+00,c4187179-4849-4f48-87f9-a0b99974a703,4e9f1799-8847-4fe5-9310-d01ffe5dd2c0,summary,0,0,2025-10-04 11:16:56.788
f731cbb0-2727-4f9b-a786-23a6e8f79f10,2025-10-05 15:17:19.199+00,e54cd5c3-76bc-4b95-bd58-f39de409d0cc,c4849c39-d9bd-4072-ba4b-d7ebc057b52d,summary,1179,1179,2025-10-05 15:17:19.199
f7cb8fbe-b27f-4809-8ee0-ba3e74f153b0,2025-10-03 11:33:51.101+00,bc60c7e3-3c0a-429d-85fb-a9eea160f52e,43a719d1-b700-44c8-8176-695050ce0287,summary,1269,1269,2025-10-03 11:33:51.101
f816d6fa-a8c4-4cee-9ac8-9ae27bb41fad,2025-10-16 23:20:52.999+00,9cb7c168-4ae6-4f2e-91e1-0b2cd2fd71c6,b50e0d58-5ac0-427a-a4de-4b387c1c05b1,summary,581,1110,2025-10-16 23:26:32.916
f88dda07-fafb-402d-b7c3-31bf5c3e839c,2025-10-06 19:28:04.053+00,32df44cf-2066-4df1-8b78-1bba965b98e6,43a719d1-b700-44c8-8176-695050ce0287,summary,472,1287,2025-10-06 19:40:17.035
f8aadfb1-e0e6-4677-bb60-9ebeea578d51,2025-10-11 08:31:55.819+00,2f6268be-178d-4816-9628-2362ca35996f,43a719d1-b700-44c8-8176-695050ce0287,summary,1269,1269,2025-10-11 08:31:55.819
f8c982b9-a762-4292-9851-fc36bef4c8c4,2025-10-05 10:10:03.781+00,a6a92c79-3fca-4032-97ef-b27b6889a3f2,43a719d1-b700-44c8-8176-695050ce0287,summary,79,1287,2025-10-05 10:11:03.783
f8d147aa-fcde-4ee4-afd5-aa25b6718539,2025-10-08 15:40:12.944+00,daa21ec4-2cd2-4724-bf63-eec668de557f,bc31c08b-249e-4f6f-a8c4-5f5f930b11c0,journey,238,238,2025-10-08 15:40:12.944
f9031e1e-e2e8-445a-96c0-d34c7ba2b354,2025-10-22 21:45:25.27+00,dcf95cb1-fc75-4dbd-b523-c574f2c57deb,36d800a1-28e5-4773-a821-05424e9f722e,journey,85,85,2025-10-22 21:45:25.27
f94a83fe-f40e-4ebc-8061-32b345cf2e8e,2025-10-04 22:20:45.005+00,b145a2ea-c8e3-4e49-97b5-8082250d9791,108f01c9-11f8-412d-96ca-530cf7651088,journey,108,108,2025-10-04 22:40:45.285
f9629c69-59bc-4291-93fa-5342156fb5fb,2025-10-06 08:11:14.374+00,cf21ee35-30a9-4342-aeeb-1199978274c5,77f3e47f-acf5-4934-b421-d21a394d90d7,byte,125,125,2025-10-06 08:13:01.007
f9806506-d3c6-4540-9c58-76655ac2d87f,2025-10-10 09:36:15.399+00,b5b7f47a-8898-4e94-9c1f-f8e41a911506,fd5fd906-de60-4b55-b98d-81caf880229b,journey,212,212,2025-10-10 09:36:15.399
fa026a5f-889f-4da7-aa4d-fa0b931e12c8,2025-10-05 15:17:55.599+00,e54cd5c3-76bc-4b95-bd58-f39de409d0cc,77f3e47f-acf5-4934-b421-d21a394d90d7,byte,125,125,2025-10-05 15:17:55.599
fa64af50-30db-439b-9218-a2f524d78df1,2025-10-28 09:08:08.429+00,172adc65-0103-44ee-ba6d-e0c630cd7799,3c13f653-4278-4d9c-b87c-94299684e3d6,byte,19,283,2025-10-28 09:08:08.429
fa823e81-52ea-41ee-b33d-a4cdfdd64a0e,2025-10-12 10:16:03.552+00,6c78bcbb-89d7-4b6b-99fe-42e907861121,43a719d1-b700-44c8-8176-695050ce0287,summary,19,1287,2025-10-12 10:16:03.552
fab0ca9b-9476-49ab-9f7f-91c54e8a85e2,2025-09-29 07:34:37.635+00,9436c1c7-84b0-4fca-9de2-faa4f43840f6,fc504004-08f5-429a-9693-5b93a8f95015,summary,0,0,2025-09-29 07:34:37.635
fac86ed7-1127-40aa-b174-a1b4aad63562,2025-10-04 11:16:56.778+00,c4187179-4849-4f48-87f9-a0b99974a703,4e9f1799-8847-4fe5-9310-d01ffe5dd2c0,summary,0,0,2025-10-04 11:16:56.778
fadfc6c1-829b-4f32-92df-16d805a0aa6f,2025-10-09 09:54:42.403+00,b5b7f47a-8898-4e94-9c1f-f8e41a911506,9a9a27d6-6c8b-4906-ab3e-924289c43bdf,journey,187,187,2025-10-10 09:32:26.232
fae246b4-a82d-469d-8e89-d963f4ce1035,2025-10-28 07:37:07.455+00,8c747703-58b8-4d50-a85c-749acad2aa98,aec0c8f9-b75a-4edc-8e60-dd7b9e92bcea,summary,1018,1021,2025-10-28 07:53:46.986
faf2a812-7c9b-4ebb-96a1-67743fd97eb6,2025-10-22 06:26:19.684+00,27f81c3e-c991-4adb-9f29-de5faec6539f,c725d17c-04cd-4ebb-afb4-2445b97f84cc,summary,745,746,2025-10-22 06:38:25.413
fb2cdbdd-c3d6-4499-9d53-03200fb148ca,2025-10-04 21:08:22.212+00,27658c94-e3f0-4c96-9fd7-1a8d812f6fe6,43a719d1-b700-44c8-8176-695050ce0287,summary,39,1287,2025-10-04 21:08:42.204
fb9103bf-2729-4c19-951e-0db3943205d4,2025-10-02 21:10:14.824+00,b0277fec-ded5-40e0-bd26-8539430691d9,b2678c2e-0855-4a7b-810c-6bb043a69d3d,byte,188,188,2025-10-03 07:30:37.704
fbaf4ddd-387b-46e2-813e-86532e121935,2025-09-30 17:36:36.858+00,4010e19e-28de-4bbe-af68-e2bb0de296da,2b596717-2692-44b6-a768-5339499c4490,summary,0,0,2025-09-30 17:36:36.858
fbef9304-3336-4867-b978-f63cf3b186c6,2025-10-17 08:04:50.522+00,5a428934-0c91-4244-b853-67c17d62c72d,4e9f1799-8847-4fe5-9310-d01ffe5dd2c0,summary,199,1207,2025-10-17 08:07:50.493
fc0e32e4-6676-497a-91b9-d0d12bc457a3,2025-10-23 19:53:31.477+00,6f2b03be-9399-45c7-8456-dd10bed6e402,2610c709-8108-4e18-aca5-a71b6e8e9fc3,summary,1196,1199,2025-10-23 20:13:55.125
fc5115fb-307f-4428-97c7-d9292856c8e8,2025-10-05 20:45:18.829+00,0be9f097-050a-49cf-9e73-6e9811f81f3b,aec0c8f9-b75a-4edc-8e60-dd7b9e92bcea,summary,1022,1022,2025-10-05 20:45:18.829
fc8aece4-621f-47a9-a8e7-4310d5ec1638,2025-09-30 06:56:20.611+00,23754c63-f983-4850-9a50-e2fa245a0e00,82e618fa-a346-4b6c-9c72-f42236d97f38,byte,168,168,2025-09-30 06:56:20.611
fcc021b8-e49f-41d8-86d4-3f2d3ab8854d,2025-10-08 16:42:32.14+00,9c3cd310-b4ea-40c9-a2e5-c996b2a626f9,2b596717-2692-44b6-a768-5339499c4490,summary,1061,1061,2025-10-08 16:42:34.521
fcd1012f-fa84-4648-898a-0f09c5923f7e,2025-10-05 13:54:11.577+00,b547bcf1-037e-4fcc-a3f5-86948fb98bc1,43a719d1-b700-44c8-8176-695050ce0287,summary,1269,1269,2025-10-05 13:54:11.577
fd81d0ec-0a13-48ac-9bcc-5a3dda8155d1,2025-10-03 11:33:50.376+00,bc60c7e3-3c0a-429d-85fb-a9eea160f52e,43a719d1-b700-44c8-8176-695050ce0287,summary,1269,1269,2025-10-03 11:33:50.376
fd9824cd-bb7e-4b9d-a53b-f53041a845c1,2025-09-30 12:55:43.393+00,5df84569-d1b8-4fb6-804d-e5248d00e953,77f3e47f-acf5-4934-b421-d21a394d90d7,byte,125,125,2025-09-30 12:55:43.393
fdd12891-b04a-4254-b6e1-18b9cf66422d,2025-10-09 12:10:00.557+00,d240e941-9cbe-40bd-b82c-0941ca811584,3c13f653-4278-4d9c-b87c-94299684e3d6,byte,279,283,2025-10-09 12:14:19.959
fe91d9eb-e2c0-4e0e-9dc7-b59fb5543dd9,2025-10-04 17:30:10.594+00,b0277fec-ded5-40e0-bd26-8539430691d9,c4849c39-d9bd-4072-ba4b-d7ebc057b52d,summary,0,0,2025-10-04 17:30:10.594
fea4923a-e53a-4337-9ce8-b7e9fb58d090,2025-10-22 21:47:05.449+00,dcf95cb1-fc75-4dbd-b523-c574f2c57deb,5586ea5b-fa0a-459a-a2e8-75ae214efc02,journey,63,63,2025-10-22 21:47:05.449
feeecf19-2da5-436e-9ad7-d272248a3871,2025-10-05 21:27:24.441+00,df1d9eaa-ea9a-4a3c-bfe1-af916ae860b7,701daffb-6b59-4b3d-a957-27cc4ecf302a,summary,113,1073,2025-10-05 21:29:04.103
ff03fe13-d2a8-4451-b56f-4bfbed329e4a,2025-09-28 13:58:04.501+00,c7382a26-0214-42ae-af9a-dfb3cc656da6,0d5a12fc-6a25-4d21-be10-c232b2f25b22,byte,143,143,2025-09-28 13:58:04.501
ff1aed56-70ac-40b7-b564-915c9846ee71,2025-10-02 21:17:29.014+00,82fbb04c-e54d-4637-97d7-336607c7d58e,b2678c2e-0855-4a7b-810c-6bb043a69d3d,byte,39,188,2025-10-02 21:17:49.081
ff77a29e-25a2-4b46-b714-5abc3bc6b3bb,2025-10-07 22:36:16.099+00,b457d7eb-b976-4d09-9d21-e70bac5e6c86,a3a943ba-0df0-4645-9019-a05abdd2b030,summary,19,1337,2025-10-07 22:36:16.099
ff77c5ec-7010-47d7-87ba-c518bdda7535,2025-10-03 17:33:15.805+00,a2cc3311-3823-4082-8c01-0635f4a0bd8c,c725d17c-04cd-4ebb-afb4-2445b97f84cc,summary,746,746,2025-10-03 17:45:22.763
ffa9c086-545d-4e49-9ad6-38d49a4d520f,2025-10-06 18:23:02.093+00,59cf2089-ef6a-43b0-a3dd-526d868eda05,0ea68db1-d3ff-4aff-8ab6-ef518f98b21e,journey,163,163,2025-10-06 18:24:38.205
ffcdd9f7-af6d-4110-a44d-c48119359335,2025-10-28 19:40:56.335+00,494578f6-d4af-476b-8f1f-e31d8e04563b,4e9f1799-8847-4fe5-9310-d01ffe5dd2c0,summary,278,1207,2025-10-28 19:45:36.361
ffe32fab-4313-4b52-9f25-a134ba90299d,2025-10-15 08:07:27.724+00,b4d380c6-01c0-4967-bd40-fcc9cb023e5d,5fda1d3b-89a4-4f4c-a046-dd751289ff5f,byte,115,115,2025-10-15 08:09:03.84