created_at,title,content,section_id,audio,cover_page,journey_id,id,step,duration,updated_at
2025-09-22 13:23:15.36856+00,Key Insight 7: Divine Remembrance is the Supreme Purifier,"Krishna doesn’t say: “Remember me once, intensely, and that’s enough.” He says: constant remembrance. Not a fleeting ritual, but a steady thread woven through the fabric of daily life. Like a quiet hum beneath the noise of your day, remembrance is less about isolated acts of devotion and more about cultivating a continuous awareness—returning again and again to the anchor of the Divine. This isn’t escapism. You don’t need to abandon your responsibilities or retreat into silence. The point is not withdrawal but infusion—infusing your actions with presence and meaning. Washing dishes, sending emails, raising children, or building companies can all become sacred when done in remembrance. The Gita’s wisdom here aligns with what spiritual teacher Brother Lawrence called “practicing the presence of God”—turning every small act into an offering. Modern science offers an echo of this practice. Studies on mindfulness-based stress reduction (Jon Kabat-Zinn) show that simply training attention to return—again and again—to a focal point (like the breath) reduces anxiety and builds resilience. Constant remembrance works the same way, but with a deeper twist: instead of just awareness, the mind is anchored to the Divine, the highest possible object of focus. The result is not only calm but clarity, courage, and an unshakable sense of belonging. Think of it like sunlight through a dirty window. The grime of distraction, ego, and fear clouds the light. But remembrance wipes the glass clean, and suddenly the room fills with warmth. It doesn’t matter how grand the house is—the light makes it alive. Krishna calls this remembrance the “supreme purifier” because it works where rules and rituals cannot: in the heart. Anger, greed, insecurity—they lose their grip when the mind keeps circling back to something greater. And here’s the paradox: it isn’t heavy work. The verse says “with ease”—because when love is present, remembrance stops being effort and becomes delight. So, how do you live this? Not by trying to remember every second, but by creating cues in your day—a phrase you whisper before starting work, a pause at meals, a breath before sleep. Over time, these small gestures build into a current that carries you. Then, even in life’s storms, you’ll find yourself steady—because the remembrance has already purified your way of being. Grace doesn’t come from running away from life. It comes from living in it, but never losing sight of the One who lives in you.",84708ced-7e2f-5ad5-8ab4-abbd738d5a3e,https://ziifsmeagbyyjsnmxwns.supabase.co/storage/v1/object/public/content/journeys/audio/practical_gita/01890530-255a-46c8-acc6-eddbfa4f3b65.mp3?,https://ziifsmeagbyyjsnmxwns.supabase.co/storage/v1/object/public/content/journeys/covers/Practical_Gita_free_yourself_v3.webp,defc4266-1eef-4756-b61c-01836d89b08b,01890530-255a-46c8-acc6-eddbfa4f3b65,7,03:44,2025-09-26 18:18:41.27276+00
2025-09-24 19:07:54.543631+00,Relaxation Response,"Key Idea 2: The Relaxation Response Is the Built-in ""Off-Switch""For centuries, Western medicine operated under the assumption that the mind and body were separate. We could command our voluntary muscles to lift an arm, but the inner world of heart rate, blood pressure, and metabolism was thought to be beyond our conscious control. Then, in the mid-20th century, researchers began to challenge this idea with biofeedback, showing that people could learn to influence these ""involuntary"" functions. But Dr. Benson suspected there was a simpler, more profound truth waiting to be rediscovered. He found it not in a high-tech lab, but in the collected wisdom of human history.Have you ever wondered what connects the silent prayer of a Christian monk, the focused breathing of a Zen master, and the repetitive chanting of a Yogi? Dr. Benson investigated these ancient practices and discovered they were all tapping into the same physiological mechanism. He called it the Relaxation Response. This response is the direct physiological opposite of the fight-or-flight reaction. While fight-or-flight revs up your sympathetic nervous system, the Relaxation Response engages the parasympathetic nervous system, acting as a brake. It decreases your heart rate, lowers your blood pressure, slows your breathing, and reduces your body's oxygen consumption. It is the body’s innate ""off-switch"" for stress.This isn't a mystical or religious phenomenon, but a biological one. Dr. Benson found that this state could be reliably elicited by following four core principles common to countless historical practices. First, a quiet environment to reduce external distractions. Second, a mental device—a word, sound, or phrase to focus on. Third, and most importantly, a passive attitude, where you gently disregard distracting thoughts and return to your focus without judgment. And fourth, a comfortable position. These elements work together to shift your mind away from the everyday chatter and external worries that trigger the fight-or-flight response, allowing your body’s natural state of rest and repair to emerge.This discovery is revolutionary because it democratizes well-being. You don't need to join a monastery or adopt a complex belief system to access this state of deep rest. The Relaxation Response is your biological birthright, an innate tool for self-healing that has been practiced in nearly every culture throughout history. Recognizing that you already possess this powerful ""off-switch"" is empowering. It means you have the ability to actively counteract the harmful effects of stress. Now that you know this switch exists, the next step is to learn how to use it. We'll now explore a simple, scientifically validated technique you can use to activate the Relaxation Response in just 10 to 20 minutes a day.Key Idea 3: You Can Learn to Use the ""Off-Switch"" in 10-20 Minutes a DayAfter identifying the universal components that trigger the Relaxation Response, Dr. Benson and his team at Harvard developed a simple, secular technique to make it accessible to everyone. This method strips away the dogma and ritual, leaving only the essential, scientifically-validated steps. It’s a straightforward prescription for calm that you can integrate into your daily life, no matter how busy you are. The goal is not to empty your mind—an impossible task—but to gently redirect it, allowing your body to do what it naturally knows how to do: rest and recover.Here is the technique. First, find a quiet place and sit in a comfortable position. Second, close your eyes and begin to deeply relax your muscles, starting from your feet and progressing up to your face. Third, breathe naturally through your nose. As you exhale, silently repeat a single, neutral word to yourself, such as “one.” Breathe in… breathe out, thinking “one.” The word itself is not magical; it’s simply a mental device to anchor your attention. Fourth, and most crucially, maintain a passive attitude. When you notice your mind has wandered—and it will—don’t get frustrated. Simply acknowledge the thought by saying to yourself, “oh well,” and gently guide your attention back to your breathing and the repetition of your word. Continue this for 10 to 20 minutes.The power of this practice lies in its consistency. Dr. Benson conducted a groundbreaking study with individuals suffering from hypertension. After establishing their baseline blood pressure, he taught them this technique. The results were remarkable. After several weeks of practicing the Relaxation Response regularly, their average blood pressure dropped significantly, moving from the hypertensive or borderline range into the normal range. This change occurred not just during the practice itself, but throughout the day. When they stopped practicing, their blood pressure returned to its previously high levels, proving the effect was tied directly to the regular elicitation of the response. Further research showed that this practice could also dramatically reduce the use of recreational drugs, alcohol, and cigarettes, suggesting it provides a healthy, non-chemical way to manage the underlying urges that lead to substance abuse.Your actionable benefit is to try this technique for yourself. You don’t need to believe in it for it to work; you simply need to do it. By setting aside just 10 to 20 minutes once or twice a day, you are actively counteracting the daily barrage of stress triggers. You are giving your body and mind a vital opportunity to reset, repair, and build resilience. This simple act is a powerful form of preventative medicine, a way to protect your health from the inside out.",e2355a86-33f0-42eb-a5e9-86ef3154efdf,https://ziifsmeagbyyjsnmxwns.supabase.co/storage/v1/object/public/content/journeys/audio/Stress_to_peace_The%20Relaxation%20Response_voice.mp3,https://ziifsmeagbyyjsnmxwns.supabase.co/storage/v1/object/public/content/summaries/cover-pages/a077356ae6923513e768bdb4_The Relaxation Response.webp?,88ee483a-8760-4caf-9fa6-2a7530f5a439,01be00de-d53f-4df9-952b-b46068620cbb,1,07:19,2025-09-26 18:18:41.27276+00
2025-09-22 13:23:14.473243+00,Checkpoint 11,"Toward the end of the Gita, Krishna gathers three simple syllables—Om, Tat, Sat—and turns them into a compass for living. At first glance they look like ritual words, chanted before sacrifices or ceremonies. But Krishna’s deeper point is this: they’re not just words, they’re reminders. Anchors. A way to keep intention, action, and integrity aligned. Om sets the tone. It is the primal sound, the hum of the universe, reminding us to begin not with ego but with awareness. To say Om before an act is to pause, to remember: this is not mine alone, it is part of something larger. It shifts our posture from self-centered effort to offering. Tat goes to the motive. Literally “that,” it directs the act beyond “me” and “mine.” To act in the spirit of Tat is to release the craving for outcomes. You still give your best effort, but without clutching for applause or reward. This is karma yoga in its purest form: freedom in the act itself, not in what comes after. Sat seals the offering with truth. It demands sincerity and integrity, ensuring the action is real, not hollow. Without Sat, even generous acts dissolve into performance; with Sat, even small acts shine. It is the reminder that truth and goodness are the only measures that endure. Together, Om–Tat–Sat form a cycle: - Om — Begin with awareness. - Tat — Offer without attachment. - Sat — Anchor in truth and sincerity. This isn’t abstract philosophy—it’s a practice. Start with a breath, a word, a pause. Dedicate what you do to something higher. And then carry it out with integrity, free from the ego’s hunger.",f9f9ddfc-0a5e-5f74-baf7-818873537e44,https://ziifsmeagbyyjsnmxwns.supabase.co/storage/v1/object/public/content/journeys/audio/practical_gita/01caa4fb-ee2c-4141-ba3c-e85fd83014b5.mp3?,https://ziifsmeagbyyjsnmxwns.supabase.co/storage/v1/object/public/content/journeys/covers/Practical_Gita_grow_yourself_v2.webp,defc4266-1eef-4756-b61c-01836d89b08b,01caa4fb-ee2c-4141-ba3c-e85fd83014b5,67,02:54,2025-09-26 18:18:41.27276+00
2025-09-22 13:23:09.494303+00,"Key Insight 5: Act with Purpose, Not for Reward","Krishna tells Arjuna: act—not for reward, not for applause, not even for success—but because the act itself is your duty. When you act with your eyes fixed on the result, two things happen: - Your mind is split, always tugged between hope and fear. - Your peace rises and falls with outcomes you can’t control. But when you act with full attention on the task itself—without clutching at what might follow—you gain something far greater: clarity, steadiness, freedom. The work itself becomes a sacred offering. Edward Deci and Richard Ryan’s Self-Determination Theory shows that when we act from intrinsic values (growth, contribution, curiosity), we flourish more than when chasing external rewards (status, money, praise). In his book Flow, Mihaly Csikszentmihalyi describes how people enter their most creative, fulfilling states when they lose themselves in the work—not in the scoreboard. Krishna’s words foreshadow this: excellence comes when the mind is freed from the grip of reward and absorbed fully in the act. Rabindranath Tagore said: “I slept and dreamt that life was joy. I awoke and saw that life was service. I acted and behold, service was joy.” This is the essence of Krishna’s call—work not as a transaction, but as devotion. This is how action, freed from grasping, becomes a path to the Supreme.",f9f9ddfc-0a5e-5f74-baf7-818873537e44,https://ziifsmeagbyyjsnmxwns.supabase.co/storage/v1/object/public/content/journeys/audio/practical_gita/06580a59-53aa-4c2f-803e-9c7a760d2439.mp3?,https://ziifsmeagbyyjsnmxwns.supabase.co/storage/v1/object/public/content/journeys/covers/Practical_Gita_grow_yourself_v2.webp,defc4266-1eef-4756-b61c-01836d89b08b,06580a59-53aa-4c2f-803e-9c7a760d2439,5,02:04,2025-09-26 18:18:41.27276+00
2025-09-22 13:23:09.807133+00,Key Insight 8: Authenticity over Perfection (Svadharma),"You cannot escape action, but neither should you live someone else’s script. Even if your own path feels messy, limited, or uncertain, it is still yours. To abandon it for a polished imitation of another’s life is to betray the unique thread you were meant to carry. This principle is called svadharma—your own dharma, your authentic duty. Dharma here doesn’t mean rigid social role; it means alignment with your nature, your gifts, your truth. Perfection isn’t the goal. Authenticity is. Carl Rogers, founder of humanistic psychology, insisted that authenticity—living congruent with one’s true self—is the foundation of mental health. Pretending or conforming may earn approval, but it creates inner conflict. And Bronnie Ware’s Top Five Regrets of the Dying rings the same bell: the most common regret was not having lived a life true to oneself, but the life others expected. The Gita was warning against this regret centuries earlier. We live in an age of constant comparison—curated feeds, endless benchmarks of how others are living, working, succeeding. It’s easy to slip into imitation. But Krishna’s words slice through: better your clumsy truth than someone else’s polished lie. Your work, your choices, your struggles—they may not look perfect, but they carry your unique stamp. And only from that authenticity can real growth and real service emerge.",f9f9ddfc-0a5e-5f74-baf7-818873537e44,https://ziifsmeagbyyjsnmxwns.supabase.co/storage/v1/object/public/content/journeys/audio/practical_gita/06748628-fbce-4eb5-a699-27c7edc23afc.mp3?,https://ziifsmeagbyyjsnmxwns.supabase.co/storage/v1/object/public/content/journeys/covers/Practical_Gita_grow_yourself_v2.webp,defc4266-1eef-4756-b61c-01836d89b08b,06748628-fbce-4eb5-a699-27c7edc23afc,9,02:16,2025-09-26 18:18:41.27276+00
2025-09-22 13:23:10.433629+00,"Key Insight 15: Master Desire, Fear and Anger to Find Peace","Krishna distills the restless forces of the human mind into three words: desire, fear, and anger. Left unchecked, they are storms that cloud judgment and chain us to cycles of craving and regret. But the sage—the one who is steady—masters them, not by repression but by reorientation. When desire rules, we chase endlessly. When fear dominates, we shrink from life. When anger consumes, we destroy what we value most. Krishna’s teaching is simple: peace doesn’t come by indulging or suppressing these forces, but by stepping into awareness and channeling them. Desire becomes direction when purified into aspiration. Fear becomes wisdom when it signals care. Anger becomes energy when guided by justice. In Emotional Intelligence, Daniel Goleman identifies mastery over these states as the foundation of leadership and resilience. It’s not about being emotionless—it’s about being guided rather than governed by emotion. Seneca, the Stoic, wrote: “The greatest remedy for anger is delay.” Even in ancient Rome, patience was the antidote to impulsive rage. The Buddha taught that desire and aversion are twin causes of suffering; freedom arises by seeing them clearly without clinging. All of them echo Krishna’s call: don’t let desire, fear, or anger ride you. Take control of the reins.",f9f9ddfc-0a5e-5f74-baf7-818873537e44,https://ziifsmeagbyyjsnmxwns.supabase.co/storage/v1/object/public/content/journeys/audio/practical_gita/06defd03-e329-434d-8502-3f539126ab0e.mp3?,https://ziifsmeagbyyjsnmxwns.supabase.co/storage/v1/object/public/content/journeys/covers/Practical_Gita_grow_yourself_v2.webp,defc4266-1eef-4756-b61c-01836d89b08b,06defd03-e329-434d-8502-3f539126ab0e,17,01:50,2025-09-26 18:18:41.27276+00
2025-09-22 13:23:16.459585+00,Key Insight 18: Freedom Comes by Seeing the Gunas as Actors,"We spend much of life trapped in a mistaken identity: “I am angry,” “I am lazy,” “I am restless.” The Gita gives a liberating lens—these are not you, they are the gunas—sattva (clarity), rajas (restlessness), and tamas (inertia)—playing their roles. They are like actors on a stage, switching costumes and moods. The Self—the witness—is untouched. When you recognize this, something shifts. Instead of saying “I failed because I am weak,” you see: “Rajas was strong today, tamas pulled me down.” This little step of awareness is huge—it creates space between the storm and the sky. The storm still rages, but the sky remains clear. Modern psychology speaks of “cognitive defusion”—the ability to step back from thoughts and emotions, seeing them as events, not as identity. Neuroscience confirms that moods and impulses rise from chemical and neural patterns, not from a fixed self. The Gita intuited this centuries ago: the gunas move, and we witness. Freedom comes not by killing the gunas, but by refusing to be enslaved by them. You can watch them like clouds passing—sometimes light, sometimes heavy. As you rest more in this witnessing, life feels less like a battle with yourself and more like a dance you can observe with ease. The Gita’s promise is clear: when you know the gunas as actors, you reclaim your role as the unchanging audience—the Self. And in that seat, liberation begins.",84708ced-7e2f-5ad5-8ab4-abbd738d5a3e,https://ziifsmeagbyyjsnmxwns.supabase.co/storage/v1/object/public/content/journeys/audio/practical_gita/0adc8f24-f68a-47eb-b4c9-d7cd85fc93fc.mp3?,https://ziifsmeagbyyjsnmxwns.supabase.co/storage/v1/object/public/content/journeys/covers/Practical_Gita_free_yourself_v3.webp,defc4266-1eef-4756-b61c-01836d89b08b,0adc8f24-f68a-47eb-b4c9-d7cd85fc93fc,21,02:29,2025-09-26 18:18:41.27276+00
2025-09-25 20:13:04.524918+00,Introduction,"Do you ever feel like you're caught in a mental fog? Pulled in different directions by your own thoughts, unable to make a decision with confidence? This feeling of being stuck, of having a constant debate raging inside your head, is exhausting. It's the root of confusion, and it keeps you from moving forward.This journey, Confusion to Clarity, is your way out of that fog. We're not going to just talk about theories; we're going to give you a practical map to navigate your own mind. Together, we'll start by uncovering the hidden machinery of your thinking, revealing why your gut feelings sometimes lead you astray. Then, we'll dive into the powerful world of your emotions, learning how to work with them instead of letting them control you. Finally, we'll anchor all this new awareness in the simple, profound power of the present moment.By the end of this path, you won't just think more clearly—you'll feel a deep sense of alignment between your head and your heart. You'll have the tools to dissolve mental noise, manage emotional storms, and find a stable, peaceful center within yourself. Let's begin the journey.",80d9c02b-f1c6-597b-accd-7129755c3a99,https://ziifsmeagbyyjsnmxwns.supabase.co/storage/v1/object/public/content/journeys/audio/6e8f711a-b1a8-5d02-a0e8-7aef99360e7c_80d9c02b-f1c6-597b-accd-7129755c3a99_0.mp3?,https://ziifsmeagbyyjsnmxwns.supabase.co/storage/v1/object/public/content/journeys/covers/12084101_4914816%20(1).jpg,6e8f711a-b1a8-5d02-a0e8-7aef99360e7c,0b0c3da5-06f6-4a3f-8760-390c6b2e6775,0,01:25,2025-09-26 18:18:41.27276+00
2025-09-22 13:23:07.260267+00,Key Insight 5: Guidance begins with Acceptance & Surrender,"Picture Arjuna, the greatest warrior of his time—bow in hand, armies waiting, destiny pressing down on his shoulders. And yet, in that defining moment, he does something radical: he puts down his weapon and admits, “I’m confused. Please guide me.” This moment is the real beginning of the Gita. Not when Krishna speaks, but when Arjuna stops pretending he has all the answers. We’re taught that surrender is weakness—that strong people “figure it out,” that asking for help is failure. But Krishna flips this idea. Surrender, in the Gita’s sense, isn’t giving up; it’s growing up. It’s the maturity to admit: I don’t know. I can’t carry this alone. I need wisdom beyond my current reach. Modern psychology backs this up. Carl Jung often said that transformation begins when we face our shadow—the parts of us we’d rather hide. Leadership studies show that humility is not the opposite of strength but its foundation; leaders who admit uncertainty invite trust and collaboration. Brené Brown’s research on vulnerability shows the same: when you drop the armor, real connection and guidance become possible. Arjuna’s surrender is our mirror. How often do we keep charging forward, lost in confusion, too proud to pause? How much lighter would life feel if we admitted—to a mentor, a friend, even to ourselves—“I don’t know what to do. Please guide me”? The Gita begins here because growth begins here. Guidance doesn’t come to the one who fakes certainty. It comes to the one who bows, opens, and asks. Surrender isn’t the end of your strength. It’s the start of wisdom.",efb8e124-09dc-5335-9641-c6112754ae8c,https://ziifsmeagbyyjsnmxwns.supabase.co/storage/v1/object/public/content/journeys/audio/practical_gita/0ea68db1-d3ff-4aff-8ab6-ef518f98b21e.mp3?,https://ziifsmeagbyyjsnmxwns.supabase.co/storage/v1/object/public/content/journeys/covers/Practical_Gita_Know_yourself_v2.webp,defc4266-1eef-4756-b61c-01836d89b08b,0ea68db1-d3ff-4aff-8ab6-ef518f98b21e,5,02:43,2025-09-26 18:18:41.27276+00
2025-09-23 20:23:34.907603+00,Wrapping Up,"You have arrived. Look back at how far you’ve come. You began by feeling hijacked by anger, and now you stand here with the tools to understand its patterns, heal its roots, and consciously choose a different path. You've walked the road from reaction to reconnection.This journey—from decoding anger to transforming triggers to living in love—is a complete circle. You have learned that your deepest pain can lead to your greatest strength. This isn't the end of your work, but the beginning of a new way of living. This is your foundation.To carry this transformation forward, hold onto these simple commitments:
Micro-Action 1 (30 seconds): Once a day, think of one person and silently wish them well. Simply say in your mind, ""May you be happy. May you be peaceful.""
Micro-Action 2 (10 seconds): In a moment of stress or conflict, ask yourself the most powerful question of all: ""What would love do right now?"" Let that be your guide.You have everything you need within you. Continue to walk this path with courage, compassion, and patience. The world needs the whole, healed, and loving person you are becoming.",44f93d33-39c3-4357-b5b3-2af0c217febe,https://ziifsmeagbyyjsnmxwns.supabase.co/storage/v1/object/public/content/journeys/audio/journey_4577782e3d_20c07f340830e4b94a36_2.mp3?,https://ziifsmeagbyyjsnmxwns.supabase.co/storage/v1/object/public/content/journeys/covers/12084100_4914815%20(1).jpg,0610db47-e2f8-43c9-8f47-fd23c8f18ba2,108f01c9-11f8-412d-96ca-530cf7651088,2,01:48,2025-09-26 18:18:41.27276+00
2025-09-22 13:23:13.608472+00,Checkpoint 9,"Krishna has been circling around one simple but powerful truth: what we give, and how we give it, shapes not just the world but our own inner state. He began with the broad frame: sacrifice, charity, and discipline are never to be forsaken. These three are not burdens but balances—repaying our debt to nature through sacrifice, to society through charity, and to ourselves through discipline. Together, they prevent life from collapsing into self-centeredness. Then he turned to food—the most ordinary of human acts—and showed us its hidden power. Sattvic food nurtures clarity. What we eat and how we eat doesn’t just affect the body; it colors the mind, the mood, the very vibration of awareness. Food becomes a quiet form of devotion when chosen and consumed with mindfulness. From there, Krishna sharpened the focus on giving. True generosity flows from faith, not obligation. It isn’t the size of the offering that matters, but the sincerity, humility, and joy with which it is given. A small act rooted in love is greater than a grand gesture made for show. Finally, he revealed the highest form of sacrifice: sattvic action needs no reward. When you serve without looking over your shoulder for applause or outcomes, the act itself nourishes you. What would normally exhaust you becomes liberating, because it flows from alignment rather than ego. Taken together, these insights form a consistent thread: life becomes luminous when action is guided by sincerity, balance, and devotion rather than by ego or transaction. Every offering—whether discipline, food, giving, or sacrifice—can either weigh you down with expectation or lift you up with freedom. The difference lies in intention.",f9f9ddfc-0a5e-5f74-baf7-818873537e44,https://ziifsmeagbyyjsnmxwns.supabase.co/storage/v1/object/public/content/journeys/audio/practical_gita/14e0e134-3116-456b-8ee2-a8216e4cabc4.mp3?,https://ziifsmeagbyyjsnmxwns.supabase.co/storage/v1/object/public/content/journeys/covers/Practical_Gita_grow_yourself_v2.webp,defc4266-1eef-4756-b61c-01836d89b08b,14e0e134-3116-456b-8ee2-a8216e4cabc4,57,02:40,2025-09-26 18:18:41.27276+00
2025-09-22 13:23:13.524012+00,Key Insight 48: Sattvic Sacrifice Needs No Reward,"Krishna draws a sharp distinction here between sacrifice as performance and sacrifice as purity. A sattvic act doesn’t barter—it doesn’t say, I will give so that I can get. It flows from inner alignment, from reverence, from the quiet joy of offering itself. This kind of sacrifice is freeing because it removes the weight of outcomes. When you serve only to be noticed, exhaustion follows. When you give only to control results, disappointment shadows you. But when you act without clutching for applause or return, something different happens: the act itself becomes its own fulfillment. You’ve likely felt this in small ways. Helping a stranger who never knows your name. Planting a tree you may never sit under. Writing words that may never be published but clear your heart. These moments don’t exhaust you; they nourish you. Krishna calls this the essence of sattva. History gives its proof in figures like Mother Teresa, who spoke of doing “small things with great love,” not for acclaim but because love itself was reason enough. Or Gandhi, who insisted that service was its own reward. Krishna’s invitation is clear: shift from transaction to transformation. Sacrifice isn’t a negotiation with the Divine—it’s the practice of aligning with something higher. When you serve without reward, you are no longer bound by success or failure. You’re free.",f9f9ddfc-0a5e-5f74-baf7-818873537e44,https://ziifsmeagbyyjsnmxwns.supabase.co/storage/v1/object/public/content/journeys/audio/practical_gita/15cb8b86-2d16-4008-a847-e897d27ac357.mp3?,https://ziifsmeagbyyjsnmxwns.supabase.co/storage/v1/object/public/content/journeys/covers/Practical_Gita_grow_yourself_v2.webp,defc4266-1eef-4756-b61c-01836d89b08b,15cb8b86-2d16-4008-a847-e897d27ac357,56,02:34,2025-09-26 18:18:41.27276+00
2025-09-22 13:23:11.938272+00,Key Insight 31: Awe Transforms the Ego into Devotion,"When Arjuna beholds Krishna’s cosmic form, words fail. The battlefield fades. The categories of friend and foe dissolve. Before him is a vision so vast, so luminous, that his own sense of self shrinks into near-nothingness. “Seeing Your wondrous form,” he admits, “the whole world trembles—and so do I.” This trembling isn’t weakness—it’s awakening. Ego thrives on separation: I am the doer, I am in control, I am the center. But awe breaks that spell. Awe is the shiver you feel under a star-filled sky, or the silence that grips you at the edge of a canyon. It’s the recognition that you are small, but also part of something immeasurably greater. Modern science backs this up. Psychologist Dacher Keltner, in his research on awe, found that it expands perception, diminishes self-focus, and increases generosity. People who experience awe describe feeling “smaller” in a way that paradoxically enlarges life: less ego, more connection. The same thing that Arjuna felt on the battlefield—his smallness before the infinite—was the seed of devotion. History, too, bears witness. Albert Einstein described awe as the foundation of true science: “He who can no longer pause to wonder and stand rapt in awe, is as good as dead.” Einstein’s awe didn’t make him passive—it fueled a lifetime of discovery, infused with humility before the cosmos. Krishna reveals His universal form not to terrify Arjuna into submission, but to open his heart to surrender. Devotion here isn’t duty or obligation. It arises from awe-filled humility—the recognition that we are threads in a vast, luminous tapestry, not its weavers. And this is the paradox: only when the ego trembles and softens does real strength emerge. Awe doesn’t diminish us—it aligns us. It shifts us from “I am the doer” to “let life move through me.” From that posture, devotion becomes natural, and surrender becomes freedom.",f9f9ddfc-0a5e-5f74-baf7-818873537e44,https://ziifsmeagbyyjsnmxwns.supabase.co/storage/v1/object/public/content/journeys/audio/practical_gita/185f019c-581e-4176-adbc-9b63ee29897d.mp3?,https://ziifsmeagbyyjsnmxwns.supabase.co/storage/v1/object/public/content/journeys/covers/Practical_Gita_grow_yourself_v2.webp,defc4266-1eef-4756-b61c-01836d89b08b,185f019c-581e-4176-adbc-9b63ee29897d,36,03:15,2025-09-26 18:18:41.27276+00
2025-09-24 19:07:54.83453+00,No Mud No Lotus,"Key Idea 1: Your Suffering Is the Mud for Your HappinessImagine trying to grow a beautiful lotus flower on a pristine marble slab. It’s impossible. The lotus, a symbol of purity and beauty, requires something messy, something dark and nutrient-rich to blossom: mud. Thich Nhat Hanh teaches that our happiness is exactly like that lotus. We cannot cultivate it in a life scrubbed clean of all difficulty. True, lasting happiness requires the mud of suffering.This is a radical idea because we spend most of our lives trying to create a world without mud. We think happiness exists in some separate realm, a place we can reach if we just get rid of all our problems. But this is a delusion. Thinking you can have happiness without suffering is like wanting a left side without a right, or light without darkness. The two are not separate; they ""inter-are."" One cannot exist without the other. The art of happiness, therefore, is not about avoiding suffering, but about learning how to suffer well.When you know how to use your suffering, you can transform it. The cold air that makes you shiver can also be a source of invigorating joy on a brisk walk. The rain that cancels your picnic is a blessing for a thirsty farmer. Suffering is not an objective enemy; it is an organic, impermanent part of life, just like happiness. It can be composted and turned into something beautiful. The key to this transformation is mindfulness—the simple, powerful energy of being present with what is. By learning to be with your pain without being swept away by it, you can begin to see it not as a curse, but as the fertile ground from which your understanding, compassion, and joy will bloom.But how do you begin to work with this mud instead of just getting stuck in it? It starts with a courageous act: turning toward your pain instead of running away.Key Idea 2: Turn Toward Your Suffering, Not Away From ItWhen a baby cries, what does a loving mother do? She doesn’t ignore the child or try to silence it by force. She picks the baby up, holds it tenderly in her arms, and cradles it. Her gentle, loving presence is enough to begin soothing the child’s distress, even before she knows the cause of the tears. Our suffering is like that crying baby inside of us, and our instinct is to do the opposite of what a loving mother would do. We run. We distract ourselves with food, entertainment, and endless busyness, hoping the crying will stop. But it never does.The first step in the art of transforming suffering is to stop running and come home to yourself. You must learn to be a mother to your own pain. This practice unfolds in three stages. First, you must acknowledge the suffering. By using your breath to anchor you in the present moment, you can simply recognize the feeling without judgment. You can say to yourself, ""Breathing in, I know this feeling of sadness is here. Breathing out, I say hello to my sadness."" This simple act stops the frantic energy of avoidance.Second, you must embrace your suffering. This is the act of cradling the crying baby. With the energy of mindfulness generated by your conscious breath, you hold your painful feeling with tenderness. You don't try to analyze it, fix it, or push it away. You just offer it your nonjudgmental presence. This embrace is a powerful act of self-compassion that brings immediate relief. The pain no longer feels like an enemy to be fought, but a vulnerable part of you that needs care.Finally, once the emotion has been soothed by your mindful embrace, you can look deeply into its nature. You can begin to ask, ""Where does this suffering come from?"" As you investigate, you may discover that your pain is not yours alone. It is often a continuation of the suffering of your parents and ancestors, passed down through generations. This insight is liberating. It removes blame and transforms personal pain into a vast, shared compassion. This deep looking turns the garbage of suffering into the rich compost needed for understanding to grow.This practice of embracing your pain helps you see it clearly, and in that clarity, you discover something crucial: much of your suffering isn't caused by the event itself, but by your reaction to it.",881c98d5-8bc8-466c-917b-cf91e721c819,https://ziifsmeagbyyjsnmxwns.supabase.co/storage/v1/object/public/content/journeys/audio/Stress_to_peace_No%20Mud_No%20Lotus_voice.mp3,"https://ziifsmeagbyyjsnmxwns.supabase.co/storage/v1/object/public/content/summaries/cover-pages/5861f52b435ff535f45307da_No Mud, No Lotus.webp?",88ee483a-8760-4caf-9fa6-2a7530f5a439,1872afc8-7c1c-49fe-910e-f3abc6f168f9,1,05:30,2025-09-26 18:18:41.27276+00
2025-09-23 20:23:34.355525+00,Conscious Choice,"Welcome to the second stage of our journey. Here, we turn insight into action.You've mapped your anger's territory; now you'll learn how to navigate it with skill and grace. This section is all about creating a sliver of space—a powerful pause between what happens to you and how you respond. It’s in that tiny gap that your freedom lies. We'll give you practical, in-the-moment tools like breathwork and strategic postponement to help you press pause instead of play on old, reactive habits.But we won’t stop there. We'll go deeper, treating your anger as a signpost pointing to older wounds. You'll discover how to follow that trail with compassion, allowing you to heal the root cause rather than just trimming the branches. This is where the real transformation begins.",deabba62-7a49-45b1-b058-74933fc1d7c2,https://ziifsmeagbyyjsnmxwns.supabase.co/storage/v1/object/public/content/journeys/audio/journey_4577782e3d_ed88cb7b8ca350bf6e63_0.mp3?,https://ziifsmeagbyyjsnmxwns.supabase.co/storage/v1/object/public/content/journeys/covers/12084100_4914815%20(1).jpg,0610db47-e2f8-43c9-8f47-fd23c8f18ba2,1878edf8-0428-41b5-b3ad-5a1ac53391c5,0,01:12,2025-09-26 18:18:41.27276+00
2025-09-25 20:13:04.741042+00,What is Control,"You've just taken a massive first step. You now know that much of your internal conflict isn't a personal failing—it's the natural tug-of-war between your fast, intuitive System 1 and your slow, deliberate System 2\. Recognizing this dynamic is the key to catching mental shortcuts before they lead you down the wrong path.This awareness gives you the power to pause and question your own thinking. Instead of being carried away by a biased gut reaction, you can now choose to engage your more thoughtful mind.Here's how to put this into practice right away:
The 10-Second Pause: The next time you have a strong, instant opinion about something, just pause for 10 seconds. Ask yourself: ""Is this a gut feeling, or have I really thought this through?""
Question the Question: When facing a tough decision, ask: ""Am I answering the hard question, or an easier one my brain substituted?"" For example, are you choosing a job based on its long-term potential (hard) or because the office looks cool (easy)?Now that you have a better handle on your thinking mind, it's time to address its powerful partner: your emotions. In the next section, we’ll explore how to harmonize your head with your heart.",80d9c02b-f1c6-597b-accd-7129755c3a99,https://ziifsmeagbyyjsnmxwns.supabase.co/storage/v1/object/public/content/journeys/audio/6e8f711a-b1a8-5d02-a0e8-7aef99360e7c_80d9c02b-f1c6-597b-accd-7129755c3a99_3.mp3?,https://ziifsmeagbyyjsnmxwns.supabase.co/storage/v1/object/public/content/journeys/covers/12084101_4914816%20(1).jpg,6e8f711a-b1a8-5d02-a0e8-7aef99360e7c,191495a2-517c-4a8f-8cc2-8d42f8ffe50d,3,01:29,2025-09-26 18:18:41.27276+00
2025-09-22 13:23:17.233044+00,Checkpoint 5,"“Congratulations! You’ve reached the end of Kitab’s Gita in a Day. That in itself is a big step—because the Gita isn’t light reading, and you’ve stayed with it. But here’s the most important thing to remember: this is not a one-and-done journey. Life keeps shifting—new challenges, fresh doubts, unexpected battles. Each time you circle back to these insights, you’ll hear something new, as if Krishna is speaking directly into that moment of your life. The Gita isn’t just a book you finish; it’s a companion you return to whenever you need clarity, courage, or calm.” The Closing Lessons: - Action Is Not to Be Renounced—Only Attachment (18.5) You don’t need to escape life or abandon responsibility. What binds you isn’t the action—it’s the clinging. Act freely, offer deeply, but don’t grip the results. - Inner Renunciation and Selfless Action Both Liberate (18.10) Whether you meditate in silence or serve in society, both are paths to freedom—if the ego is absent. What matters is how you carry yourself, not where. - The Wise Never Claim “I Am the Doer” (18.17) True wisdom begins when the ego steps aside. You are an instrument, not the owner. Like the wind moving the chimes, your role is to stay open and let life’s music play through you. - Knowledge, Action, and Devotion Must Unite (18.55) Head, hands, and heart must walk together. Knowledge clears illusion, action moves the world, and devotion infuses both with love. Alone, they falter; together, they liberate. - Release All Burdens of Mind—Embrace Total Surrender (18.66) Krishna’s final promise: Lay it down. Stop carrying the mountain of fear, control, and expectation. Trust in something larger. Surrender is not defeat—it is the beginning of true peace.",84708ced-7e2f-5ad5-8ab4-abbd738d5a3e,https://ziifsmeagbyyjsnmxwns.supabase.co/storage/v1/object/public/content/journeys/audio/practical_gita/19727191-3a39-46dc-9037-355b1b65a2c0.mp3?,https://ziifsmeagbyyjsnmxwns.supabase.co/storage/v1/object/public/content/journeys/covers/Practical_Gita_free_yourself_v3.webp,defc4266-1eef-4756-b61c-01836d89b08b,19727191-3a39-46dc-9037-355b1b65a2c0,31,03:00,2025-09-26 18:18:41.27276+00
2025-09-25 20:04:05.167578+00,Wrapping Up,"You've reached the end of this guided path, but it's the true beginning of your new social life. You started by understanding that your loneliness was a biological signal, not a personal flaw. Then, you learned to rewire your internal habits to invite and create connection, rather than waiting for it. Finally, you’ve learned to become an architect of your own social world by cultivating meaningful gatherings.You now hold the complete roadmap: Understand the need, rewire the approach, and build the environment. This journey has equipped you with a powerful new perspective and a set of practical skills to move from isolation to deep, authentic connection.Keep these final practices with you:
Define Your Purpose: Before your next social interaction, take 10 seconds to ask: ""What is my intention here?"" Is it to learn, to share, to support? This simple act brings focus and meaning.
Acknowledge Your Power: Remember, you are not just a guest in your social life; you are a creator. You have the power to shape the spaces where you and others can truly connect.Your journey to connection is ongoing, but you are no longer navigating without a map. Go forward with confidence, knowing you have everything you need to build the connected life you deserve.",dcfd619a-542f-57f8-9cc2-2e122d153da5,https://ziifsmeagbyyjsnmxwns.supabase.co/storage/v1/object/public/content/journeys/audio/085b1002-d315-5f5a-bd9e-b0e63e119c6f_dcfd619a-542f-57f8-9cc2-2e122d153da5_2.mp3?,https://ziifsmeagbyyjsnmxwns.supabase.co/storage/v1/object/public/content/journeys/covers/12084100_4914815%20(1).jpg,085b1002-d315-5f5a-bd9e-b0e63e119c6f,1da724cd-fbe8-4b30-8b1c-1193e2146790,2,01:50,2025-09-26 18:18:41.27276+00
2025-09-22 13:23:15.117442+00,Key Insight 4: True Devotion Is The Key To Liberation,"“With a steady mind and heart absorbed in Me, one surely reaches Me.” Krishna’s teaching here sounds deceptively simple: keep your heart steady, your mind anchored, and you will arrive. But notice what he does not say. Liberation isn’t unlocked by intensity alone—the grand gesture, the sudden burst of fervor, or the once-in-a-lifetime pilgrimage. It’s the quiet constancy, the daily return, the gentle training of attention. Vinoba Bhave, the Gandhian saint, captured this beautifully: “True sadhana is invisible on the outside, but transformative within.” You may look ordinary—eating, working, walking—but inwardly, you are weaving an unbroken thread of remembrance. That thread is stronger than any chain of distraction. BJ Fogg’s research on habit formation (Stanford) shows that small, repeated actions—anchored to daily life—reshape identity over time. The Gita’s call for steady remembrance is the spiritual parallel: water doesn’t carve stone by force, but by persistence. The mind, gently brought back again and again, becomes purified not by fireworks, but by quiet repetition. The verse also underlines absorption. Where does your attention rest when it wanders? Neuroscientist Daniel Kahneman distinguishes between the “fast” automatic mind and the “slow” deliberate one. True devotion trains the slow mind to step in, to redirect, to dwell in what uplifts rather than what agitates. Over years, that preference becomes natural—your heart choosing peace as its default. Keep your compass pointed steadily, even if imperfectly, toward the Divine—or if you prefer, toward your deepest truth. A wavering mind becomes firm. A scattered life becomes whole. And step by step, you discover that liberation wasn’t a destination at all—it was hidden in the steadiness of devotion itself.",84708ced-7e2f-5ad5-8ab4-abbd738d5a3e,https://ziifsmeagbyyjsnmxwns.supabase.co/storage/v1/object/public/content/journeys/audio/practical_gita/1dfee6d1-63f8-442b-9d32-0a2a2f05a867.mp3?,https://ziifsmeagbyyjsnmxwns.supabase.co/storage/v1/object/public/content/journeys/covers/Practical_Gita_free_yourself_v3.webp,defc4266-1eef-4756-b61c-01836d89b08b,1dfee6d1-63f8-442b-9d32-0a2a2f05a867,4,02:52,2025-09-26 18:18:41.27276+00
2025-09-22 13:23:15.521+00,Key Insight 8: All Are Worthy—No One Is Spiritually Disqualified,"“Even one with a troubled past, if devoted with love, is to be considered noble.” Few verses in the Gita feel as radical as this. Krishna is telling Arjuna—and us—that the spiritual path doesn’t begin with perfection. It begins with sincerity. Even if your past is tangled, even if your record is flawed, a single genuine turn of the heart carries more weight than years of polished appearances. This is a direct challenge to the idea that only the “pure,” the disciplined, or the flawless can approach the Divine. Krishna cuts through the stigma: it’s not your history, but your direction that matters. If your heart is sincerely leaning toward love, you are already walking nobly. Carl Rogers, the father of humanistic psychology, insisted that people grow best when offered unconditional positive regard—the belief that they are worthy of love and respect regardless of flaws. Transformation begins not when we punish ourselves for what we’ve been, but when we are accepted as capable of becoming more. Think too of St. Augustine, one of Christianity’s great theologians. Before he was a saint, he was a man deeply entangled in indulgence and restlessness. His Confessions are a testament that a turbulent past doesn’t disqualify you—it can even prepare the ground for devotion. Augustine’s turnaround embodies Krishna’s point: the fire of sincere surrender purifies more powerfully than external reputation. Even neuroscience offers a parallel. Research on neuroplasticity shows that the brain is always capable of rewiring itself—old patterns don’t lock you forever. Similarly, the Gita insists: your soul is never stuck in its worst version. With love and steady remembrance, a new self can be forged. And perhaps this is why the verse shocks us. We are quick to disqualify—others and ourselves. We carry labels: sinner, failure, hypocrite. Krishna shatters them with one stroke: if devotion is real, then transformation is real. No one is outside the circle.",84708ced-7e2f-5ad5-8ab4-abbd738d5a3e,https://ziifsmeagbyyjsnmxwns.supabase.co/storage/v1/object/public/content/journeys/audio/practical_gita/26a800d8-4ed4-428b-824b-99de70890db8.mp3?,https://ziifsmeagbyyjsnmxwns.supabase.co/storage/v1/object/public/content/journeys/covers/Practical_Gita_free_yourself_v3.webp,defc4266-1eef-4756-b61c-01836d89b08b,26a800d8-4ed4-428b-824b-99de70890db8,9,02:51,2025-09-26 18:18:41.27276+00
2025-09-12 14:04:56.422852+00,What Even Makes Up a Habit? — Host: Ananth,"""When people say 'I need more willpower,' they're usually fighting a ghost. A habit isn't one big beast; it's actually a **loop** of tiny pieces your brain runs to save effort. Something in your world taps you on the shoulder, you feel an itch, you do a thing, and you get a tiny payoff. Boom—loop saved for later.

Why should you care about this? Because if you can **name the pieces**, the pattern stops being mysterious. You go from 'Why am I like this?' to 'Oh, that's the moment it starts.' 

Keep your one habit in mind and ask yourself, right now:

* *What usually sets it off for me?*

* *What feeling am I chasing at that moment?*

Hold those answers. They'll make the next bit click.

Alright, let's roll a short Kitab summary of **Atomic Habits, Chapters 1–3**. It's quick. I'll be back right after to help you map your own loop.""",847067e7-e5a5-4026-8027-9b318812af02,https://ziifsmeagbyyjsnmxwns.supabase.co/storage/v1/object/public/content/journeys/audio/Journey_habits2.mp3,https://ziifsmeagbyyjsnmxwns.supabase.co/storage/v1/object/public/content/journeys/covers/12084100_4914815%20(1).jpg,ed364aba-85e7-44fd-801d-499307199b5f,2a873b7c-ec8d-4b4a-9b23-4f471dbc89c5,1,01:05,2025-09-26 18:18:41.27276+00
2025-09-22 13:23:11.785491+00,"Key Insight 30: It’s not the offering that matters, but the intention behind it.","“If one offers Me with love a leaf, a flower, fruit or water, I accept that devoted offering.” - Krishna Krishna cuts through the obsession with ritual, wealth, and outward show. He tells Arjuna that it’s not the size or shine of the offering that matters—it’s the heart behind it. A diamond given with pride weighs less than a tulsi leaf given in love. Bhakti levels all hierarchies. This verse is revolutionary because it erases the barriers of worthiness. You don’t need riches, a temple, or elaborate ceremonies. You don’t need the “perfect” circumstances to begin. The Divine, or the Higher Self within, looks not at the object but at the intention. Even washing dishes, if done with love and surrender, becomes worship. Think of the difference between a perfunctory “how are you?” and a genuine one where the person actually waits for your answer. The words are the same—the intention transforms them. In relationships, workplaces, and communities, people don’t remember what you gave, but how you gave it. Love, sincerity, presence—these are what cut through. In The Gift, Lewis Hyde argues that true giving isn’t transactional; it transforms both giver and receiver because it carries part of the heart. The Gita takes this further: every act can be an offering. A meal, a meeting, a chore—all infused with love and remembrance—become yajna, sacred sacrifice. This frees us from the illusion that the sacred lives only in temples or rituals. The sacred lives wherever intention lives. Krishna’s invitation is simple, but radical: don’t ask if your offering is enough. Ask if it is true.",f9f9ddfc-0a5e-5f74-baf7-818873537e44,https://ziifsmeagbyyjsnmxwns.supabase.co/storage/v1/object/public/content/journeys/audio/practical_gita/2b14f3d2-6d82-4dd1-9813-f6fd0a36b8a2.mp3?,https://ziifsmeagbyyjsnmxwns.supabase.co/storage/v1/object/public/content/journeys/covers/Practical_Gita_grow_yourself_v2.webp,defc4266-1eef-4756-b61c-01836d89b08b,2b14f3d2-6d82-4dd1-9813-f6fd0a36b8a2,34,02:24,2025-09-26 18:18:41.27276+00
2025-09-22 13:23:14.063052+00,"Key Insight 53: Knowledge, Object and Knower - Drive Action","We’ve met this trio before in spirit—when we spoke about the witness and about examining motives rather than motion. Here Krishna makes it explicit: every action is a three-way handshake between you (the knower), what you think is true (knowledge), and what you’re aiming at (the object of knowledge). When all three align, your action lands clean. When any one wobbles, even good intentions skid. Start with the knower. If the inner instrument is foggy—tired, triggered, ego-defensive—perception warps. Daniel Kahneman would call this the moment your quick, emotional “System 1” hijacks the calm, deliberative “System 2.” We cherry-pick, rationalize, move fast and misread. The Gita’s language is older but sharper: purify the knower and vision clears. Now the knowledge. The map is not the territory. Alfred Korzybski’s old warning bites hardest when we’re sure we’re right. The Dunning–Kruger effect shows that confidence can swell precisely where competence is thin. Philip Tetlock’s work on superforecasters adds the antidote: treat beliefs as hypotheses, update often, seek disconfirming evidence. In Gita terms—keep polishing your lens; let truth, not pride, steer what you “know.” Finally, the object of knowledge—what, exactly, are you optimizing? Get this wrong and skill becomes a liability. Goodhart’s Law: “When a measure becomes a target, it ceases to be a good measure.” Chase vanity metrics and you’ll miss customer value. Chase weight and you’ll miss health. Chase applause and you’ll miss impact. Krishna would call this losing sight of dharma—the real thing behind the numbers. Ask three crisp questions before you move: 1. Who’s the “me” acting here? Am I calm, or is fear/ego in the driver’s seat? If agitated, pause. Regulate first; act second. A steady knower sees more. 2. What do I actually know—and how do I know it? Separate data from story. Seek one piece of disconfirming evidence. Upgrade your map before you march. 3. What’s the real object? Name the thing behind the thing. Health, not just weight. Learning, not just grades. Service, not just optics. When the aim is true, effort simplifies. You’ll feel the difference. When the knower is steady, knowledge is clean, and the object is worthy, action loses its strain. Decisions get quieter. Outcomes become feedback, not identity. And if you miss? You adjust without drama because the handshake remains intact. Know deeply. Specify clearly. Then act lightly.",f9f9ddfc-0a5e-5f74-baf7-818873537e44,https://ziifsmeagbyyjsnmxwns.supabase.co/storage/v1/object/public/content/journeys/audio/practical_gita/2b8b867b-ff7d-49d7-aa64-3139c14aecd5.mp3?,https://ziifsmeagbyyjsnmxwns.supabase.co/storage/v1/object/public/content/journeys/covers/Practical_Gita_grow_yourself_v2.webp,defc4266-1eef-4756-b61c-01836d89b08b,2b8b867b-ff7d-49d7-aa64-3139c14aecd5,62,03:28,2025-09-26 18:18:41.27276+00
2025-09-25 20:13:04.864204+00,Emotional Intelligence Why It Can Matter More Than IQ,"#### Key Idea 1 of 5: Your Emotional Brain Is a Second MindImagine a seasoned burglar named Richard Robles, who breaks into an apartment, promising himself it’s his last job. When he’s discovered by the two young women who live there, one of them warns him that she’ll remember his face and help the police track him down. In that moment, Robles panics. As he later recounted, “I just went bananas. My head just exploded.” In a frenzy of rage and fear, he murdered both women. Years later, in prison, he still couldn't fully explain what came over him.Robles was the victim of an “emotional hijacking,” a neural takeover that originates deep within our brain. This phenomenon reveals a fundamental truth about human nature: we have two minds. One is the rational mind, the seat of logic and reflection, located in the neocortex, the brain's newer, upper layers. But alongside it operates the emotional mind, a more ancient and impulsive system rooted in the limbic brain. At the heart of this emotional brain is the amygdala, a small, almond-shaped structure that acts as our neural tripwire.The amygdala is like a psychological sentinel, constantly scanning our experiences and asking the most primitive question: “Is this something I hate? That hurts me? Something I fear?” If the answer is yes, it reacts in an instant, long before the rational mind has had a chance to fully process what’s happening. Sensory signals from our eyes and ears travel first to the thalamus, which acts like a switchboard. Most of the signal goes on the main highway to the neocortex for thoughtful analysis. But a smaller portion takes a shortcut, a neural back alley, directly to the amygdala. This allows the amygdala to trigger an emergency response—a racing heart, tense muscles, a surge of hormones—while the more refined thinking brain is still figuring things out.This evolutionary design saved our ancestors’ lives, allowing them to react to a predator’s shadow without wasting precious milliseconds on analysis. But in our complex modern world, this quick-and-dirty system can be sloppy. The amygdala’s method is associative; if a situation has just one or two elements similar to a past danger, it can declare a match and sound the alarm. This is why a car backfiring can make a combat veteran dive for cover, or why a boss’s critical tone can trigger the same fear and helplessness you felt as a child. By understanding this neural architecture, you can begin to recognize when your emotional mind is taking over, giving you the first crucial step toward regaining control. But understanding the hijack is one thing; preventing it is another. How can you stop being a slave to your passions and instead become their master? That journey begins with the foundational skill of self-awareness.#### Key Idea 2 of 5: Stop Being Passion's SlaveAn old Japanese tale tells of a belligerent samurai who demanded a Zen master explain the concepts of heaven and hell. The master replied with scorn, “You’re nothing but a lout—I can’t waste my time with you\!” His honor attacked, the samurai flew into a rage, drew his sword, and screamed, “I could kill you for your impertinence.” The master calmly replied, “That is hell.” Startled, the samurai recognized the truth in the master’s words. He sheathed his sword and bowed, thanking the monk for the insight. “And that,” said the master, “is heaven.”This samurai’s sudden awakening illustrates the cornerstone of emotional intelligence: self-awareness. Socrates’s famous injunction, “Know thyself,” speaks to this ability to recognize a feeling as it happens. This ""observing ego"" allows you to stand apart from your emotions, even turbulent ones, and think, “This is anger I’m feeling,” rather than being completely swept away by it. This awareness is the first step toward managing your feelings so they are appropriate, not destructive. It’s not about suppressing emotion, but about balance.Of all the moods we struggle with, anger is the most seductive. The self-righteous monologue that fuels it feels energizing and convincing. But venting anger, or catharsis, is a fallacy. Studies show it typically pumps up the emotional brain’s arousal, leaving you more angry, not less. The key to defusing anger is to challenge the thoughts that fuel it. You can do this by reframing the situation more positively. Perhaps the driver who cut you off was rushing to a medical emergency, not trying to disrespect you. The second strategy is to create a cooling-off period. Taking a twenty-minute walk or listening to music allows the adrenaline surge to subside, giving your rational mind a chance to step in.Anxiety, on the other hand, is fueled by worry—a low-grade emotional hijacking that gets stuck in a repetitive loop. The work of worrying is to anticipate dangers and find solutions, but chronic worry rarely solves anything. It simply ruminates on the threat. To manage anxiety, you must first become aware of the very first thoughts and images that trigger the worry spiral. Once you catch it, you can apply relaxation techniques to calm your physiological arousal. More importantly, you must actively challenge the worrisome thoughts. Ask yourself: Is this dreaded event really likely to happen? What are some more positive, constructive steps I could take?Finally, there is sadness. While grief is a necessary and healing response to loss, melancholy can spiral into depression if we get stuck in rumination—obsessively worrying about what is making us sad. This passive immersion only intensifies the mood. The most powerful antidotes are distractions that shift your mood, such as watching a funny movie, engaging in an exciting sport, or helping someone else in need. Another potent tool is cognitive reframing. Instead of thinking, “I’ll always be alone,” after a breakup, you can choose to focus on the ways the relationship wasn’t working and see the loss in a more positive light. By mastering these skills, you move from being a slave to your passions to being their wise steward. Once you learn to manage your own inner world, a new possibility opens up: the ability to tune into the emotional world of others. This is the root of empathy, the skill that transforms relationships and builds deep connections.",1e46e555-4af9-52fc-825a-37c0d8d75cb9,https://ziifsmeagbyyjsnmxwns.supabase.co/storage/v1/object/public/content/journeys/audio/clarity_emotional_intelligence.mp3,https://ziifsmeagbyyjsnmxwns.supabase.co/storage/v1/object/public/content/summaries/cover-pages/2d4705018e4ff6e1a9891b42_Emotional Intelligence: Why It Can Matter More Than IQ.webp?,6e8f711a-b1a8-5d02-a0e8-7aef99360e7c,2c1ae86e-177a-43f1-add3-1ea01f0915c5,1,12:04,2025-09-26 18:18:41.27276+00
2025-09-22 13:23:17.071499+00,"Key Insight 25: Knowledge, action, and devotion must unite","We often try to split life into lanes. Some people lean on study and reason—“If I just understand enough, I’ll be free.” Others throw themselves into endless work—“If I just keep serving, I’ll arrive.” And then there are those who give their heart entirely to prayer and devotion—“If I just love enough, I’ll be saved.” Krishna’s reminder is sharp: none of these paths, on their own, is complete. - Knowledge (Jnana) clears illusion, but if it’s only intellectual, it can turn cold, even prideful. - Action (Karma) keeps the world moving, but without detachment, it quickly slides into burnout or ego. - Devotion (Bhakti) fills the heart, but if unmoored from wisdom, it can become sentimentality or blind faith. The Gita points to integration: When you know, act, and love together—you touch truth. Think of it like a fire. Knowledge is the spark of clarity. Action is the wood that sustains the flame. Devotion is the heat that makes it transformative, not just functional. Leave any one out, and the fire flickers. Psychology and neuroscience quietly agree. Studies on meaningful work show that the most fulfilled people aren’t simply experts (knowledge) or hard workers (action)—they are deeply engaged on an emotional, even spiritual level (devotion). Viktor Frankl, in Man’s Search for Meaning, wrote that the deepest human drive is not pleasure or power—it’s meaning. And meaning arises when your head, hands, and heart are aligned. Krishna takes this further. Devotion is the bridge that ties the three together. You can memorize a thousand books, work 100-hour weeks, and even chant in temples—but if love isn’t pulsing through it, the path stalls. Devotion here isn’t just ritual; it’s that constant remembrance, that quiet knowing: “This life isn’t mine alone—it flows from and back to the Divine.” A life lived this way becomes seamless: your studies are worship, your work is service, your love is offering. The knower, the doer, and the lover unite—and the burdened self dissolves into freedom.",84708ced-7e2f-5ad5-8ab4-abbd738d5a3e,https://ziifsmeagbyyjsnmxwns.supabase.co/storage/v1/object/public/content/journeys/audio/practical_gita/2c92a7de-bad8-4e56-ae91-80c99be52f3e.mp3?,https://ziifsmeagbyyjsnmxwns.supabase.co/storage/v1/object/public/content/journeys/covers/Practical_Gita_free_yourself_v3.webp,defc4266-1eef-4756-b61c-01836d89b08b,2c92a7de-bad8-4e56-ae91-80c99be52f3e,29,03:21,2025-09-26 18:18:41.27276+00
2025-09-22 13:23:10.358335+00,"Key Insight 14: Renunciation Is of the Mind, Not the World","Krishna challenges the common idea that renunciation means withdrawing from society, abandoning possessions, or retreating into a cave. True renunciation, he says, is not about the outer act of leaving but the inner act of letting go. You could quit your job, give away your wealth, and still be restless, still crave recognition, still burn with ego. On the other hand, you could remain a parent, leader, worker—fully engaged in the world—and yet be inwardly free. What matters is not where you are, but how you are. Renunciation of the mind means dropping the constant itch for control, approval, and ownership. When you act with clarity, calm, and non-attachment, you are already renounced—no matter what role you play. Krishna’s counsel is timeless: true renunciation is not about abandoning the world—it’s about abandoning your inner bondage to it. Stay where you are. Do your duties. But do them with a purified mind, an unbound heart, and an awareness that the Self remains untouched—like the lotus that thrives in muddy waters without being soiled by them.",f9f9ddfc-0a5e-5f74-baf7-818873537e44,https://ziifsmeagbyyjsnmxwns.supabase.co/storage/v1/object/public/content/journeys/audio/practical_gita/2df2492f-428f-4575-aba3-5c766d99b159.mp3?,https://ziifsmeagbyyjsnmxwns.supabase.co/storage/v1/object/public/content/journeys/covers/Practical_Gita_grow_yourself_v2.webp,defc4266-1eef-4756-b61c-01836d89b08b,2df2492f-428f-4575-aba3-5c766d99b159,16,01:49,2025-09-26 18:18:41.27276+00
2025-09-24 19:07:54.264593+00,Why Zebras Dont Get Ulcers,"Key Idea 1 of 6: Your Body Reacts to a Traffic Jam Like It’s a Lion AttackImagine a zebra grazing peacefully on the savanna. Suddenly, a lion bursts from the tall grass. In an instant, the zebra’s body unleashes a brilliant and coordinated cascade of physiological changes. Its heart rate skyrockets, blood pressure soars, and energy reserves are mobilized from storage and flooded into its muscles. Non-essential processes like digestion, growth, and reproduction are shut down. This is the classic “fight-or-flight” response, a masterpiece of evolution designed to handle acute, life-threatening physical emergencies. For the zebra, stress is a short-term crisis. It either escapes the lion, or it doesn’t. Either way, the stress is over in minutes.Now, picture yourself in a traffic jam. You’re late for an important meeting. Your boss is going to be furious. You grip the steering wheel, your heart pounds, your muscles tense, and your stomach churns. Sound familiar? Your body is reacting with the very same physiological response as that zebra. The problem is, you aren't running for your life. You are sitting in a car, worrying.This is the central paradox of stress in the modern world. We humans, with our complex brains, can activate this ancient survival mechanism purely with our thoughts. We can trigger it by worrying about mortgages, relationships, or career promotions—stressors that can last for months or even years. The stress response is orchestrated by a flood of hormones, primarily epinephrine (also known as adrenaline) and glucocorticoids. Epinephrine gives you that immediate jolt, while glucocorticoids provide a more sustained backup. Together, they are designed to give you the physical resources to deal with an immediate crisis.But when this system is activated chronically for psychological reasons, it’s a disaster. The physiological responses that are brilliantly adaptive for a short-term physical emergency become profoundly damaging when sustained over the long term. You are turning on a system designed for a ten-minute sprint, but keeping it running for a marathon of worry. This fundamental mismatch is why we, unlike zebras, are so vulnerable to stress-related diseases. The first step to managing stress is recognizing that the physical sensations you feel—the racing heart, the tense muscles—are not a sign of failure, but a sign of an ancient system doing exactly what it evolved to do, just at the wrong time. Understanding this disconnect is the key to preventing the long-term damage it can cause, which we will explore next.

Key Idea 2 of 6: You Can Think Yourself into Heart Disease, Diabetes, and UlcersIf you constantly run your car’s engine at maximum RPMs, it’s going to wear out. The same is true for your body. When you chronically activate the stress response for psychological reasons, you are putting a relentless strain on your internal machinery, leading to some of the most common diseases of the modern world.Let's start with your cardiovascular system. Every time you get stressed, your blood pressure rises. If this happens daily, you can develop chronic hypertension. Your heart, which is just a simple pump, has to work harder against this pressure. Over time, the wall of the left ventricle thickens to handle the increased load, a condition that dramatically increases your risk of an irregular heartbeat. Meanwhile, your blood vessels, the hoses of the system, also suffer. The increased force of blood flow can cause tiny tears and inflammation at branch points in your arteries. Your body’s stress response also mobilizes fats and glucose into the bloodstream, which, along with other circulating gunk, can stick to these damaged sites, forming atherosclerotic plaques. This is how chronic stress directly contributes to heart disease, the number one killer in the developed world.The metabolic consequences are just as severe. The stress response is designed to mobilize energy, which means it constantly tells your body to stop storing energy. It does this by making your cells less sensitive to insulin, the hormone that helps store glucose. If this happens frequently, your cells can become chronically insulin-resistant, forcing your pancreas to pump out more and more insulin to be heard. This is the pathway to adult-onset diabetes, a disease that is now at epidemic levels.And what about ulcers? For decades, stress was blamed, but then scientists discovered that a bacterium, Helicobacter pylori, was present in most ulcer patients. The focus shifted entirely to the bacteria, and stress was dismissed. However, the full story is more complex. The vast majority of people infected with H. pylori never get ulcers. Stress appears to be the critical cofactor. It weakens the stomach’s defenses by reducing blood flow, inhibiting the secretion of protective mucus, and causing an ""acid rebound"" after the stressor ends. This creates the perfect opportunity for the bacteria to do their damage. In each of these cases—heart disease, diabetes, and ulcers—stress doesn't create a new problem out of thin air. Instead, it relentlessly pushes and prods existing systems, weakening their defenses and accelerating their decline, making you more vulnerable to disease. The damage isn't just limited to systems that are over-activated; it also extends to the vital, long-term projects that stress puts on hold.",1093440c-67e7-47ba-be2a-782028502c92,https://ziifsmeagbyyjsnmxwns.supabase.co/storage/v1/object/public/content/journeys/audio/2f0652dc-d120-466d-a142-7e5b4978a792.mp3,https://ziifsmeagbyyjsnmxwns.supabase.co/storage/v1/object/public/content/summaries/cover-pages/Why%20Zebras%20Don't%20Get%20Ulcer.webp,88ee483a-8760-4caf-9fa6-2a7530f5a439,2f0652dc-d120-466d-a142-7e5b4978a792,2,07:10,2025-09-26 18:18:41.27276+00
2025-09-25 20:13:05.107941+00,Wrapping Up,"You've arrived at the end of this path, but it's truly the beginning of a new way of living. You started this journey to find a way out of the fog of confusion. Now, you have a complete toolkit to create lasting clarity.You learned that your mind has two competing systems, and you now know how to stop its lazy shortcuts from running your life. You discovered how to manage your emotional brain, turning down the volume on anger and anxiety so your rational mind can be heard. Finally, you've unlocked the most powerful tool of all: the ability to ground yourself in the present moment, which is the only place where peace and clarity exist.Confusion thrives on a scattered mind. Clarity is born from a mind that is understood, emotionally balanced, and fully present. You have the map. The journey now is to walk the path every day.Here’s how to continue your practice of presence:
Ask ""What's My Problem Now?"": Whenever you feel overwhelmed by worry, stop and ask yourself, ""Do I have a problem at this exact second?"" Not in an hour, not tomorrow. Right now. The answer is almost always no.
Say ""Yes"" to the Moment: For the next 24 hours, try to say an inner ""yes"" to whatever happens. Stuck in traffic? Yes. Spilled coffee? Yes. This isn't about being passive; it's about ending inner resistance, which is the root of suffering.Thank you for trusting me as your guide. The clarity you seek is no longer a distant destination; it is available to you right here, right now.",cf6a5ab3-5a87-582d-9e6e-7242d32f6274,https://ziifsmeagbyyjsnmxwns.supabase.co/storage/v1/object/public/content/journeys/audio/6e8f711a-b1a8-5d02-a0e8-7aef99360e7c_cf6a5ab3-5a87-582d-9e6e-7242d32f6274_2.mp3?,https://ziifsmeagbyyjsnmxwns.supabase.co/storage/v1/object/public/content/journeys/covers/12084101_4914816%20(1).jpg,6e8f711a-b1a8-5d02-a0e8-7aef99360e7c,31c850ef-aa2a-4821-b6a3-69ca9e80294b,2,02:01,2025-09-26 18:18:41.27276+00
2025-09-25 20:13:04.599117+00,Meet the Two Minds Inside You,"In this first section, we'll pull back the curtain on why your mind feels so chaotic.Ever had a brilliant gut feeling one moment, and a lazy, biased thought the next? That’s because you have two ""systems"" running the show. One is fast, intuitive, and automatic. The other is slow, deliberate, and requires real effort. Most of your confusion comes from not knowing which system is in charge.Here, you'll discover how to spot these two systems in action. You’ll learn why your brain cleverly substitutes hard questions with easy ones, creating mental shortcuts that lead to predictable mistakes. This isn't about judging your mind; it's about understanding its operating manual so you can finally start working with it.",80d9c02b-f1c6-597b-accd-7129755c3a99,https://ziifsmeagbyyjsnmxwns.supabase.co/storage/v1/object/public/content/journeys/audio/6e8f711a-b1a8-5d02-a0e8-7aef99360e7c_80d9c02b-f1c6-597b-accd-7129755c3a99_1.mp3?,https://ziifsmeagbyyjsnmxwns.supabase.co/storage/v1/object/public/content/journeys/covers/12084101_4914816%20(1).jpg,6e8f711a-b1a8-5d02-a0e8-7aef99360e7c,33305dc7-1cf0-471c-b9b2-2f63116ebb66,1,00:53,2025-09-26 18:18:41.27276+00
2025-09-22 13:23:17.309632+00,Final Word (& a bonus insight!),"The Gita doesn’t end with rules—it ends with refuge. After all the philosophy, all the debate, Krishna brings it to a single point: You don’t have to hold everything alone. So whenever you feel overwhelmed, stuck, or lost, come back. Dip into these insights like a well. Each time, the water will taste different, because you’ll be standing at a new place in life. This isn’t the end of your journey—it’s the beginning of walking lighter, freer, and more anchored in what matters. Here is a bonus insight for you: Key Insight: Learn True Knowledge from Gurus, Not Just Books Books are incredible—they light sparks, shape ideas, and give us tools. But Krishna makes a distinction: information is not transformation. You can read a hundred cookbooks and still burn rice. What changes everything is standing beside someone who has lived it—watching how they stir, taste, and improvise. Spiritual knowledge works the same way. Saints, mentors, or guides don’t just explain concepts; they embody them. Their calm when chaos hits, their generosity in service, their quiet strength—these are lessons no textbook can capture. Krishna’s advice is practical: Approach the wise with humility, inquiry, and readiness to serve. Humility keeps you open, inquiry keeps you curious, and service keeps your ego from getting in the way. In that atmosphere, knowledge is not transferred—it is awakened. Books can point you to the mountain. But only those who have climbed it can show you the path through the rocks, storms, and shortcuts. Seek them, walk with them, and you’ll discover that wisdom isn’t just learned—it’s caught.",84708ced-7e2f-5ad5-8ab4-abbd738d5a3e,https://ziifsmeagbyyjsnmxwns.supabase.co/storage/v1/object/public/content/journeys/audio/practical_gita/33b18f70-16d2-4bdf-98f9-6e0686ae6102.mp3?,https://ziifsmeagbyyjsnmxwns.supabase.co/storage/v1/object/public/content/journeys/covers/Practical_Gita_free_yourself_v3.webp,defc4266-1eef-4756-b61c-01836d89b08b,33b18f70-16d2-4bdf-98f9-6e0686ae6102,32,02:50,2025-09-26 18:18:41.27276+00
2025-09-22 13:23:14.224092+00,Key Insight 54: Om – Align with the Divine Intention,"The Gita closes its discussion of discipline and sacrifice with a simple but profound reminder: every act has a hidden anchor. When Krishna invokes Om, Tat, Sat, he’s not prescribing ritual syllables—he’s pointing to the deeper practice of aligning intention with the Absolute. Om is the primal sound, the hum of the universe, the vibration that underlies creation. To begin an act with Om is to remember: this is not mine alone. This work, this offering, this word, participates in something larger. It’s a shift in posture—from “I do for me” to “let this be guided by the higher.” Modern science won’t comment on mantras, but it affirms the power of intention-setting. Studies in psychology show that when people begin tasks with a clear, value-based intention, they persist longer, experience less stress, and report more fulfillment. Neuroscience suggests that conscious priming (like repeating a phrase or focusing on meaning) literally shifts brain activation, preparing the mind for steadier action. What Krishna framed as aligning with Om, modern research calls anchoring on purpose. Monastics across traditions chant before work. Athletes visualize before games. Musicians tune instruments before a performance. These rituals don’t change the act itself—they change the state from which it flows.",f9f9ddfc-0a5e-5f74-baf7-818873537e44,https://ziifsmeagbyyjsnmxwns.supabase.co/storage/v1/object/public/content/journeys/audio/practical_gita/340fc945-bfed-4bd9-bc1a-59dcebf92ebd.mp3?,https://ziifsmeagbyyjsnmxwns.supabase.co/storage/v1/object/public/content/journeys/covers/Practical_Gita_grow_yourself_v2.webp,defc4266-1eef-4756-b61c-01836d89b08b,340fc945-bfed-4bd9-bc1a-59dcebf92ebd,64,02:01,2025-09-26 18:18:41.27276+00
2025-09-22 13:23:11.632467+00,Key Insight 28: Live in the World with a Focused Heart,"Krishna honors all seekers—the distressed, the curious, the success-driven. But he places the jnani-bhakta above the rest: the one who is devoted not out of fear, need, or transaction, but out of love and clear understanding. This devotion is not about escaping the world—it is about living in the world with a focused heart. The jnani-bhakta doesn’t ask, “What can I get from God?” but instead sees the Divine in all actions, all beings, all moments. Their devotion is steady, not conditional. It transforms daily duties into offerings, turning complexity itself into a path of clarity. Through our lens, this isn’t just about worship. It’s about cultivating constant remembrance—an awareness of the higher presence within and around you, so that every act, however ordinary, is tinged with sacredness. Erich Fromm, in The Art of Loving, distinguished immature love (“I love because I need you”) from mature love (“I need you because I love”). Krishna’s praise of the jnani-bhakta reflects the latter: devotion that arises from fullness, not deficiency. Why does this matter now? Much of modern life treats devotion—whether to God, to ideals, or even to people—as transactional: “I’ll give if I get.” Krishna asks us to change this: true devotion is offering, not bargaining. When you act from need alone, devotion falters with circumstance. But when you act from clarity—remembering the Divine as your ally, seeing the Higher Self in all—your devotion strengthens you, regardless of outcomes. This is why the jnani-bhakta is most dear: their devotion doesn’t depend on conditions, and so it endures. Krishna’s teaching is both lofty and practical: don’t wait for devotion to be fueled by fear or crisis. Fuel it through clarity, remembrance, and love.",f9f9ddfc-0a5e-5f74-baf7-818873537e44,https://ziifsmeagbyyjsnmxwns.supabase.co/storage/v1/object/public/content/journeys/audio/practical_gita/36476a69-4a16-4847-b16b-6380d5779ad2.mp3?,https://ziifsmeagbyyjsnmxwns.supabase.co/storage/v1/object/public/content/journeys/covers/Practical_Gita_grow_yourself_v2.webp,defc4266-1eef-4756-b61c-01836d89b08b,36476a69-4a16-4847-b16b-6380d5779ad2,32,02:48,2025-09-26 18:18:41.27276+00
2025-09-22 13:23:07.681586+00,"Key Insight 9: You Are The Ocean, Not the Wave","“A person who is not disturbed by the incessant flow of desires—that enter like rivers into the ocean, which is ever being filled but is always still—attains peace, and not the one who strives to satisfy such desires.” — Bhagavad Gita 2.70. Desire never stops knocking. A new gadget launches, and suddenly the old one feels outdated. A promotion dangles, and the current role feels insufficient. A vacation ends, and the itch for the next begins. Like rivers pouring into the ocean, desires flow endlessly. The Gita’s counsel isn’t to dam the rivers—it’s to expand yourself until they no longer disturb your depths. Arjuna, paralyzed by the swirl of wants and fears—honor, grief, kinship, victory—learns this lesson at Kurukshetra. Krishna reminds him: peace doesn’t come from chasing every current. It comes from becoming vast, steady, ocean-like—able to let desires flow without being swept away. Modern psychology explains the trap of living like a wave. Hedonic adaptation shows that pleasures, once gained, fade rapidly. We predict that success, money, or possessions will bring lasting joy, but studies consistently show the “high” returns to baseline faster than expected. The result: restless craving for the next hit. Nobel laureate Daniel Kahneman called it the “focusing illusion”—we overestimate the impact of what we want, and underestimate how quickly it fades. Neuroscience goes deeper. Dopamine circuits drive wanting more than liking—we crave endlessly, even when the actual enjoyment is brief. This wiring makes desire self-renewing. The more we identify with each new wave, the more we’re tossed about. History offers an antidote. Roman Stoics like Seneca taught that tranquility comes not from eliminating desire but from refusing to be enslaved by it. “If you would make a man happy,” he wrote, “add not to his riches but take away from his desires.” The parallel to Krishna’s ocean metaphor is striking: wealth, applause, or novelty may arrive, but the inner steadiness decides peace. Investor Warren Buffett once said, “Success is getting what you want. Happiness is wanting what you get.” He points to the same truth: real stability comes when your center isn’t constantly outsourced to external rivers. The Gita doesn’t call for renouncing life or numbing desire. It calls for scale. Be the ocean: full, expansive, capable of receiving all that flows in—without losing stillness. True peace, Krishna says, belongs not to the one who satisfies every desire, but to the one who is no longer disturbed by them.",efb8e124-09dc-5335-9641-c6112754ae8c,https://ziifsmeagbyyjsnmxwns.supabase.co/storage/v1/object/public/content/journeys/audio/practical_gita/366e9675-7d2b-4a49-b489-e4459b4e919e.mp3?,https://ziifsmeagbyyjsnmxwns.supabase.co/storage/v1/object/public/content/journeys/covers/Practical_Gita_Know_yourself_v2.webp,defc4266-1eef-4756-b61c-01836d89b08b,366e9675-7d2b-4a49-b489-e4459b4e919e,10,03:43,2025-09-26 18:18:41.27276+00
2025-09-25 20:04:04.690043+00,From Understanding to Action,"You’ve just taken a crucial first step. You now know that your loneliness is not a sign of being broken; it's a sign of being human. It's a biological signal pushing you toward something vital for your well-being. This understanding is your foundation. It replaces shame with self-awareness, which is the starting point for all meaningful change.Now, let's turn this new knowledge into action.
Your 60-Second Practice: The next time you feel a pang of loneliness, pause. Instead of judging it, simply say to yourself: ""This is my body's signal for connection. I hear it."" That’s it. Just acknowledge the message without the negative story.
Reframe Your Need: Remind yourself once today that needing others is a sign of strength, not weakness. It's how we're built to survive and thrive.You've learned the 'why'. In our next section, we'll dive into the 'how'—how to rewire your approach to getting the connection you need.",311ad037-84f4-57f8-92fd-8aa84e086f58,https://ziifsmeagbyyjsnmxwns.supabase.co/storage/v1/object/public/content/journeys/audio/085b1002-d315-5f5a-bd9e-b0e63e119c6f_311ad037-84f4-57f8-92fd-8aa84e086f58_3.mp3?,https://ziifsmeagbyyjsnmxwns.supabase.co/storage/v1/object/public/content/journeys/covers/12084100_4914815%20(1).jpg,085b1002-d315-5f5a-bd9e-b0e63e119c6f,36d800a1-28e5-4773-a821-05424e9f722e,3,01:25,2025-09-26 18:18:41.27276+00
2025-09-22 13:23:17.150767+00,Key Insight 26: Release All Burdens of Mind— Embrace Total Surrender,"There are verses in the Gita that explain, verses that inspire, and then there’s this one—Krishna’s final thunderclap: “Abandon all burdens, and simply surrender unto Me. I shall deliver you from all bondage; do not fear.” This is not a call to laziness, nor a loophole to skip responsibility. It’s the heart of the Gita, the thread that ties together all its teachings. After eighteen chapters of dialogue—about duty, selfless action, knowledge, meditation, devotion—Krishna says: All of that is preparation. The final step is trust. Think of the burdens we carry daily: - The endless pressure to “get it all right.” - The fear of failure and judgment. - The weight of duties—family, career, society—that sometimes feel impossible to balance. - Even spiritual striving—trying to meditate harder, read more, “be better.” Krishna looks at Arjuna (and us) and says: Lay it down. Stop dragging the mountain on your back. I will carry it. Modern psychology shows the same truth. Researchers like Brené Brown describe how the fear of not being “enough” keeps us locked in anxiety and performance traps. Neuroscience reminds us that chronic stress is often not from tasks themselves, but from the story the mind spins about them: “If I fail, I’m worthless. If I stumble, it’s over.” Surrender short-circuits that loop. It shifts the center of gravity from the fragile ego to something infinitely larger. This isn’t passive resignation. It’s an active choice, a daring leap into trust. It’s saying: “I’ll give my best, but I no longer need to control every outcome. I’ll release the fear that I am alone in this.” In that moment, responsibility remains—but the crushing weight of ownership dissolves. Saints across traditions echo this. Ramana Maharshi once asked: “Why take upon yourself the burden of what the Divine already carries?” The river doesn’t strain to reach the ocean—it flows, because gravity holds it. Surrender is learning to live like that. And the promise Krishna makes here is bold: “I will deliver you. Do not fear.” It’s not theory—it’s assurance. The Gita ends not with rules, but with refuge. The deepest freedom begins not when we conquer every battle, but when we lay our weapons at the feet of trust.",84708ced-7e2f-5ad5-8ab4-abbd738d5a3e,https://ziifsmeagbyyjsnmxwns.supabase.co/storage/v1/object/public/content/journeys/audio/practical_gita/3860e316-c95f-416c-9622-a32a71473cb8.mp3?,https://ziifsmeagbyyjsnmxwns.supabase.co/storage/v1/object/public/content/journeys/covers/Practical_Gita_free_yourself_v3.webp,defc4266-1eef-4756-b61c-01836d89b08b,3860e316-c95f-416c-9622-a32a71473cb8,30,03:36,2025-09-26 18:18:41.27276+00
2025-09-22 13:23:16.995846+00,Key Insight 24: The Wise Never Claim “I Am the Doer”,"Have you ever noticed how the most genuinely wise people rarely brag about what they’ve accomplished? They don’t walk around saying, “Look what I did.” In fact, their presence often feels lighter, freer—as though life is flowing through them, not being dragged by them. This is exactly what Krishna is pointing to. The ego loves to stamp its name on every achievement: “I wrote this, I built that, I solved this, I saved them.” But wisdom reveals a subtler truth: you are not the ultimate doer. Actions happen through the body, mind, and nature’s forces—the Self simply witnesses. Think of the wind chimes on a porch. The chimes don’t declare, “I made the sound.” The wind moved through them, and music arose. The wise see their life in the same way: the divine current blows, and they resonate. Their job is not to force the melody but to stay open, clear, and in tune. This doesn’t mean passivity. Gandhi never sat idle. Martin Luther King Jr. never said, “Let things happen.” But both lived with the sense that they were instruments, not proprietors. As Gandhi often said, “I have nothing new to teach the world. Truth and non-violence are as old as the hills.” His work was not self-centered invention but attunement to timeless principles. When you stop clinging to the title of doer, two things happen: - You lose the weight of outcomes. Success and failure sting less, because they’re no longer personal trophies or scars. - You gain peaceful power. Like a flute in skilled hands, life plays through you with clarity and grace. Krishna’s wisdom is this: the ego wants ownership, but the soul finds freedom in surrender. True power doesn’t scream “I did this.” It whispers, “Let it be done through me.”",84708ced-7e2f-5ad5-8ab4-abbd738d5a3e,https://ziifsmeagbyyjsnmxwns.supabase.co/storage/v1/object/public/content/journeys/audio/practical_gita/3acb9cd7-0d0e-458a-b88c-5cdd041b3ce1.mp3?,https://ziifsmeagbyyjsnmxwns.supabase.co/storage/v1/object/public/content/journeys/covers/Practical_Gita_free_yourself_v3.webp,defc4266-1eef-4756-b61c-01836d89b08b,3acb9cd7-0d0e-458a-b88c-5cdd041b3ce1,28,02:38,2025-09-26 18:18:41.27276+00
2025-09-25 20:04:04.578125+00,Loneliness Human Nature,"Key Idea 1 of 4: The Pain of Loneliness Is a Physical RealityImagine Katie Bishop. Growing up in a tight-knit community, she felt paradoxically out of place and couldn't wait to escape. She landed a great job in the software industry, moved to a new city, and embraced a life of independence. But within six months, her new life felt like a disaster. She was fifteen pounds heavier, constantly catching colds, and battling insomnia. Her evenings were spent alone, eating ice cream straight from the carton. Katie’s story isn’t just about sadness; it’s a case study in the physical consequences of loneliness.Loneliness is an aversive signal, much like thirst or pain, that evolved to protect us from the danger of isolation. For our ancestors, being separated from the tribe was a death sentence. This ancient alarm system is etched into our DNA, but in the modern world, when this signal becomes chronic, it turns from a protective prompt into a corrosive force. The subjective feeling of isolation has a direct and measurable impact on the brain’s executive control—the part responsible for focus, impulse control, and self-regulation. This is why, like Katie, you might find yourself mindlessly eating junk food or unable to muster the energy for exercise when you feel lonely. Your brain, perceiving a threat, is less equipped to make disciplined, long-term choices.This mental strain is mirrored by a punishing physical reality. Chronic loneliness creates a state of constant, low-grade alert that inflicts significant ""wear and tear"" on your body. It elevates levels of stress hormones like cortisol, which disrupts restorative sleep and leaves you feeling fatigued during the day. It compromises your immune system, making you more susceptible to illness. And it puts a persistent strain on your cardiovascular system, increasing what’s known as total peripheral resistance—essentially forcing your heart to work harder. Over time, this cascade of physiological events measurably accelerates the aging process, predisposing you to chronic illness and even premature death. Katie’s weight gain and constant sickness weren’t signs of personal failure; they were physical symptoms of an unmet biological need.So, the next time you feel that deep ache of isolation, recognize it for what it is: a powerful signal from your body. Understanding that the pain is real is the first step toward addressing its root cause. But if loneliness is so damaging, why did we evolve to feel it in the first place? The answer lies in our deepest evolutionary past, revealing that your need for others isn't a weakness—it's your greatest survival tool.Key Idea 2 of 4: You Are Hardwired for ConnectionIn a series of now-famous experiments, psychologist Harry Harlow separated newborn rhesus monkeys from their mothers and gave them two surrogates. One was a cold, wire-frame figure that provided milk. The other was a soft, cloth-covered figure that offered only comfort. The results were stark and undeniable. The infant monkeys spent nearly all their time clinging to the cloth mother, visiting the wire mother only for a quick meal. When frightened, they ran to the cloth mother for security. The experiment proved that for primates, connection and comfort are more fundamental needs than even sustenance.This powerful drive is the legacy of our evolution. Humans are, as the book describes, ""obligatorily gregarious,"" meaning we are designed to live in groups. Our journey from small hominids on the African savannah to the dominant species on the planet was fueled not by ruthless, individual competition, but by our unparalleled ability to cooperate. Sharing food, coordinating hunts, and raising helpless infants required a dense web of social bonds. Evolution favored genes that made these bonds feel good and made their absence feel terrible.This hardwiring for connection is visible in our very physiology. We are bound to one another by what the book calls ""sympathetic threads""—unconscious mechanisms that build rapport and synchronize our bodies. When you unconsciously mimic a friend's posture or yawn after seeing someone else yawn, you are engaging in a primal form of social bonding. This physical resonance is deepened by our neurochemistry, most notably by oxytocin. Often called the ""master chemical"" of social connection, oxytocin is released during acts of positive physical contact like hugging, as well as during childbirth and nursing, creating feelings of calm, trust, and attachment. It’s the hormone that cements the bond between a mother and child and fosters the deep connection between romantic partners.Recognizing this biological imperative allows you to reframe your need for connection. It’s not a sign of weakness or neediness; it’s a fundamental part of your human operating system, as essential as food or water. The monkeys choosing the cloth mother weren't being irrational; they were following a deep-seated biological program that equates connection with safety and survival. You are built from the same blueprint.This hardwiring makes us incredibly attuned to our social world. But it also comes with a vulnerability. When this deep-seated need for connection isn't met, our brain's finely tuned social radar can go haywire, turning from a tool for connection into a system for threat detection.",311ad037-84f4-57f8-92fd-8aa84e086f58,https://ziifsmeagbyyjsnmxwns.supabase.co/storage/v1/object/public/content/summaries/cover-pages/294b263656934786db434c31_Loneliness: Human Nature and the Need for Social Connection.webp?,https://ziifsmeagbyyjsnmxwns.supabase.co/storage/v1/object/public/content/journeys/covers/12084100_4914815%20(1).jpg,085b1002-d315-5f5a-bd9e-b0e63e119c6f,3db040c6-aec3-43e2-bdcb-bad8cd0cc080,2,07:01,2025-09-26 18:18:41.27276+00
2025-09-25 20:13:04.994413+00,The Final Piece of the Puzzle,"Welcome to the final and most transformative section of our journey together.You've learned to navigate the complex machinery of your mind and the powerful currents of your emotions. But even with these tools, it's easy to get lost—lost in worries about the future or regrets about the past. This mental time-travel is the source of almost all our stress and suffering. It pulls you out of the only reality that ever truly exists: the present moment.In this section, you will learn how to anchor yourself in the power of Now. We will dismantle the illusion of time that fuels anxiety and uncover the profound peace that comes from accepting the present moment just as it is. This is not about ignoring the future or forgetting the past; it's about learning to live from a place of deep, unshakable presence, where true clarity is finally found.",cf6a5ab3-5a87-582d-9e6e-7242d32f6274,https://ziifsmeagbyyjsnmxwns.supabase.co/storage/v1/object/public/content/journeys/audio/6e8f711a-b1a8-5d02-a0e8-7aef99360e7c_cf6a5ab3-5a87-582d-9e6e-7242d32f6274_0.mp3?,https://ziifsmeagbyyjsnmxwns.supabase.co/storage/v1/object/public/content/journeys/covers/12084101_4914816%20(1).jpg,6e8f711a-b1a8-5d02-a0e8-7aef99360e7c,3dc62668-c9eb-4f5f-89ec-63d52f0704e6,0,01:06,2025-09-26 18:18:41.27276+00
2025-09-22 13:23:09.415228+00,Key Insight 4: Action is Inevitable,"Krishna makes a simple but uncompromising point: you cannot avoid acting. Even choosing “not to act” is itself an action—with consequences. Life moves forward whether you like it or not, and the real question isn’t “Will I act?” but “How will I act?” The real choice isn’t whether to act, but whether to act unconsciously or consciously. Driven by fear, ego, or social pressure, action becomes bondage—it piles on stress, attachment, and regret. But when action is done with clarity, alignment, and freedom from selfish desire, it becomes karma yoga—work as offering, life as sacred practice. In today’s hustle culture, we often fantasize about escape: quitting the job, retreating to the mountains, pressing pause on the noise. But the Gita is blunt: inaction won’t save you. The only way forward is through action—but action infused with purpose, clarity, and offering. The paradox Krishna reveals is you can’t “not act”.",f9f9ddfc-0a5e-5f74-baf7-818873537e44,https://ziifsmeagbyyjsnmxwns.supabase.co/storage/v1/object/public/content/journeys/audio/practical_gita/3ff6f3ee-723c-40d3-aeb6-83eb19fc1e8c.mp3?,https://ziifsmeagbyyjsnmxwns.supabase.co/storage/v1/object/public/content/journeys/covers/Practical_Gita_grow_yourself_v2.webp,defc4266-1eef-4756-b61c-01836d89b08b,3ff6f3ee-723c-40d3-aeb6-83eb19fc1e8c,4,01:38,2025-09-26 18:18:41.27276+00
2025-09-22 13:23:12.395907+00,Key Insight 36: Sattva drives us towards Joy and Knowledge,"Krishna describes sattva—the quality of clarity, purity, and harmony—as luminous. It lifts the mind toward joy, steadiness, and understanding. When sattva predominates, life feels lighter: thoughts are clearer, actions kinder, choices more balanced. It’s the mode most people aspire to cultivate. But here’s the paradox: even sattva binds. How? By creating attachment to our own goodness. If you start clinging to the identity of being “pure,” “wise,” or “virtuous,” pride creeps in. You begin to mistake the light for the goal, when in truth it’s still a rung on the ladder. Sattva can be a golden cage—comfortable, beautiful, but still a cage. Modern psychology has a name for this: spiritual materialism. Chögyam Trungpa coined the phrase to describe how the ego can hijack even spiritual growth—turning meditation, knowledge, or virtue into badges of superiority. “Look at how mindful I am,” the ego whispers. “Look at how much I’ve transcended.” Ironically, this attachment freezes growth instead of freeing it. History offers the same warning. Many reformers began with clarity and compassion but lost themselves when they started identifying with their moral high ground. Virtue became pride, and pride became blindness. What begins as sattva can harden into subtle chains if not released. Krishna’s point is sharp but liberating: cultivate sattva, but don’t cling to it. Let it refine you, but keep moving. The highest freedom is not just harmony—it’s transcendence. Beyond sattva lies the Self, untouched by all qualities. So while tamas drags us into inertia, and rajas whips us into restlessness, even sattva must ultimately be let go. It is a lamp to guide you across the dark—but once you reach the shore, you don’t carry the lamp on your head. You bow to it, thank it, and step into the light that needs no lamp.",f9f9ddfc-0a5e-5f74-baf7-818873537e44,https://ziifsmeagbyyjsnmxwns.supabase.co/storage/v1/object/public/content/journeys/audio/practical_gita/43cda413-5a9d-46d8-9ed0-d0d017662141.mp3?,https://ziifsmeagbyyjsnmxwns.supabase.co/storage/v1/object/public/content/journeys/covers/Practical_Gita_grow_yourself_v2.webp,defc4266-1eef-4756-b61c-01836d89b08b,43cda413-5a9d-46d8-9ed0-d0d017662141,42,02:56,2025-09-26 18:18:41.27276+00
2025-09-22 13:23:07.604633+00,Key Insight 8: Inner Stability Is The Root of True Joy,"Pleasure is easy to chase and easier to lose. A new purchase, a glowing review, a burst of applause—they light us up for a moment, then fade. The Gita calls this out directly: “The pleasures that arise from contact with the senses… are temporary, they have a beginning and an end” (5.22). Krishna’s counterpoint is profound: true joy isn’t loud or fleeting, but steady and nourishing. It comes not from what the world hands you, but from the alignment of your inner life with truth. Arjuna’s despair is the perfect example. Victory over his cousins could promise him land, wealth, and power. But none of that felt like joy—because it was built on grief. Krishna redirects him toward an inner steadiness that isn’t dependent on win or loss. Joy rooted in the eternal Self, Krishna insists, cannot be shaken by circumstance. Modern psychology supports this. Hedonic adaptation shows that both highs (lottery wins) and lows (injuries, losses) fade back to baseline more quickly than we expect. Daniel Gilbert calls it “affective forecasting error”—we overestimate how long happiness or sadness will last. Translation: the thrill of success and the sting of failure both wear off. If joy is tied only to outcomes, it will always be fragile. Neuroscience explains why. Dopamine circuits drive us to want, chase, and anticipate—yet the satisfaction (“liking”) saturates fast. We’re wired to keep pursuing novelty, not to sit in contentment. That’s why the “next big thing” excites us more than the thing we already have. Unless anchored deeper, happiness keeps slipping through our fingers. Philosophers and survivors alike have pointed to another path. Viktor Frankl, in Man’s Search for Meaning, found joy not in circumstances (which in Auschwitz were horrific), but in meaning. “Those who have a why to live,” he wrote, “can bear almost any how.” Research backs him: a strong sense of purpose predicts greater resilience and even longer life expectancy. And practices like mindfulness meditation demonstrate that stability can be cultivated. Clinical studies show that even brief programs reduce anxiety and depression. The mechanism: strengthening the brain’s ability to notice thoughts and feelings without fusing them. This is the very stance the Gita points to: not suppression, but steadiness. Joy that is less about fireworks, more about a quiet flame. This joy is not passive. It gives leaders the ability to serve without ego, to celebrate without intoxication, to endure hardship without collapse. When you root your sense of self in inner alignment rather than outer applause, you gain a joy that is not hostage to weather—economic, social, or emotional.",efb8e124-09dc-5335-9641-c6112754ae8c,https://ziifsmeagbyyjsnmxwns.supabase.co/storage/v1/object/public/content/journeys/audio/practical_gita/441f370a-b3cb-4384-abc4-62fa98c93b95.mp3?,https://ziifsmeagbyyjsnmxwns.supabase.co/storage/v1/object/public/content/journeys/covers/Practical_Gita_Know_yourself_v2.webp,defc4266-1eef-4756-b61c-01836d89b08b,441f370a-b3cb-4384-abc4-62fa98c93b95,9,03:58,2025-09-26 18:18:41.27276+00
2025-09-22 13:23:13.445614+00,Key Insight 47: Giving is the Core Value,"For Krishna, giving isn’t a side virtue—it’s a core value, a mark of inner refinement. But he also makes a distinction: true giving isn’t driven by guilt, social pressure, or a sense of superiority. It flows from śraddhā—faith in the goodness of giving itself. When giving springs from reverence, the act becomes infused with sacredness. The size of the gift doesn’t matter; the intention does. A meal shared with love nourishes more than a fortune given with pride. A kind word, a listening ear, a moment of genuine attention—these too are gifts when offered with humility and joy. This teaching levels hierarchies. Everyone can give, because true giving isn’t about abundance—it’s about sincerity. The poorest person with faith can outshine the richest donor if the offering carries devotion. As Krishna taught earlier, a tulsi leaf given in love outweighs a diamond given in ego. Modern psychology agrees: research on altruism shows that people who give from empathy—not obligation—experience deeper happiness and connection. Neuroscience reveals that acts of generosity light up reward circuits in the brain, literally making giving its own joy. History also affirms it. Think of Mother Teresa, who gave presence and dignity to the dying; or Nelson Mandela, who gave forgiveness in the face of injustice. Their gifts weren’t measured in material size but in spiritual depth. Krishna’s wisdom is clear: giving is not transactional—it’s transformational. Each act of true generosity dissolves ego, strengthens connection, and turns ordinary life into yajña, sacred offering. When you give with faith, you don’t just lighten another’s burden—you lighten your own heart.",f9f9ddfc-0a5e-5f74-baf7-818873537e44,https://ziifsmeagbyyjsnmxwns.supabase.co/storage/v1/object/public/content/journeys/audio/practical_gita/443513a8-62fc-404b-8e98-46cdf0964c60.mp3?,https://ziifsmeagbyyjsnmxwns.supabase.co/storage/v1/object/public/content/journeys/covers/Practical_Gita_grow_yourself_v2.webp,defc4266-1eef-4756-b61c-01836d89b08b,443513a8-62fc-404b-8e98-46cdf0964c60,55,02:37,2025-09-26 18:18:41.27276+00
2025-09-22 13:23:14.728295+00,"Key Insight 59: Sattvic Happiness appears Bitter First, Nectar Later","“That happiness which arises from a clear mind… though seeming like poison at first, is nectar in the end.” — Bhagavad Gita Krishna doesn’t romanticize happiness. He divides it into types, and here he names one most people overlook: the kind that feels unpleasant at the beginning but sweetens as it matures. This is sattvic happiness. Why poison at first? Because it asks something of you. Waking up early when your body wants to sleep in. Saying no to distractions when the world tempts you with instant gratification. Forgiving someone when resentment feels more satisfying. Choosing vegetables over junk food, meditation over endless scrolling, honesty over comfort. These choices sting in the moment. They require effort, discipline, and a little self-denial. But over time, they release their nectar. The body becomes lighter, the mind clearer, the heart freer. Instead of chasing fleeting pleasures that leave you craving more, you begin to taste a joy that actually grows with time. This is not pleasure-seeking—it is peace-building. Psychologists studying delayed gratification (think of Walter Mischel’s marshmallow test) show that the ability to resist short-term impulses predicts greater long-term success and well-being. Neuroscience adds that habits initially feel hard because they rewire the brain’s circuitry—effort is the “poison,” but once pathways form, the behavior flows more naturally and reward deepens. History is full of people who lived this truth. Athletes endure years of training for moments of transcendence. Writers drafting page after page before a masterpiece emerges. Gandhi’s fasting and discipline, bitter in the moment, became nectar that strengthened a movement. The insight is clear: don’t confuse the sugar rush of instant pleasure with the sweetness of true joy. The first fades quickly, leaving emptiness behind. The second grows slowly, like honey—nourishing, lasting, and deeply satisfying.",f9f9ddfc-0a5e-5f74-baf7-818873537e44,https://ziifsmeagbyyjsnmxwns.supabase.co/storage/v1/object/public/content/journeys/audio/practical_gita/4568d715-cc19-4ebb-9ed1-c75478db54a3.mp3?,https://ziifsmeagbyyjsnmxwns.supabase.co/storage/v1/object/public/content/journeys/covers/Practical_Gita_grow_yourself_v2.webp,defc4266-1eef-4756-b61c-01836d89b08b,4568d715-cc19-4ebb-9ed1-c75478db54a3,70,02:36,2025-09-26 18:18:41.27276+00
2025-09-25 20:04:05.110229+00,The Art of Gathering,"Key Idea 1 of 4: Your Purpose Is Your BouncerImagine a courtroom where the judge sits at eye level with the defendant, where applause breaks out for someone who has made progress, and where the goal isn't just to punish but to solve the underlying problems that led to the crime. This is the Red Hook Community Justice Center in Brooklyn, a real-world example of a gathering redesigned from the ground up. Its founders didn't just accept the template of a traditional courtroom; they asked a fundamental question: Why are we really gathering? Their answer—to heal the community and improve behavior—dictated every choice, from the light-wood furniture to the judge’s collaborative tone.Most of us aren't redesigning courtrooms, but we fall into the same trap of letting the category of our gathering substitute for its purpose. We host a ""networking night"" or a ""birthday party"" and assume the format is pre-ordained. This is why so many gatherings feel stale. The art of gathering begins by committing to a bold, sharp purpose. This purpose must be more than a category; it needs to be specific, unique, and even a little disputable. A purpose like ""celebrating love"" at a wedding is nice, but it won't help you decide whether to invite your parents' long-lost friend or your own estranged college buddy. A purpose like ""ceremonially repaying our parents for all they've done"" is disputable, and it immediately makes that decision for you.Your purpose should be a decision filter, a bouncer at the door of your event. Once your purpose is clear, it makes the hardest part of hosting much easier: deciding who to invite, and more importantly, who not to invite. We're taught that ""the more the merrier,"" but Parker argues this is a myth. Over-inclusion is often a symptom of a fuzzy purpose. Thoughtful, considered exclusion is not unkind; it is a generous act that protects the gathering and the guests who are there for its intended reason. When you create a workout group for a small circle of friends to bond, adding a stranger as a ""substitute"" may seem polite, but it damages the intimacy and trust the group was built on. By closing the door to those who don't serve the purpose, you create a space where the right people can truly connect and the gathering can flourish.This bouncer doesn't just guard the guest list; it also helps you choose the location. A venue is never just a room; it nudges people toward certain behaviors. A formal boardroom encourages hierarchy, while a casual park encourages openness. Choosing a location that embodies your purpose is a powerful tool for setting the right tone before anyone even says a word. Once you have a clear and compelling why, the who and the where naturally fall into place.Key Idea 3 of 4: Intentional Design Creates a Temporary Alternative WorldImagine thousands of people, all dressed elegantly in white, converging on a secret, iconic location in their city—a place like the Trocadéro in Paris. They carry their own tables, chairs, and gourmet picnics. At a silent cue, they all wave their white napkins in the air to begin their meal. This is Dîner en Blanc, a global phenomenon that perfectly illustrates how a gathering can transport you to a temporary alternative world. What makes it so magical isn't just the spectacle; it's the set of explicit ""pop-up rules"" that govern the experience. These rules—wear white, bring your own table, no paper plates—replace the stuffy, exclusionary norms of traditional etiquette.Etiquette is a code for people who are already the same. Pop-up rules, on the other hand, are a code for people who are different but are willing to share the same experience for a night. This is the key to spicing up your gatherings. By creating a unique set of rules, you design a fleeting kingdom with its own social contract, inviting guests to step out of their ordinary lives and into a world that exists only for that moment. This world encourages playfulness and allows people to show up in a different way.But creating an alternative world isn't just about what you wear; it's about how you show up. To foster true connection, you need to design for authenticity. Parker developed a format called ""15 Toasts,"" where a group of fifteen people share a meal and give toasts on a chosen theme, like ""a good life."" The toasts must be personal stories, not abstract ideas, and the last person to give a toast has to sing it. This playful risk encourages people to drop their polished ""stump speeches"" and share their half-baked ""sprout speeches""—the ideas and feelings they're still figuring out. It creates a space for vulnerability, which is the bedrock of genuine connection.This intentional design must begin long before your guests arrive. Your gathering starts the moment people first learn of it. This ""pre-game"" window is a crucial opportunity to prime your guests. Instead of just sending logistical details, use your invitation and follow-up communications to set the tone, introduce the rules, and build anticipation. Ask guests to contribute something small beforehand, like sending a photo of a happy moment from their year, which a host then used to decorate a Christmas tree. This simple act gets guests reflecting on the theme before they even walk in the door. By thoughtfully designing every phase of the experience—from the invitation to the rules of engagement—you can create a temporary world that feels both safe and exciting, allowing your guests to connect more deeply than they ever would at a ""chill"" get-together.",dcfd619a-542f-57f8-9cc2-2e122d153da5,https://ziifsmeagbyyjsnmxwns.supabase.co/storage/v1/object/public/content/journeys/audio/connections_art_of_gathering_voice.mp3,https://ziifsmeagbyyjsnmxwns.supabase.co/storage/v1/object/public/content/summaries/cover-pages/526788ee3044dcaceeafe7fb_The Art of Gathering.webp?,085b1002-d315-5f5a-bd9e-b0e63e119c6f,45c5ad07-bf16-4e35-8526-3f3df2ac6301,1,07:12,2025-09-26 18:18:41.27276+00
2025-09-22 13:23:11.170175+00,Key Insight 23: Walk with Detachment and Practice,"“Undoubtedly, the mind is restless... but it can be controlled by repeated practice and detachment.” — Bhagavad Gita Restlessness isn’t weakness—it’s the starting point. The secret is not in crushing the mind once and for all, but in training it, patiently, to return—again and again—to what uplifts. The tools Krishna gives are abhyasa (steady practice) and vairagya (detachment). Abhyasa is the discipline of repetition: keep showing up, keep guiding the mind back when it wanders. Vairagya is the wisdom of letting go: don’t cling to distractions, results, or cravings. Together, they form the twin pillars of mastery: effort and release, discipline and freedom. Neuroscience of habit (Charles Duhigg, The Power of Habit) shows that repetition literally rewires neural circuits. Each “return” to focus strengthens the brain’s pathways of attention. We often think transformation requires one heroic moment of willpower. Krishna says otherwise: it’s in the countless small returns. Each time you bring your attention back, each time you let go of what no longer serves you, you’re walking the path. The journey isn’t about forcing the mind into silence—it’s about training it to rest, again and again, in what truly matters.",f9f9ddfc-0a5e-5f74-baf7-818873537e44,https://ziifsmeagbyyjsnmxwns.supabase.co/storage/v1/object/public/content/journeys/audio/practical_gita/48df1670-1f92-4141-bfaf-8d484594d86c.mp3?,https://ziifsmeagbyyjsnmxwns.supabase.co/storage/v1/object/public/content/journeys/covers/Practical_Gita_grow_yourself_v2.webp,defc4266-1eef-4756-b61c-01836d89b08b,48df1670-1f92-4141-bfaf-8d484594d86c,26,01:47,2025-09-26 18:18:41.27276+00
2025-09-22 13:23:16.381672+00,"Key Insight 17: Actions Are Done by Nature, Not by the Self","We spend much of life carrying invisible weight: I did this. I failed at that. I succeeded because of me. I ruined it because of me. The Gita pierces through this illusion with one radical truth: all actions are done by prakriti—nature, with its instincts, biology, conditioning, and laws. The Self, the witness within, is untouched. Think of digestion. You eat, but you don’t do digestion—it happens. The heart beats, neurons fire, seasons change, storms come and go—all through the power of nature. In the same way, our speech, thoughts, and even impulses are carried by this vast machinery. The Self, like the sun, only shines—it never strains or acts. Krishna offers this perspective not to make us passive, but free. When you see that the ego isn’t the doer, guilt softens, pride loosens, and life regains flow. You still act—speak, work, love—but without the crushing burden of “I alone must control it all.” Modern psychology echoes this with insights about conditioning and unconscious processes. Neuroscience shows that many decisions are initiated milliseconds before we become aware of them. We’re less “commanders” of life than participants in a vast symphony. The Gita’s wisdom doesn’t diminish your role; it expands it. You are not the limited “actor” but the stage itself—the awareness in which nature plays out her drama. When you see this, you live with humility, serenity, and surprising courage—because you are no longer trapped in the illusion of being the sole doer.",84708ced-7e2f-5ad5-8ab4-abbd738d5a3e,https://ziifsmeagbyyjsnmxwns.supabase.co/storage/v1/object/public/content/journeys/audio/practical_gita/4a60946d-22f1-45f4-96bf-8cfb9a831570.mp3?,https://ziifsmeagbyyjsnmxwns.supabase.co/storage/v1/object/public/content/journeys/covers/Practical_Gita_free_yourself_v3.webp,defc4266-1eef-4756-b61c-01836d89b08b,4a60946d-22f1-45f4-96bf-8cfb9a831570,20,02:32,2025-09-26 18:18:41.27276+00
2025-09-22 13:23:10.200236+00,"Key Insight 12: When Dharma Declines, Divine Manifests","Krishna tells Arjuna that the Divine is not distant or indifferent. When the balance tips—when truth fades and chaos rises—something always emerges to restore order. In the epic, that force takes the form of Krishna Himself. But the principle reaches beyond mythology: life generates renewal when it’s most needed. The “descent of the Divine” doesn’t always appear as a god in blue skin. Sometimes it’s a leader, a teacher, a crisis that wakes us up, or the quiet but undeniable voice of conscience. The Avatara is not just a person—it can be a turning point. History offers countless examples: - Mahatma Gandhi in colonial India, insisting on nonviolence at a time when anger and division could have torn the country apart. - Martin Luther King Jr., who rose in the civil rights era as a voice of conscience, blending justice with compassion. - Nelson Mandela, emerging from 27 years in prison to guide South Africa through a fragile transition instead of revenge. Each appeared at moments of breakdown, embodying what Krishna describes: dharma reasserting itself through human lives. Psychology mirrors this too. Carl Jung spoke of the psyche generating “savior archetypes” when the ego feels overwhelmed—symbols of renewal rising from within. And Joseph Campbell’s Hero’s Journey points to the same pattern: when the hero is lost, a guide or force appears to help cross into transformation. Krishna’s promise isn’t just cosmic—it’s deeply personal. We all face seasons where “dharma declines” inside us: values blur, clarity fades, chaos crowds the mind. And often, just when things feel darkest, a teacher appears, a crisis shakes us awake, or an inner spark refuses to die. That too is the descent of the Divine. This teaching reminds us that decline isn’t the end of the story. Disorder creates the conditions for renewal.",f9f9ddfc-0a5e-5f74-baf7-818873537e44,https://ziifsmeagbyyjsnmxwns.supabase.co/storage/v1/object/public/content/journeys/audio/practical_gita/4d87edca-e7e0-4762-ad76-f9dc2ba55a02.mp3?,https://ziifsmeagbyyjsnmxwns.supabase.co/storage/v1/object/public/content/journeys/covers/Practical_Gita_grow_yourself_v2.webp,defc4266-1eef-4756-b61c-01836d89b08b,4d87edca-e7e0-4762-ad76-f9dc2ba55a02,14,02:42,2025-09-26 18:18:41.27276+00
2025-09-23 20:23:34.564834+00,Learning to heal yourself,"This part of the journey can be intense, and you've met the challenge beautifully. You're no longer just observing your anger; you're actively engaging with it, using its energy to create space and heal your past. You are learning that a trigger is not just a threat, but an invitation—an opportunity to respond differently and mend something deep within.Keep these simple practices close this week:
Micro-Action 1 (15 seconds): The next time you feel that familiar surge of anger, place a hand on your heart, take one slow, deep breath, and exhale completely before you say or do anything.
Micro-Action 2 (60 seconds): When an emotion feels overwhelming, ask yourself one gentle question: ""What is this feeling trying to protect me from?"" Don't search for an answer; just let the question sit.You are building the skills to respond to life with clarity and compassion. But what do we want to fill that newfound space with? In our final section, we will shift from healing the past to actively creating a future rooted in love.",deabba62-7a49-45b1-b058-74933fc1d7c2,https://ziifsmeagbyyjsnmxwns.supabase.co/storage/v1/object/public/content/journeys/audio/journey_4577782e3d_ed88cb7b8ca350bf6e63_2.mp3?,https://ziifsmeagbyyjsnmxwns.supabase.co/storage/v1/object/public/content/journeys/covers/12084100_4914815%20(1).jpg,0610db47-e2f8-43c9-8f47-fd23c8f18ba2,4eb228de-51d5-48a9-82d9-ba49f45dfece,2,01:20,2025-09-26 18:18:41.27276+00
2025-09-22 13:23:14.645294+00,"Key Insight 58: Sattvic Action Is Steady, Enthusiastic and Free of Ego","Krishna here paints a portrait of what mature action looks like. Not restless, not boastful, not half-hearted. A sattvic action is simple in posture but profound in impact: it is steady, wholehearted, and free from the ego’s fingerprints. This doesn’t mean the work is flashy. In fact, sattvic action is often quiet—showing up each day with consistency, giving your best without needing to broadcast it. Think of a devoted teacher who patiently nurtures students year after year, or a scientist who spends decades on a problem without chasing headlines. Their work is luminous not because it’s loud, but because it is rooted in steadiness and integrity. The Gita emphasizes three qualities here: - Steadiness: You keep showing up, even when it’s boring, even when the results are slow. - Enthusiasm: You give your best energy, not dragging your feet but engaging fully. - Freedom from ego: You don’t need applause. The work is its own reward. The deepest fulfillment comes not when we’re chasing external outcomes, but when we’re absorbed in the act itself—challenged, focused, and fully present. Neuroscience shows that in flow, the brain’s self-referential circuits (the “ego chatter”) quiet down, allowing action to feel effortless. Marie Curie, working tirelessly in her lab under harsh conditions, didn’t crave recognition—her focus was on the science itself. Their lives show how sattvic action quietly reshapes the world. Krishna’s point is sharp: it’s not just what you do, but how you do it. Action that is consistent, joyful, and detached from ego doesn’t deplete you—it strengthens you. That is the mark of spiritual maturity: when even your work carries the fragrance of steadiness, sincerity, and light.",f9f9ddfc-0a5e-5f74-baf7-818873537e44,https://ziifsmeagbyyjsnmxwns.supabase.co/storage/v1/object/public/content/journeys/audio/practical_gita/4f06f2da-19ef-4300-8a06-8163a3309236.mp3?,https://ziifsmeagbyyjsnmxwns.supabase.co/storage/v1/object/public/content/journeys/covers/Practical_Gita_grow_yourself_v2.webp,defc4266-1eef-4756-b61c-01836d89b08b,4f06f2da-19ef-4300-8a06-8163a3309236,69,03:01,2025-09-26 18:18:41.27276+00
2025-09-22 13:23:07.998126+00,Key Insight 12: Know what is Transient Field and who is Permanent Knower,"Most of us collapse our identity into whatever is happening right now. When the body is in pain, I am in pain. When the mind is anxious, I am anxious. When emotions flare, I am anger, grief, desire. Krishna begins Chapter 13 by untangling this knot. The body, mind, senses, and emotions are all part of the Field—the ever-changing landscape of human experience. But you are not the field. You are the Knower of the Field—the steady awareness that sees it all, untouched by the changes it witnesses. This distinction is not abstract philosophy—it’s practical. Arjuna’s entire breakdown at Kurukshetra happens because he is fusing himself with the field: with his role as son, disciple, cousin, warrior. When those identities collide, he feels annihilated. Krishna reminds him: there is something deeper within that does not rise or fall with these roles. Reconnect with that witness, and clarity returns. William James, the father of American psychology, divided the self into the “Me” (body, possessions, emotions, social identity) and the “I” (the pure knower of experience). In therapy today, this becomes self-as-context—a cornerstone of Acceptance & Commitment Therapy (ACT). Instead of saying “I am anxious,” ACT trains people to say “I notice anxiety.” The subtle shift reduces fusion with the field and restores choice. David Hume famously claimed he could find no stable self, only a bundle of perceptions. Derek Parfit agreed, but drew hope from it: realizing the self is not a fixed nugget but continuity softened his fear of death and widened his compassion. The Gita moves one step further: yes, the body–mind bundle is transient (the Field), but the witness of it—the Knower—remains steady. That recognition is liberation. This teaching is not about denying the field. The body, the mind, the senses are real and essential. But they are not the whole story. To know the difference is to gain freedom. Without that knowledge, every ripple becomes an identity crisis: “I am my failure,” “I am my illness,” “I am my anger.” With that knowledge, ripples are still felt, but they no longer sink you. You are the ocean’s depth, not just the surface waves.",efb8e124-09dc-5335-9641-c6112754ae8c,https://ziifsmeagbyyjsnmxwns.supabase.co/storage/v1/object/public/content/journeys/audio/practical_gita/5048d8b1-32dd-4543-b3ce-87943623c762.mp3?,https://ziifsmeagbyyjsnmxwns.supabase.co/storage/v1/object/public/content/journeys/covers/Practical_Gita_Know_yourself_v2.webp,defc4266-1eef-4756-b61c-01836d89b08b,5048d8b1-32dd-4543-b3ce-87943623c762,14,03:43,2025-09-26 18:18:41.27276+00
2025-09-23 20:23:34.256941+00,Awareness is your new superpower,"You’ve taken a massive first step. By simply looking at your anger with curiosity instead of judgment, you've fundamentally changed your relationship with it. You now have a map that shows where your anger comes from—the internal thoughts and the external triggers. This awareness is the key that unlocks everything else.As you move through your week, start putting this new power into practice:
Micro-Action 1 (10 seconds): The next time you feel a flash of irritation, just name the feeling silently to yourself. ""Ah, this is frustration."" That’s it.
Micro-Action 2 (30 seconds): Before your next important conversation, do a quick body scan. Ask yourself: ""Am I tired? Am I hungry?"" Answering these simple questions can help you sidestep an unnecessary conflict.You've learned to decode the ""what"" and ""why."" Now, are you ready to change the ""how""? In our next section, we’ll move from awareness to action, learning to transform these triggers in the moment.",71043452-7b12-4493-96c8-2037439bdb41,https://ziifsmeagbyyjsnmxwns.supabase.co/storage/v1/object/public/content/journeys/audio/journey_4577782e3d_8847c0855237bd3a17da_3.mp3?,https://ziifsmeagbyyjsnmxwns.supabase.co/storage/v1/object/public/content/journeys/covers/12084100_4914815%20(1).jpg,0610db47-e2f8-43c9-8f47-fd23c8f18ba2,51c74e70-6bb8-4e95-a68c-c01bcc41f1db,3,01:24,2025-09-26 18:18:41.27276+00
2025-09-24 19:07:54.361845+00,From Awareness to Action,"You’ve just uncovered a fundamental truth: your body’s stress response is outdated. You now understand the mismatch between modern psychological pressures and your ancient survival wiring. This awareness is not just knowledge; it's the foundation for real change. You're no longer in the dark about why you feel the way you do.With this new understanding, you can start to intervene. Here’s how you can begin right now:
Name the Lion (30 Seconds): The next time you feel a surge of stress, pause and ask: ""Is this a real lion or a paper lion?"" Simply identifying an email or a worry as a non-lethal ""paper lion"" can begin to calm the ancient alarm system.
Track the Tension (60 Seconds): Twice today, take a minute to do a quick body scan. Where are you holding the stress? Is it in your jaw? Your shoulders? Your stomach? Don't try to fix it. Just notice. Awareness is the first step to release.Understanding the problem was crucial. But what about the solution? In our next section, we’ll move from theory to practice and discover your body’s built-in “off-switch” for stress.",1093440c-67e7-47ba-be2a-782028502c92,https://ziifsmeagbyyjsnmxwns.supabase.co/storage/v1/object/public/content/journeys/audio/88ee483a-8760-4caf-9fa6-2a7530f5a439_1093440c-67e7-47ba-be2a-782028502c92_3.mp3?,https://ziifsmeagbyyjsnmxwns.supabase.co/storage/v1/object/public/kitab-data/Wisdon-Journeys/audio/12084100_4914815%20(1).jpg,88ee483a-8760-4caf-9fa6-2a7530f5a439,54352b1a-1350-4522-9c75-d6c378bcf3c1,3,01:27,2025-09-26 18:18:41.27276+00
2025-09-22 13:23:16.689933+00,"Key Insight 21: Desire, Anger, Greed Are Three Gates to Hell","Krishna doesn’t point to mythical flames when He says “three gates to hell.” He’s describing the inner fires that scorch us from within. Desire, anger, and greed are not sins to be punished—they’re distortions to be understood. - Desire keeps the mind chasing endlessly. One goal achieved, ten more appear. Neuroscience shows this in the dopamine loop—pleasure fades quickly, but craving lingers. Desire doesn’t let us rest; it makes the horizon forever out of reach. - Anger hijacks judgment. In a surge, the rational brain shuts down and the reactive brain takes over. Words are said, actions taken, that leave scars long after the fire has cooled. - Greed blinds us to sufficiency. No matter how much we have, the grasping continues. It steals joy from the present and fuels anxiety about the future. Together, these three keep us in a cycle of agitation, regret, and emptiness. That is “hell”—not a place after death, but a state of being we step into when these forces dominate. Krishna’s guidance is: don’t demonize yourself for feeling these impulses. Recognize them. Desire, anger, and greed are built into the human wiring, but they don’t have to be your captains. With awareness, restraint, and a return to inner contentment, you redirect the energy they hold. Liberation doesn’t start with perfection. It starts with noticing: “I am restless—desire is pulling me.” Or, “I am tightening—anger is speaking.” Or, “I am clinging—greed is moving.” That moment of awareness is already a step away from hell and toward freedom.",84708ced-7e2f-5ad5-8ab4-abbd738d5a3e,https://ziifsmeagbyyjsnmxwns.supabase.co/storage/v1/object/public/content/journeys/audio/practical_gita/54bdd57e-ca86-4756-b3dc-d51f054a4448.mp3?,https://ziifsmeagbyyjsnmxwns.supabase.co/storage/v1/object/public/content/journeys/covers/Practical_Gita_free_yourself_v3.webp,defc4266-1eef-4756-b61c-01836d89b08b,54bdd57e-ca86-4756-b3dc-d51f054a4448,24,02:23,2025-09-26 18:18:41.27276+00
2025-09-25 20:04:04.749663+00,Turning Inward to Build Outward,"Welcome back. In this section, we move from understanding to action. You're ready to learn how to actively change the patterns that keep you isolated. We often think loneliness is about what's happening around us, but so much of it is tied to our internal habits—the subtle ways we push connection away without even realizing it.Here, you’ll learn to diagnose your own ""affection hunger"" and pinpoint the self-sabotaging behaviors that are getting in your way. More importantly, you’ll discover a powerful new framework: instead of passively waiting for connection to find you, you'll learn how to invite, model, and recognize it in all its forms. This is where you stop demanding and start creating. This is your toolkit for building the foundation for genuine, lasting bonds.",a1fba066-6d8e-5942-bfe7-cd41fceb3972,https://ziifsmeagbyyjsnmxwns.supabase.co/storage/v1/object/public/content/journeys/audio/085b1002-d315-5f5a-bd9e-b0e63e119c6f_a1fba066-6d8e-5942-bfe7-cd41fceb3972_0.mp3?,https://ziifsmeagbyyjsnmxwns.supabase.co/storage/v1/object/public/content/journeys/covers/12084100_4914815%20(1).jpg,085b1002-d315-5f5a-bd9e-b0e63e119c6f,5586ea5b-fa0a-459a-a2e8-75ae214efc02,0,01:03,2025-09-26 18:18:41.27276+00
2025-09-22 13:23:07.921036+00,Key Insight 11: You Are The Witness,"“The senses are said to be superior to the body; the mind is higher than the senses; the intellect is higher than the mind; and higher than the intellect is the Self. Knowing the Self to be transcendental, steady the mind by the Self, and conquer the restless enemy within.” — Bhagavad Gita We often imagine that reason is the highest authority we possess. If we can just “think harder,” we’ll master our impulses. But the Gita draws a different map of the inner hierarchy. First come the senses—the pull of taste, sight, touch. Above them is the mind, which integrates and reacts. Above the mind is the intellect, with its capacity to weigh and decide. But even above intellect, Krishna says, there is something subtler: the Self—the witness, the steady presence that observes thoughts, emotions, and choices without being bound by them. Arjuna needs this reminder because he is drowning in conflicting arguments—his mind and intellect pulling in opposite directions. Krishna points to the Self as the anchor deeper than thought itself. Stabilize there, and you are no longer a slave to habit or fear. Modern thinkers and scientists have tried to describe this same “witness.” Psychologist William James distinguished between the “Me” (body, traits, feelings) and the “I” (the knower of experience). More recently, cognitive science talks about meta-awareness—the ability to notice what the mind is doing right now. Jonathan Schooler’s research shows that when we “wake up” from mind-wandering and realize we were lost in thought, that very act of noticing is a higher-order awareness—the kind the Gita points toward. Philosophers like David Hume doubted the existence of a fixed self, seeing only a “bundle” of perceptions. But others, like Derek Parfit, reframed this insight into liberation: identity isn’t a solid nugget, but a stream of continuity. He wrote that realizing this “made my life feel more like an open field than a glass tunnel.” The Gita’s Self resonates here—not a possession, but the spacious awareness behind change. Neuroscience suggests that meditation strengthens this perspective. Studies show mindfulness practice reduces activity in the default mode network—the brain regions tied to self-referential rumination. Practitioners often report less identification with passing thoughts and more sense of being the observer of experience. In therapeutic psychology, Acceptance & Commitment Therapy formalizes this as “self-as-context”: you are not your thoughts, but the space in which they arise. The teaching is not anti-intellect. It’s a reminder of proportion. The intellect is powerful, but it can also rationalize and distort. The Self—the witnessing awareness—is subtler, quieter, but steadier. When you stabilize there, intellect becomes a tool rather than a tyrant. The Gita’s wisdom is that real mastery begins not with suppressing the senses, nor with over-exalting thought, but with rooting in the Self that sees them all.",efb8e124-09dc-5335-9641-c6112754ae8c,https://ziifsmeagbyyjsnmxwns.supabase.co/storage/v1/object/public/content/journeys/audio/practical_gita/5667466a-7fe9-41ae-8ecc-b465b79bb030.mp3?,https://ziifsmeagbyyjsnmxwns.supabase.co/storage/v1/object/public/content/journeys/covers/Practical_Gita_Know_yourself_v2.webp,defc4266-1eef-4756-b61c-01836d89b08b,5667466a-7fe9-41ae-8ecc-b465b79bb030,13,04:01,2025-09-26 18:18:41.27276+00
2025-09-22 13:23:09.178227+00,"Key Insight 1: Fulfillment Comes from Within, Not From Wanting More","Krishna said “Arjuna, listen carefully. You believe the next prize, the next victory, will still your heart. But tell me—how many times have you won before, only to feel restless again? Desire does not steady you; it spins you. I do not ask you to kill desire or flee from the world. I ask you to see what desire does. Like salt water, the more you drink, the thirstier you become. Each craving promises peace, then leaves you hungrier still. True wisdom begins when you stop handing the reins of your mind to every passing want. When you stop saying, “I will be whole only when I get this.” Contentment in the Self means this: you learn to be at rest before the fruit arrives. You anchor in a peace that doesn’t depend on tomorrow’s outcome. Then, and only then, your action steadies. You no longer act out of hunger, but out of clarity.” Think about how often we pin our happiness on the next thing: “Once I get that promotion… once I buy that car… once they finally notice me…” And for a while, maybe it works. But soon the shine wears off, and we’re back to wanting more. After a point, “more” doesn’t equal “better.” Krishna isn’t telling Arjuna to kill desire or repress ambition. Fulfillment doesn’t come from piling on more, but from discovering an inner stillness that isn’t bargaining with the world for peace. That moment is the birth of steady wisdom—when your mind no longer jerks at every carrot dangled in front of it. You don’t fix restlessness by feeding it.",f9f9ddfc-0a5e-5f74-baf7-818873537e44,https://ziifsmeagbyyjsnmxwns.supabase.co/storage/v1/object/public/content/journeys/audio/practical_gita/56ba0d34-cbd9-424c-8a53-ef7f68adc96d.mp3?,https://ziifsmeagbyyjsnmxwns.supabase.co/storage/v1/object/public/content/journeys/covers/Practical_Gita_grow_yourself_v2.webp,defc4266-1eef-4756-b61c-01836d89b08b,56ba0d34-cbd9-424c-8a53-ef7f68adc96d,1,02:30,2025-09-26 18:18:41.27276+00
2025-09-22 13:23:13.276618+00,"Key Insight 45: Sacrifice, Charity, Discipline Must Not Be Forsaken","Krishna distills here what could be called the three pillars of conscious living: yajña (sacrifice), dāna (charity), and tapas (discipline). Far from being optional extras or heavy burdens, he declares them non-negotiable duties for inner evolution. Each has its own sphere. Sacrifice repays our debt to nature. It is the recognition that we live not as isolated beings but as part of an interdependent web. Ancient sacrifices once meant offerings to the elements; today, it might mean sustainable choices, reverence for the earth, or mindful restraint so future generations can thrive. Charity repays our debt to society. To give is to acknowledge that what we have was never truly ours alone. Whether it’s resources, time, or kindness, giving dissolves the illusion of separateness and keeps the heart supple. Modern research backs this—studies on altruism show that generosity boosts well-being and deepens connection more than self-centered pursuits. Discipline repays our debt to ourselves—body, mind, and spirit. Tapas is not punishment but heat: the effort that burns away inertia, sharpens focus, and keeps life from collapsing into chaos. From a scientific lens, discipline stabilizes habits, rewires neural pathways, and compounds into freedom. Without it, even noble intentions scatter. Krishna’s wisdom here reframes all three as acts of lightness. By practicing sacrifice, charity, and discipline, we prevent the build-up of spiritual debt—the heaviness that comes from exploiting without gratitude, hoarding without giving, living without order. In honoring these duties, we live lightly, gracefully, and in balance with nature, society, and ourselves.",f9f9ddfc-0a5e-5f74-baf7-818873537e44,https://ziifsmeagbyyjsnmxwns.supabase.co/storage/v1/object/public/content/journeys/audio/practical_gita/585a0418-8dae-4236-bcfc-db4dfee4d0f8.mp3?,https://ziifsmeagbyyjsnmxwns.supabase.co/storage/v1/object/public/content/journeys/covers/Practical_Gita_grow_yourself_v2.webp,defc4266-1eef-4756-b61c-01836d89b08b,585a0418-8dae-4236-bcfc-db4dfee4d0f8,53,03:09,2025-09-26 18:18:41.27276+00
2025-09-12 14:04:58.358479+00,Power of Habit (3),"Key Idea #3: Rewire Your Routine, Not Your Life

The most important, actionable principle in this entire book is called The Golden Rule of Habit Change, and it's beautifully simple: You can't extinguish a bad habit, but you can change it. The secret is to keep the old cue, deliver the old reward, but insert a new routine.

Duhigg himself used this to stop his daily habit of buying a chocolate chip cookie. He first diagnosed his habit loop. The Cue was the mid-afternoon slump, around 3:30 PM. The routine was walking to the cafeteria, buying a cookie, and chatting with colleagues. The Reward, he realized after some experimentation, wasn't the cookie itself—it was the social interaction and distraction from work. The cookie was just the convenient vehicle for that reward.

Once he understood this, the solution became clear. He kept the Cue (3:30 PM). He identified the real Reward he was craving (social connection). All he had to do was change the routine. So, when 3:30 PM rolled around, instead of walking to the cafeteria, he'd get up, find a friend, and chat for ten minutes. He got the same reward, and the cookie habit vanished.

This is the framework for changing almost any habit. If you bite your nails when you're stressed (Cue), and the Reward is a feeling of physical stimulation that distracts you, try a new Routine: squeeze a stress ball or rub a smooth stone in your pocket. If you pour a drink the moment you get home from work (Cue) to feel relaxed (Reward), try a new Routine: change into workout clothes and go for a quick run, or meditate for five minutes. The key is to diagnose your loop accurately and find a new routine that delivers a similar reward. This approach is powerful because it doesn't fight against your brain's wiring; it hijacks it for your own benefit.

This works wonders for individual habits, but what if you want to make a bigger, more systemic change in your life? For that, you need to find a special kind of habit that creates a cascade of positive change.",85323c30-17dd-4169-aaae-c6321d498909,https://ziifsmeagbyyjsnmxwns.supabase.co/storage/v1/object/public/content/journeys/audio/04_Chapter%201.mp3,https://ziifsmeagbyyjsnmxwns.supabase.co/storage/v1/object/public/content/summaries/cover-pages/The%20Power%20of%20Habit.png,ed364aba-85e7-44fd-801d-499307199b5f,5901b598-eff0-43b9-8018-9122c0ca64ab,3,02:40,2025-09-26 18:18:41.27276+00
2025-09-22 13:23:14.559273+00,Key Insight 57: Better to Try and Fail/Succeed in One’s Own Dharma,"Krishna cuts through comparison with this verse. He tells Arjuna—and us—that success in someone else’s path may earn applause, but it will not bring peace. Why? Because your dharma—your authentic role, your soul’s unique blueprint—cannot be outsourced. It’s tempting to measure life against others. Social media amplifies this, making us crave not just achievements but achievements that look good to everyone else. But Krishna’s warning is clear: even if you win in another’s race, you lose touch with yourself. Outer success built on inner misalignment leads to quiet despair. Modern psychology calls this self-determination theory—true well-being comes when our lives align with intrinsic values, not external pressures. Studies show people feel more fulfilled when their actions flow from personal meaning rather than comparison or imitation. In contrast, chasing external markers often fuels burnout and emptiness. History is rich with examples. Vincent van Gogh created hundreds of paintings that barely sold in his lifetime. By worldly measures, he “failed.” But he was painting from his dharma—his inner vision—and his work continues to ignite hearts long after. Steve Jobs, dismissed from his own company, spoke of the liberation of failure: “It freed me to enter one of the most creative periods of my life.” Both stories echo Krishna’s truth—better to stumble in your own dharma than shine in another’s. This doesn’t mean clinging to comfort zones. Dharma isn’t about avoiding difficulty—it’s about facing the right difficulty, the one that belongs to your soul’s work. Even if the road is slower or rougher, the alignment it brings is worth more than smooth applause. Your measure of success is not how well you copy, but how fully you embody. Walk your dharma, even imperfectly, and you live with peace. Walk another’s path, even perfectly, and you live with noise.",f9f9ddfc-0a5e-5f74-baf7-818873537e44,https://ziifsmeagbyyjsnmxwns.supabase.co/storage/v1/object/public/content/journeys/audio/practical_gita/595ae70a-2486-4ccd-8338-14d0c0df705b.mp3?,https://ziifsmeagbyyjsnmxwns.supabase.co/storage/v1/object/public/content/journeys/covers/Practical_Gita_grow_yourself_v2.webp,defc4266-1eef-4756-b61c-01836d89b08b,595ae70a-2486-4ccd-8338-14d0c0df705b,68,03:01,2025-09-26 18:18:41.27276+00
2025-09-22 13:23:09.020598+00,Key Insight 22: Turn Inward to Find the Light,"“That Supreme Abode is not lit by sun, moon, or fire.” — Bhagavad Gita 15.6 Krishna points Arjuna away from the external cosmos and toward an inner radiance: a light not fueled by the sun, moon, or fire. The verse calls it the Supreme Abode—not a place far away, but the ground of being within. The message is subtle but profound: the truest light is not borrowed from external sources. It shines by itself, uncaused, unflickering. When you turn inward, you rediscover the home you’ve been searching for everywhere else. We are trained to look outward for light—titles to give us worth, wealth to make us secure, relationships to define us. Yet even when we achieve them, the glow is temporary. The joy of the new job, car, or romance fades as quickly as it arrived, leaving us restless for the next source. We are like moths chasing lamplight, mistaking borrowed glimmers for the sun. “Baseline happiness” often returns after external gains, while practices that cultivate attention and awareness—like meditation—shift the brain’s baseline itself. Brain scans of long-term meditators reveal reduced activity in the default mode network (the self-chatter loop) and increased activation in regions linked with compassion and focus. In other words: inner work literally makes the mind less restless and more luminous. When you learn to turn inward, outward achievements stop being your only source of radiance. You still work, love, and create—but you do so lit from within, not desperate for borrowed brightness. Life shifts from restless search to steady expression.",efb8e124-09dc-5335-9641-c6112754ae8c,https://ziifsmeagbyyjsnmxwns.supabase.co/storage/v1/object/public/content/journeys/audio/practical_gita/59735502-cb83-452d-8bb9-c9d30bb2b49c.mp3?,https://ziifsmeagbyyjsnmxwns.supabase.co/storage/v1/object/public/content/journeys/covers/Practical_Gita_Know_yourself_v2.webp,defc4266-1eef-4756-b61c-01836d89b08b,59735502-cb83-452d-8bb9-c9d30bb2b49c,26,02:41,2025-09-26 18:18:41.27276+00
2025-09-22 13:23:11.558098+00,Key Insight 27: Devotion Transforms Duty into Sacred Action,"Krishna tells Arjuna that action without devotion risks becoming mechanical, self-serving, or hollow. But when infused with bhakti—devotion—every act is transformed into a sacred offering. Bhakti here is not mere emotion, not sentimentality. It is a constant undercurrent of remembrance, a thread of awareness that connects the smallest deed to the highest purpose. Just as water purifies the body, devotion purifies action. Cooking, teaching, writing, leading, parenting—all of it can be made sacred when done with this inner remembrance. The outer act may remain ordinary; the inner posture makes it extraordinary. For some, this devotion means love for Krishna, the Divine Friend and guide. For others, it can be understood as constant remembrance of the Higher Self—a subtle awareness of the stillness and presence within. In Heartfulness, constant remembrance isn’t about thinking of God 24/7. It’s about carrying forward the meditative state into daily life—a substratum of peace beneath activity. It means acting as though your hands are moving, but something greater flows through them. It is remembering, moment by moment, that you are not the isolated doer, but a participant in something larger. Mindfulness research shows that attention, when anchored in awareness rather than scattered by distraction, reduces stress and increases well-being. Constant remembrance is mindfulness with heart—a remembering not just of breath, but of purpose. In Flow, Mihaly Csikszentmihalyi describes how peak experiences arise when action feels guided, effortless, almost as if life is moving through you rather than being forced by you. This is the modern echo of Krishna’s teaching. Krishna’s wisdom here is simple and radical: bhakti is not an extra—it is the essence. When devotion is reframed as constant remembrance—of the Divine, of the Higher Self, of the presence within—life itself becomes meditation. Work becomes offering. Duty becomes sacred. In that remembrance, the ordinary dissolves, and the extraordinary shines through every act.",f9f9ddfc-0a5e-5f74-baf7-818873537e44,https://ziifsmeagbyyjsnmxwns.supabase.co/storage/v1/object/public/content/journeys/audio/practical_gita/59cee37f-f91e-4827-a385-cd760f4cba71.mp3?,https://ziifsmeagbyyjsnmxwns.supabase.co/storage/v1/object/public/content/journeys/covers/Practical_Gita_grow_yourself_v2.webp,defc4266-1eef-4756-b61c-01836d89b08b,59cee37f-f91e-4827-a385-cd760f4cba71,31,03:02,2025-09-26 18:18:41.27276+00
2025-09-24 19:07:54.084255+00,Why Youre Wired for Stress,"Welcome to our first step. In this section, we uncover why your body feels under attack, even when it isn’t.Have you ever noticed your heart pounding before a presentation? Or felt exhausted after a day of just answering emails? That’s not a weakness; it’s your ancient biology at work in a modern world that it was never designed for. You’re living with a high-tech mind in a low-tech body.In this first part of our journey, you’ll discover exactly how this mismatch works. We’ll explore why your nervous system can’t tell the difference between a looming deadline and a hungry lion, and how this constant state of alarm can lead to serious health issues.Understanding why you feel stressed is the critical first step to changing how you respond to it. Let's get to the root of the problem.",1093440c-67e7-47ba-be2a-782028502c92,https://ziifsmeagbyyjsnmxwns.supabase.co/storage/v1/object/public/content/journeys/audio/88ee483a-8760-4caf-9fa6-2a7530f5a439_1093440c-67e7-47ba-be2a-782028502c92_1.mp3?,https://ziifsmeagbyyjsnmxwns.supabase.co/storage/v1/object/public/kitab-data/Wisdon-Journeys/audio/12084100_4914815%20(1).jpg,88ee483a-8760-4caf-9fa6-2a7530f5a439,5ad81bc0-7c7b-464e-ba7c-19a6b354d68b,1,00:59,2025-09-26 18:18:41.27276+00
2025-09-26 05:10:05.908077+00,Introduction,"If Know Yourself gave you clarity, and Grow Yourself taught you conscious action, then Free Yourself is where Krishna shows the ultimate horizon: surrender.
Surrender here isn’t giving up on life—it’s release from the inner knots that make life heavy. Krishna’s teachings remind us that what binds us isn’t the world, but our reactions to it: our attachments, our pride, our endless desires, our illusions of control. To “free yourself” is to see clearly, act wisely, love purely, and let go of the burdens that don’t belong to you.
In this pillar you will explore:
the eternal Self in all beings.
letting grace replace doubt.
dissolving the ego.
embracing death and time as teachers.
working without being owned by results.


Krishna promises when you live with vision, trust, devotion, and detachment—you walk unbound. Fully in the world, but no longer captive to it.
",84708ced-7e2f-5ad5-8ab4-abbd738d5a3e,https://ziifsmeagbyyjsnmxwns.supabase.co/storage/v1/object/public/content/journeys/audio/practical_gita/pillar_3_intro.mp3,https://ziifsmeagbyyjsnmxwns.supabase.co/storage/v1/object/public/content/journeys/covers/Practical_Gita_free_yourself_v3.webp,defc4266-1eef-4756-b61c-01836d89b08b,5b0aa68e-3a5d-4b30-a514-7ba34ec9b792,0,01:27,2025-09-26 18:18:41.27276+00
2025-09-22 13:23:10.848982+00,Key Insight 19: Aspire to Rise Higher — Fuel Your Own Growth,"“He should lift himself by the Self; he should never degrade himself. The Self is indeed the self’s friend, and the self’s only enemy.” — Bhagavad Gita 6.5 Krishna tells Arjuna that no external enemy is as dangerous—or as powerful—as the self left undisciplined. Likewise, no external ally is as supportive as the self when it is steady and wise. The call is clear: take responsibility for your growth. The “Self” here carries two meanings: the higher Self (atman), which is steady, luminous, and guiding, and the lower self (ego), restless and prone to craving. The lower self can pull you down into distraction and degradation. The higher Self can lift you into clarity and freedom. Your work, Krishna says, is to align with the higher, and not become a saboteur of your own life. William James, the father of modern psychology, wrote: “The greatest discovery of my generation is that a human being can alter his life by altering his attitudes of mind.” Self-mastery is growth; self-neglect is slow decay. In Atomic Habits, James Clear notes that small daily choices compound: either you build systems that lift you, or ones that degrade you. The friend or enemy of your future self is shaped in every small action today. We often look outside for rescue: mentors, opportunities, luck. But Krishna’s teaching flips the focus: your greatest uplift—or downfall—comes from within. When you procrastinate, indulge destructive habits, or abandon discipline, you become your own enemy. When you cultivate awareness, resilience, and integrity, you become your own best ally. The Self can free you—or undo you. Which role it plays depends on how you choose to live today.",f9f9ddfc-0a5e-5f74-baf7-818873537e44,https://ziifsmeagbyyjsnmxwns.supabase.co/storage/v1/object/public/content/journeys/audio/practical_gita/5c33ff65-8c42-4174-bd54-7b5f42502b9b.mp3?,https://ziifsmeagbyyjsnmxwns.supabase.co/storage/v1/object/public/content/journeys/covers/Practical_Gita_grow_yourself_v2.webp,defc4266-1eef-4756-b61c-01836d89b08b,5c33ff65-8c42-4174-bd54-7b5f42502b9b,22,02:58,2025-09-26 18:18:41.27276+00
2025-09-25 20:04:04.944651+00,You Are Now in the Drivers Seat,"You’ve just done the hard work of looking inward. By recognizing your own patterns and learning the framework of inviting, modeling, and recognizing affection, you’ve shifted from being a passenger to being the driver of your social life. You now have the tools to stop blocking connection and start actively creating it. This is a massive step.Here’s how to put this into practice immediately:
Your 30-Second Practice: Think of one person in your life. For just 30 seconds, consider one way you could model a small bit of affection—a text checking in, a genuine compliment, or sharing something you appreciate about them.
Your 'Invitation' Mindset: For the rest of the day, look for one small opportunity to invite connection. It could be as simple as making eye contact and smiling at a barista, or asking a colleague a genuine question about their weekend.You've rewired your internal approach. Now, let's apply these skills to the outside world. In our final section, we'll learn how to cultivate a rich and resilient social life by designing meaningful gatherings.",a1fba066-6d8e-5942-bfe7-cd41fceb3972,https://ziifsmeagbyyjsnmxwns.supabase.co/storage/v1/object/public/content/journeys/audio/085b1002-d315-5f5a-bd9e-b0e63e119c6f_a1fba066-6d8e-5942-bfe7-cd41fceb3972_2.mp3?,https://ziifsmeagbyyjsnmxwns.supabase.co/storage/v1/object/public/content/journeys/covers/12084100_4914815%20(1).jpg,085b1002-d315-5f5a-bd9e-b0e63e119c6f,5c7fa59c-2dd0-4df6-9d73-b11fb6296b69,2,01:14,2025-09-26 18:18:41.27276+00
2025-09-22 13:23:11.007205+00,Key Insight 21: Regulate the Inner Wheel—Live in Balance,"Krishna reminds Arjuna that yoga isn’t found in extremes—it thrives in balance. The yogi is not the ascetic starving himself, nor the indulgent drowning in excess. Instead, the yogi regulates life’s rhythms: food, rest, activity, even leisure. Why? Because imbalance disturbs the mind. Too little food, and the body weakens. Too much, and it dulls clarity. Too much sleep breeds lethargy; too little frays the nerves. Yoga is not an escape from life’s cycles, but a way of tuning them so the “inner wheel” runs smoothly. And when the wheel is balanced, sorrow loosens its grip. Matthew Walker, in Why We Sleep, shows how even modest sleep deprivation impairs judgment, memory, and emotional regulation. Balance in waking and rest is not luxury—it’s the foundation of clarity. Research in nutrition confirms that both overindulgence and deprivation damage health; mindful eating stabilizes energy and mood. Here, Krishna’s wisdom is simple: balance is yoga. Not starving or stuffing, not sleeping the day away or burning through the night, not denying play or drowning in it. Instead, regulate the wheel of life so it turns smoothly. In balance, the mind steadies. In steadiness, sorrow dissolves. And in that freedom, yoga flowers.",f9f9ddfc-0a5e-5f74-baf7-818873537e44,https://ziifsmeagbyyjsnmxwns.supabase.co/storage/v1/object/public/content/journeys/audio/practical_gita/5c830256-db4a-4899-9402-3839b49e2c0d.mp3?,https://ziifsmeagbyyjsnmxwns.supabase.co/storage/v1/object/public/content/journeys/covers/Practical_Gita_grow_yourself_v2.webp,defc4266-1eef-4756-b61c-01836d89b08b,5c830256-db4a-4899-9402-3839b49e2c0d,24,02:09,2025-09-26 18:18:41.27276+00
2025-09-22 13:23:11.321183+00,Checkpoint 4,"“Looks like you are past the halfway mark in this pillar! The end is not too far now! Keep your focus high. Let’s recap and move onto the next set of insights!” This arc of Krishna’s teachings is about the slow, deliberate work of training the mind. It’s not about one heroic effort, but about building a way of living where discipline, balance, and focus transform chaos into clarity. He begins with a challenge: aspire to rise higher. No external enemy is as dangerous as a mind left undisciplined, and no ally as helpful as the self aligned with the Higher Self. Your greatest uplift—or downfall—comes from within. That path of uplift starts with focus. Krishna teaches that the scattered mind wastes itself, but the mind trained in one-pointed attention becomes a tool of liberation. Practice stillness, draw the senses inward, and the Self begins to shine through the noise. But focus can’t survive without rhythm. That’s why Krishna emphasizes balance. Moderation in eating, sleeping, and play keeps the inner wheel running smoothly. Extreme indulgence or extreme denial both break the mind. Balance, he says, is yoga. Equanimity then extends beyond the self to how we see others: treat both enemies and kin the same. True strength lies in seeing the same Self beneath the masks of friend and foe, ally and rival. This isn’t passivity—it’s the freedom to act from calm rather than chaos. How do we get there? Through practice and detachment. The mind will wander—it’s built to. But each time you bring it back, with steady effort (abhyasa) and letting go (vairagya), you grow stronger. Mastery isn’t one strike—it’s a rhythm. And finally, Krishna gives the anchor: meditation. Not escape, not luxury, but daily maintenance. Your inner cave may be ten minutes of quiet on a noisy day, but it’s here that clarity is renewed. Meditation makes balance, equanimity, and detachment possible.",f9f9ddfc-0a5e-5f74-baf7-818873537e44,https://ziifsmeagbyyjsnmxwns.supabase.co/storage/v1/object/public/content/journeys/audio/practical_gita/5d1f6bc0-6d47-4449-bb64-839a2301c36d.mp3?,https://ziifsmeagbyyjsnmxwns.supabase.co/storage/v1/object/public/content/journeys/covers/Practical_Gita_grow_yourself_v2.webp,defc4266-1eef-4756-b61c-01836d89b08b,5d1f6bc0-6d47-4449-bb64-839a2301c36d,28,02:57,2025-09-26 18:18:41.27276+00
2025-09-22 13:23:07.838295+00,Checkpoint 2,"“Hey, there! Let's recap all of what we just went through.” So far, Krishna has been slowly pulling Arjuna’s gaze away from panic and into perspective. These next insights form a kind of training ground for the mind—teaching us how to endure and how to live from a deeper center. First, Krishna reminds us: the body is temporary, but you are eternal. The flesh changes, ages, falters—but the consciousness that sees all this is untouched. If you identify only with the body, fear will haunt every wrinkle and loss. But when you anchor in the eternal witness, the ground beneath you steadies. That steadiness is what Krishna calls Yoga—equanimity. It’s not about contorting the body but balancing the mind. Success and failure, praise and blame—they’ll keep coming like the weather. Yoga is learning not to let them toss you around. This inner balance is the root of real joy. Krishna is blunt: there is no happiness for the unsettled mind. Pleasure from outside is fleeting; the quiet contentment of a stable inner state is what lasts. When you discover that, you stop chasing sparks and start tending the flame. And then comes the shift in scale: you are the ocean, not the wave. Waves rise and fall—anger, desire, excitement, disappointment. But the ocean beneath them remains vast, deep, and still. Identify with the wave, and you’ll live in constant turbulence. Identify with the ocean, and you’ll move through the same turbulence without losing depth. The danger, Krishna warns, is undue attachment . When desires grip too tightly, the mind spirals—desire breeds obsession, frustration, delusion, and eventually destruction. What begins as a simple longing can end as a chain. Awareness of this cycle is the first step to breaking it. Put together, these insights are teaching one lesson: Steadiness is strength. You are more than the body that ages, more than the emotions that flare, more than the cravings that hook you. When you live from the witness—calm, vast, rooted—you can move through the world’s chaos without being consumed by it. This is the Gita’s promise: joy doesn’t come from chasing the world’s lights. It comes from remembering you already carry the light that outshines them.",efb8e124-09dc-5335-9641-c6112754ae8c,https://ziifsmeagbyyjsnmxwns.supabase.co/storage/v1/object/public/content/journeys/audio/practical_gita/5e61806e-a200-4f03-9248-014960d32f13.mp3?,https://ziifsmeagbyyjsnmxwns.supabase.co/storage/v1/object/public/content/journeys/covers/Practical_Gita_Know_yourself_v2.webp,defc4266-1eef-4756-b61c-01836d89b08b,5e61806e-a200-4f03-9248-014960d32f13,12,03:23,2025-09-26 18:18:41.27276+00
2025-09-22 13:23:12.474066+00,Key Insight 37: Rajas drives us towards greed and restlessness,"If sattva is clarity and harmony, rajas is fire. It’s the quality of energy, ambition, and movement. Rajas builds cities, fuels revolutions, and drives invention. Without it, nothing gets done. But Krishna warns that when rajas dominates, it tips into restlessness. Desire multiplies, ambition turns insatiable, and activity becomes agitation. In this state, you confuse busyness with purpose. Days fill with doing, but without direction. You work harder, achieve more—and yet feel emptier. Rajas promises fulfillment but delivers exhaustion, because desire always dangles the next carrot: more money, more recognition, more control. It’s a treadmill with no finish line. We see this everywhere in modern culture: the hustle that burns out, the scrolling that never ends, the growth-at-all-costs mentality. Rajas is intoxicating because it feels productive. But unchecked, it corrodes peace and clarity. This doesn’t mean rajas is “bad.” Krishna doesn’t demonize it—he simply names it. Rajas is necessary to act, to create, to achieve. The challenge is to use its fire consciously without being consumed by it. Let ambition serve a higher purpose, not endless craving. Let movement serve clarity, not chaos. In short: rajas builds empires or breaks peace. To live wisely, you must know when to harness its energy—and when to step back before it burns you out.",f9f9ddfc-0a5e-5f74-baf7-818873537e44,https://ziifsmeagbyyjsnmxwns.supabase.co/storage/v1/object/public/content/journeys/audio/practical_gita/5fd67cf0-7043-446f-91d3-9506ad41f779.mp3?,https://ziifsmeagbyyjsnmxwns.supabase.co/storage/v1/object/public/content/journeys/covers/Practical_Gita_grow_yourself_v2.webp,defc4266-1eef-4756-b61c-01836d89b08b,5fd67cf0-7043-446f-91d3-9506ad41f779,43,02:05,2025-09-26 18:18:41.27276+00
2025-09-22 13:23:12.552304+00,Key Insight 38: Tamas drives us towards Inertia and Laziness,"If sattva is light and rajas is fire, tamas is fog. Krishna describes it as inertia, dullness, and neglect—the force that pulls you down when you know you should rise. Tamas clouds judgment, resists growth, and clings to comfort even when it corrodes you. It often looks ordinary: an extra hour in bed, another episode autoplaying, another scroll through the feed. But behind that passivity is a subtle grip. Tamas whispers: not now, maybe later, what’s the point anyway? Over time, that whisper can harden into habits of avoidance, addictions, or emotional numbness. Modern psychology calls this learned helplessness—when repeated setbacks teach you to stop trying, even when success is possible. Neuroscience shows how inactivity reinforces itself: the less you move, the weaker your motivational circuits become, creating a self-perpetuating loop. In the language of the Gita, tamas binds. This doesn’t mean tamas is “evil.” Sometimes stillness and sleep are necessary. But when tamas dominates, life stagnates. Opportunities pass, relationships wither, and the Self’s light grows dim behind a curtain of neglect. Think of the difference between rest and tamas: rest restores; tamas numbs. Rest prepares you for action; tamas resists it altogether. The challenge is learning to spot when comfort has crossed into avoidance. Krishna’s teaching is not to hate tamas, but to outgrow it. Notice the fog, move through it, and keep choosing clarity over stagnation. Even small acts—a walk, a call, a journal entry—can break its spell. The three gunas weave life: sattva uplifts, rajas drives, tamas dulls. To live wisely is to recognize their play, use their strengths, and gently transcend their chains.",f9f9ddfc-0a5e-5f74-baf7-818873537e44,https://ziifsmeagbyyjsnmxwns.supabase.co/storage/v1/object/public/content/journeys/audio/practical_gita/60c63e1b-e40e-405a-9fa9-8b7f6a54caa7.mp3?,https://ziifsmeagbyyjsnmxwns.supabase.co/storage/v1/object/public/content/journeys/covers/Practical_Gita_grow_yourself_v2.webp,defc4266-1eef-4756-b61c-01836d89b08b,60c63e1b-e40e-405a-9fa9-8b7f6a54caa7,44,02:56,2025-09-26 18:18:41.27276+00
2025-09-22 13:23:10.768863+00,Checkpoint 3,"This arc of the Gita shifts our gaze from external battles to the subtler wars inside—the war against restlessness, craving, and illusion. Krishna’s teachings here remind us that freedom isn’t found by escaping the world, but by mastering how we live in it. It begins with the assurance that renewal always arrives. When truth dims and chaos rises—whether in society or within our own hearts—the Divine reappears. Sometimes as a leader, sometimes as a crisis, sometimes as the quiet inner call that refuses to die. Decline is never the end; it’s the doorway to restoration. But renewal demands self-honesty. Examine your motives, not just your actions. Outward busyness can still be inner idleness if it’s driven by ego. True freedom begins when the posture shifts from “I am the doer” to “let it be done through me.” What counts is not only what you do, but why. From there, Krishna redefines renunciation. It is of the mind, not the world. You don’t have to flee your roles or retreat to the forest. You can live in the center of society, perform your duties, and still remain untouched—like the lotus in muddy waters—if your heart is free of clinging. The battle is really with desire, fear, and anger. Master them, and peace arises. These forces are natural, but left unchecked, they rule us. Desire pulls forward, fear shrinks back, anger burns everything in between. Awareness and discipline turn them from tyrants into teachers. And when the struggle feels heavy, Krishna offers comfort: surrender to your Higher Self. The Divine is not a distant judge, but a friend, an ally, a deeper current within you. Surrender doesn’t weaken—it relieves you from the illusion of carrying life alone. Finally, all these threads come together in the state of inner evenness. Seeing the same Self in all beings. Remaining steady in pleasure and pain. Anchoring joy not in fleeting contacts, but in the inner light. This happiness doesn’t come and go, but stays steady, because it’s rooted within.",f9f9ddfc-0a5e-5f74-baf7-818873537e44,https://ziifsmeagbyyjsnmxwns.supabase.co/storage/v1/object/public/content/journeys/audio/practical_gita/61b77498-0dfb-4549-97e8-d36811fb56dd.mp3?,https://ziifsmeagbyyjsnmxwns.supabase.co/storage/v1/object/public/content/journeys/covers/Practical_Gita_grow_yourself_v2.webp,defc4266-1eef-4756-b61c-01836d89b08b,61b77498-0dfb-4549-97e8-d36811fb56dd,21,03:20,2025-09-26 18:18:41.27276+00
2025-09-25 16:48:34.22223+00,Building Your Inner Anchor,"Welcome to the next stage of our journey. Here, we shift from knowing to doing.Understanding the sources of distraction is critical, but knowledge alone doesn’t create change. To build a focused mind, you need a practice—a reliable way to return to your center, day after day. It's like building a muscle; it requires consistent, gentle effort.In this section, you'll be introduced to the core tools that will become your inner anchor. We'll explore the simple yet profound practices of Heartfulness Meditation to connect with your core and Cleaning to release the mental and emotional weight you carry.You will discover how these practices do more than just calm you down in the moment. They actively work to dissolve the deep-seated patterns and conditioning (samskaras) that have been driving your distractions for years. This is where the real work of transformation begins.",ddcb31ab-b544-51f7-999e-d4f230095371,https://ziifsmeagbyyjsnmxwns.supabase.co/storage/v1/object/public/content/journeys/audio/58e91f4b-a572-522d-909b-ccc65ddb9d49_ddcb31ab-b544-51f7-999e-d4f230095371_0.mp3?,https://ziifsmeagbyyjsnmxwns.supabase.co/storage/v1/object/public/content/journeys/covers/12084100_4914815%20(1).jpg,58e91f4b-a572-522d-909b-ccc65ddb9d49,633df62a-125b-4cce-bbc5-49c0f0384d68,0,01:07,2025-09-26 18:18:41.27276+00
2025-09-22 13:23:16.228109+00,Checkpoint 3,"The Gita doesn’t present devotion as an escape—it presents it as the highest form of strength. - Pure love is the highest form of yoga. Not rigid control or intellectual brilliance, but a heart anchored in love and trust. That kind of bhakti steadies the restless mind and channels our emotions into something transformative. - Peace begins where control ends. The Gita insists that letting go of results isn’t weakness—it’s freedom. When you release the ego’s grip on outcomes, you stop wrestling with life and start flowing with it. - Steadfast devotion liberates. In the end, what matters isn’t perfection, but constancy. A heart that returns—again and again—to love and remembrance is already on the path to liberation. Together, these teachings sketch devotion not as sentiment, but as a way of living: steady, surrendered, and strong. When love of the Divine becomes the undercurrent of daily life, even the most ordinary acts turn luminous.",84708ced-7e2f-5ad5-8ab4-abbd738d5a3e,https://ziifsmeagbyyjsnmxwns.supabase.co/storage/v1/object/public/content/journeys/audio/practical_gita/6400be78-35f8-4d88-a037-cc7816b8a99f.mp3?,https://ziifsmeagbyyjsnmxwns.supabase.co/storage/v1/object/public/content/journeys/covers/Practical_Gita_free_yourself_v3.webp,defc4266-1eef-4756-b61c-01836d89b08b,6400be78-35f8-4d88-a037-cc7816b8a99f,18,01:34,2025-09-26 18:18:41.27276+00
2025-09-12 14:04:58.477941+00,Sticking to Habits is HARD! — Host: Ananth,"""Hey, it's **Ananth**. Real talk: building a habit is one thing; **keeping** it is where the plot twists.

You set up the cues, made it easier, even swapped a routine once or twice… and then life walks in with tired, hungry, stressed, or 'one busy week' and—poof—the habit ghosts you. That doesn't mean you failed; it means your **energy and attention are human**.

So in this last section, we're going to learn two glue-sticks for habits:

* how to treat **willpower like a muscle** (and save it by using short scripts instead of last-second decisions), and

* why **belief + community** keep you going when your solo power bar hits red.

Before we hit play, do a tiny pre-check:

1. Think of the **exact moment** your habit usually falls apart. Is it late at night? After meetings? When you walk in the door? Name it.

2. Who's one person or group that could be your 'I'll text you when I wobble' squad?

Hold those in your head. Up next are some quick Key Ideas from **The Power of Habit** —**willpower scripts** and **why teams matter**. Listen for yourself in the examples. I'll be back right after.""",e8f39bb6-a5f3-490f-941b-40bb41c75ab8,https://ziifsmeagbyyjsnmxwns.supabase.co/storage/v1/object/public/content/journeys/audio/journey_6.mp3,https://ziifsmeagbyyjsnmxwns.supabase.co/storage/v1/object/public/content/journeys/covers/12084100_4914815%20(1).jpg,ed364aba-85e7-44fd-801d-499307199b5f,64163358-aacd-4059-9f1c-e74d841576d8,0,01:29,2025-09-26 18:18:41.27276+00
2025-09-25 20:13:04.802606+00,Taming the Emotional Storm,"Welcome to the next stage of your journey. Here, we move from the logical to the emotional.You can have the most rational thoughts in the world, but a sudden wave of anger or anxiety can wash them all away in an instant. That’s because you don’t just have a thinking mind; you have a feeling mind, and it's often much faster and more powerful. It’s the reason passion can so easily overwhelm reason, leaving you feeling hijacked by your own feelings.In this section, you'll learn to become the master of your emotions, not their slave. We’ll explore the brain’s built-in alarm system and give you practical, proven techniques to manage difficult feelings like anger, anxiety, and sadness. This is where you learn to build a bridge between your head and your heart, creating true inner alignment.",1e46e555-4af9-52fc-825a-37c0d8d75cb9,https://ziifsmeagbyyjsnmxwns.supabase.co/storage/v1/object/public/content/journeys/audio/6e8f711a-b1a8-5d02-a0e8-7aef99360e7c_1e46e555-4af9-52fc-825a-37c0d8d75cb9_0.mp3?,https://ziifsmeagbyyjsnmxwns.supabase.co/storage/v1/object/public/content/journeys/covers/12084101_4914816%20(1).jpg,6e8f711a-b1a8-5d02-a0e8-7aef99360e7c,673724b8-edf9-412e-b640-8703b74f9a52,0,00:59,2025-09-26 18:18:41.27276+00
2025-09-22 13:23:11.095934+00,Key Insight 22: Treat Both Enemies and Kin the Same,"Krishna asks Arjuna to expand his vision: don’t see people only as allies or enemies, saints or sinners. See the deeper Self that lies beneath the roles. This doesn’t mean ignoring wrong actions or erasing justice—it means anchoring yourself in even-mindedness before you respond. Equanimity here is not passivity. It’s the discipline of acting from clarity rather than reaction. When you stop being yanked around by labels and projections, your choices become freer, cleaner, and more just. This, Krishna says, is true eminence—not victory in battle, but victory over your own reactivity. Marcus Aurelius, the Stoic emperor, wrote: “Whenever you are about to find fault with someone, ask yourself the following question: What fault of mine most nearly resembles the one I am about to criticize?” His reminder mirrors Krishna’s: see the common humanity beneath the surface. Desmond Tutu, during South Africa’s Truth and Reconciliation process, insisted that justice required accountability, but healing required seeing even perpetrators as human beings capable of redemption. For the devotee, this teaching means seeing the same divine spark (atman) in every being—beyond masks of kinship or conflict. For the seeker, it can mean recognizing the shared humanity that binds us all, even when our roles clash. In both frames, equanimity is not naïve optimism—it’s steady vision. True strength lies not in crushing your foes, nor in clinging to your allies, but in seeing beyond both. Equanimity is not apathy—it is power in balance.",f9f9ddfc-0a5e-5f74-baf7-818873537e44,https://ziifsmeagbyyjsnmxwns.supabase.co/storage/v1/object/public/content/journeys/audio/practical_gita/67447433-b35e-444c-b564-0c052b0e58d6.mp3?,https://ziifsmeagbyyjsnmxwns.supabase.co/storage/v1/object/public/content/journeys/covers/Practical_Gita_grow_yourself_v2.webp,defc4266-1eef-4756-b61c-01836d89b08b,67447433-b35e-444c-b564-0c052b0e58d6,25,02:38,2025-09-26 18:18:41.27276+00
2025-09-22 13:23:07.436067+00,"Key Insight 6: The Body is Temporary, You are Eternal","On most mornings, we look in the mirror and see the battlefield is time. A wrinkle here, a change in weight, a new ache. We obsess over the surface—our bodies, clothes, how others perceive us. The Bhagavad Gita urges us to cut deeper: “As a person puts on new garments, giving up old ones, the soul similarly accepts new material bodies, giving up the old and useless ones” (2.22). In other words, the body is temporary, but you—the witness of change—are not. Arjuna is reminded of this truth when grief over his kin threatens to paralyze him. His despair is real, but Krishna reframes it: the eternal self is untouched by arrows or age. Pain and loss happen at the level of the body; but who you are cannot be reduced to what happens to your body. In the rubber-hand illusion, researchers stroked a fake hand and the participant’s hidden real hand at the same time. Within minutes, the brain adopted the rubber hand as “mine.” If our sense of “this body is me” can be hacked with paintbrushes, perhaps it’s not the full story. Neuroscientist Anil Seth describes the self as a “controlled hallucination.” The brain predicts sensory inputs to construct the feeling of being a body in the world. That doesn’t mean you’re imaginary—it means your felt sense of self is more flexible than you think. And philosopher Derek Parfit came to a similar conclusion: personal identity is not a fixed essence but continuity of memory, intention, and relation. When he absorbed this, he wrote, “The walls of my glass tunnel disappeared. I now live in the open air.” Therapeutic psychology trains the same shift. Acceptance & Commitment Therapy talks about “self-as-context”: the observer within that notices thoughts, feelings, and sensations without being consumed by them. Research shows this perspective reduces distress and increases flexibility. In essence: you are the witness, not the weather. This doesn’t mean deny the body. Care for it. But remember: the body is the vehicle, not the driver. When you over-identify with it, every change feels like a crisis. When you recognize yourself as the steady witness of change, peace enters. Wrinkles and illness may arrive; but the awareness noticing them remains whole. That’s where true strength and calm come from.",efb8e124-09dc-5335-9641-c6112754ae8c,https://ziifsmeagbyyjsnmxwns.supabase.co/storage/v1/object/public/content/journeys/audio/practical_gita/67a18786-4667-4267-908f-6944b5c5a37a.mp3?,https://ziifsmeagbyyjsnmxwns.supabase.co/storage/v1/object/public/content/journeys/covers/Practical_Gita_Know_yourself_v2.webp,defc4266-1eef-4756-b61c-01836d89b08b,67a18786-4667-4267-908f-6944b5c5a37a,7,03:21,2025-09-26 18:18:41.27276+00
2025-09-12 14:04:58.727215+00,Wrapping Up! — Host: Ananth,"""And that's us. Let's land this bird.

Here's the arc you just walked:

* You **mapped your habit** into a loop—**cue, craving, response, reward**—so it stopped feeling mysterious.

* You learned to **build** using simple levers: make it **obvious, attractive, easy, satisfying**; and when you can't delete a habit, use the **Golden Rule**—keep the cue and reward, **swap the routine**.

* And you got two stickiness boosters: treat **willpower like a muscle** (write tiny scripts so hard moments run on autopilot), and borrow **belief from a community** when your own belief gets shaky.

If the ideas from **The Power of Habit** clicked, consider reading the **whole book**—we only skimmed two pieces here (willpower & community). The full ride digs deeper into keystone habits and other patterns that create cascades of change.

Thanks for hanging out with me. We're all rooting for you—atom by atom, day by day. 

Now go get that tiny win today, everyday!

Bye!""",e8f39bb6-a5f3-490f-941b-40bb41c75ab8,https://ziifsmeagbyyjsnmxwns.supabase.co/storage/v1/object/public/content/journeys/audio/journey_7.mp3,https://ziifsmeagbyyjsnmxwns.supabase.co/storage/v1/object/public/content/journeys/covers/12084100_4914815%20(1).jpg,ed364aba-85e7-44fd-801d-499307199b5f,6ac73075-2f88-4653-8785-d665b3c27ef2,2,01:11,2025-09-26 18:18:41.27276+00
2025-09-22 13:23:07.518906+00,Key Insight 7: Equanimity is Yoga,"“Be steadfast in the performance of your duty, abandoning attachment to success and failure. Such even-mindedness is called Yoga.” — Bhagavad Gita 2.48. Everyday life runs on a pendulum: good news lifts us, bad news crushes us. A deal closes, and the high feels unstoppable; a plan fails, and despair takes the wheel. The Gita calls this out as a dangerous way to live. True yoga, Krishna says, is not twisting the body—it is steadying the mind so that success and failure, gain and loss, praise and blame, do not dictate you. Arjuna’s collapse at Kurukshetra dramatizes the stakes. Faced with victory that would taste like grief and duty that felt like betrayal, he freezes. His emotions push him to abandon his dharma. Krishna’s response is radical: act with full sincerity, but stop tying your identity to the outcome. Balance in the middle of extremes—that is yoga. Leaders across history have tried to live this posture. When asked how he kept calm in a storm of political defeat and personal tragedy, Abraham Lincoln replied, “This too shall pass.” The phrase wasn’t resignation; it was balance. He understood that neither triumph nor disaster was final. This perspective freed him to keep steering steadily, rather than swerving with every high and low. The hedonic treadmill shows that both highs (like lottery wins) and lows (like injuries) fade back toward baseline faster than we predict. Neuroscience links this to the brain’s adaptive systems: dopamine surges for novelty, then resets. If we hinge our well-being on outcomes, we are condemned to chase and crash. Equanimity breaks the cycle. There’s also performance science at work here. Under high pressure, emotions can sabotage execution—what Sian Beilock calls “choking under pressure.” When working memory gets crowded with worry about results, precision drops. By detaching from outcomes and focusing on process, athletes, surgeons, and executives maintain their best form when it counts most. John Wooden, the legendary basketball coach, echoed Krishna almost word-for-word: “Success is peace of mind, which is a direct result of self-satisfaction in knowing you made the effort.” Equanimity is not emotional numbness. It doesn’t deny joy or sorrow; it denies them the driver’s seat. It means welcoming the full weather of life while remembering you are the sky, not the storm. That’s why Krishna defines equanimity itself as yoga—the alignment that keeps action skillful and the self unshaken.",efb8e124-09dc-5335-9641-c6112754ae8c,https://ziifsmeagbyyjsnmxwns.supabase.co/storage/v1/object/public/content/journeys/audio/practical_gita/6d308ea0-2973-4ebf-95ff-bc723fcae745.mp3?,https://ziifsmeagbyyjsnmxwns.supabase.co/storage/v1/object/public/content/journeys/covers/Practical_Gita_Know_yourself_v2.webp,defc4266-1eef-4756-b61c-01836d89b08b,6d308ea0-2973-4ebf-95ff-bc723fcae745,8,03:29,2025-09-26 18:18:41.27276+00
2025-09-22 13:23:06.89563+00,"Key Insight 1: Even The Greatest, Break","Ever look at someone and think, “Wow, that person is so strong nothing can touch them!”? That’s exactly who Arjuna was to all his brothers-in-arms. He had led them to victory multiple times through intense turmoil. But, on the fateful day of the Great War, upon gazing around the battlefield of Kurukshetra, a sense of dread and uncertainty took over Arjuna. He saw his own family—uncles, cousins, teachers, friends—on both sides of the battlefield. Ready to kill or be killed by each other. His mind starts to reel: “How can I fight those I love?” “What’s the use of winning this war if it means destroying my family?” Overwhelmed by grief and confusion, he famously let his bow drop, declaring, “I cannot fight.” Let’s step into a (relatively) more modern setting for a moment. Winston Churchill, Britain’s wartime leader, candidly admitted to what he called his “Black Dog”—his recurring, paralyzing depression. Despite being the figurehead of courage, Churchill repeatedly found himself frozen by an emotional storm within. Psychology explains why high performers crack. Performance rises with arousal only up to a point; push past that and it falls off a cliff—the Yerkes–Dodson curve. In overload, the brain’s prefrontal cortex (planning, perspective, impulse control) goes offline, so even experts freeze or fixate. Strength doesn’t erase vulnerability; greatness doesn’t shield from profound despair. Like Arjuna, Churchill’s battles weren’t just external—they were intensely internal. The point we are trying to make is this: No one is immune to emotional overwhelm—not even the most capable and courageous. Vulnerability is part of the human experience. Your breaking point is not the end. It’s the beginning of self-acceptance and real strength. Bhagavad Gita’s story starts with Arjuna’s collapse, not conquest. So does most real growth.",efb8e124-09dc-5335-9641-c6112754ae8c,https://ziifsmeagbyyjsnmxwns.supabase.co/storage/v1/object/public/content/journeys/audio/practical_gita/6e6d17b0-2505-4d65-8361-7ffbfa80bec3.mp3?,https://ziifsmeagbyyjsnmxwns.supabase.co/storage/v1/object/public/content/journeys/covers/Practical_Gita_Know_yourself_v2.webp,defc4266-1eef-4756-b61c-01836d89b08b,6e6d17b0-2505-4d65-8361-7ffbfa80bec3,1,02:32,2025-09-26 18:18:41.27276+00
2025-09-22 13:23:09.338106+00,Key Insight 3: Excellence in Action,"When Krishna tells Arjuna, “Yoga is skillfulness in action,” he’s not talking about postures or breathwork. He’s pointing to something bigger: the art of living and working with mastery, balance, and presence. The Sanskrit word he uses is kaushalam—which goes beyond technical skill. It means: - Skill: precision and competence. - Grace: elegance in how you execute. - Wisdom: discernment to know what matters and when. - Presence: full engagement in the moment. In Krishna’s view, true yoga is when your intention, your action, and your inner state align. Every task, from wielding a bow to writing an email, becomes an offering. Psychologist Mihaly Csikszentmihalyi described “flow” as the state where skill and challenge meet, and action feels effortless and absorbing. This is kaushalam in modern terms: being so present in the act that self-consciousness dissolves. In Drive, Daniel Pink identifies mastery, autonomy, and purpose as the deepest motivators in work. Krishna’s yoga contains all three: mastery of skill, autonomy born of inner clarity, and purpose when every action is linked to something higher than ego. Even Cal Newport’s Deep Work echoes this teaching: true productivity and fulfillment come not from scattered effort, but from focused, intentional engagement. We often equate excellence with achievement—faster, bigger, more. But Krishna’s definition shifts the frame: excellence is not what you produce, it’s how you show up in the doing. When you act with kaushalam, the quality of your presence shapes the quality of your action. Success then is not measured only by outcomes, but by whether your work carried clarity, balance, and devotion. And ironically, this inner steadiness often leads to outer excellence too.",f9f9ddfc-0a5e-5f74-baf7-818873537e44,https://ziifsmeagbyyjsnmxwns.supabase.co/storage/v1/object/public/content/journeys/audio/practical_gita/6fae1c91-2c12-45a1-89b1-4cd1e73b394c.mp3?,https://ziifsmeagbyyjsnmxwns.supabase.co/storage/v1/object/public/content/journeys/covers/Practical_Gita_grow_yourself_v2.webp,defc4266-1eef-4756-b61c-01836d89b08b,6fae1c91-2c12-45a1-89b1-4cd1e73b394c,3,02:46,2025-09-26 18:18:41.27276+00
2025-09-22 13:23:11.708775+00,Key Insight 29: Live in Wisdom—Don’t Just Learn It,"“Rāja-vidyā, rāja-guhyaṁ — the king of knowledge, the secret supreme.” — Bhagavad Gita Krishna calls this teaching the “king of knowledge” because it’s not abstract speculation—it’s wisdom that transforms when lived. The Gita doesn’t invite you to lock yourself away in caves of thought. It asks you to carry wisdom into the kitchen, the marketplace, the workplace, the battlefield. Think of it this way: knowledge in the head is potential; wisdom in the heart is power. You can read books about meditation, but until you sit, breathe, and taste silence, they’re just words. You can study compassion, but until you forgive someone who hurt you, the idea hasn’t ripened into truth. Krishna reminds us: spirituality is tested not in escape, but in engagement. This is echoed across time. Ralph Waldo Emerson wrote, “The purpose of life is not to be happy. It is to be useful, to be honorable, to be compassionate, to make some difference.” In modern psychology, behavioral science shows that values only shape life when they’re enacted through habits. Reading about mindfulness doesn’t change the brain; practicing it does. Krishna goes further: even the smallest act can become divine when done with awareness and surrender. Eating becomes gratitude. Work becomes offering. Conversations become connection. The same routines that feel mundane are transfigured when infused with presence. This is why he calls it the “secret supreme”: not because it’s hidden in the heavens, but because it hides in plain sight—in the way you show up, right here, right now. The invitation is clear: don’t stockpile wisdom like coins. Spend it. Live it. Let it sanctify the ordinary. That is where the real transformation begins.",f9f9ddfc-0a5e-5f74-baf7-818873537e44,https://ziifsmeagbyyjsnmxwns.supabase.co/storage/v1/object/public/content/journeys/audio/practical_gita/70981148-d3fe-448e-952b-8ad328d83b14.mp3?,https://ziifsmeagbyyjsnmxwns.supabase.co/storage/v1/object/public/content/journeys/covers/Practical_Gita_grow_yourself_v2.webp,defc4266-1eef-4756-b61c-01836d89b08b,70981148-d3fe-448e-952b-8ad328d83b14,33,02:29,2025-09-26 18:18:41.27276+00
2025-09-12 14:04:56.087748+00,Introduction — Host: Ananth,"""Hey! I'm **Ananth**. If you've ever sworn, 'From Monday, New Me,' and then met the same ol' Tuesday… Welcome. You're in good company.

A Quick rundown on how this Journey works: we'll keep things **short and simple**. You'll hear bite-size Kitab summaries from *Atomic Habits* (the early chapters), and I'll jump in before and after to keep it practical. No bootcamps. No shame spirals. Just small moves you can actually do.

What you'll get from this first section is simple:

* a clear lens for looking at a habit without wrestling it,

* one tiny prompt to notice your own pattern in everyday life.

Before we start, I want you to pick **one** habit to keep in mind. Start or stop — your call. It could be 'evening snacking,' 'scrolling in bed,' 'a 5-minute stretch,' anything. Write it somewhere or hold it in your head. This whole Journey is for *that* one.

Couple of housekeeping things: if life interrupts, tap the **Bookmark** symbol and the app will save this journey so you can come back to it at a later time. 

And please bring your honest self — messy, distracted, wonderfully human is perfect here.

Alright. Today we're not fixing you; we're **observing** you. Think of it like turning the lights on in a room. 

In the next bit, we'll ask a deceptively simple question: **what even makes up a habit?** We'll keep it light, then we'll listen to a quick Kitab summary and come back to map your own pattern.""",847067e7-e5a5-4026-8027-9b318812af02,https://ziifsmeagbyyjsnmxwns.supabase.co/storage/v1/object/public/content/journeys/audio/Journey_habits1.mp3,https://ziifsmeagbyyjsnmxwns.supabase.co/storage/v1/object/public/content/journeys/covers/12084100_4914815%20(1).jpg,ed364aba-85e7-44fd-801d-499307199b5f,70c7266c-832c-46c5-8173-9adf9570a5f4,0,01:55,2025-09-26 18:18:41.27276+00
2025-09-22 13:23:12.864986+00,Key Insight 41: Refined Character is your spiritual currency,"Krishna opens the 16th chapter of the Gita with a list of twenty-six qualities that form the fabric of divine character. At the very top stands abhayam—fearlessness. Not the noisy boldness of aggression, but the quiet courage to live authentically, to speak truth, to follow conscience even when fear of loss or rejection looms large. Without this foundation, the rest crumbles. You cannot forgive if you are afraid of being seen as weak. You cannot love if you fear being hurt. You cannot stand for truth if you fear losing approval. Fear is the acid that corrodes virtue; fearlessness is the soil that lets it grow. From there Krishna unfolds a spectrum of qualities—humility, compassion, forgiveness, non-violence, steadiness, vigor, purity of heart. Twenty-six in all. Vinoba Bhave once said they are like rungs on a ladder: you climb not by skipping steps, but by slowly embodying each. Together they polish the mind until it reflects the Self like a clear mirror. Notice the balance: some values turn inward (self-control, purity, steadiness), some outward (charity, truthfulness, freedom from malice), some bind both (forgiveness, humility, compassion). The message is unmistakable: wisdom is not measured in words, but in what kind of human being you are becoming. History offers its proof as well. Gandhi’s non-violence, Mandela’s forgiveness, Rosa Parks’ quiet defiance—these were not intellectual triumphs but triumphs of character. Their power came not from clever arguments but from embodying qualities the Gita would call divine. Krishna’s declaration is piercing: this is knowledge. All else is ignorance. Information without transformation, status without integrity, brilliance without compassion—these are noise. True wealth is character. It cannot be stolen, it cannot be spent, and it remains with you beyond all titles and possessions.",f9f9ddfc-0a5e-5f74-baf7-818873537e44,https://ziifsmeagbyyjsnmxwns.supabase.co/storage/v1/object/public/content/journeys/audio/practical_gita/7186617d-f494-46c2-b4a4-596606e869c1.mp3?,https://ziifsmeagbyyjsnmxwns.supabase.co/storage/v1/object/public/content/journeys/covers/Practical_Gita_grow_yourself_v2.webp,defc4266-1eef-4756-b61c-01836d89b08b,7186617d-f494-46c2-b4a4-596606e869c1,48,03:07,2025-09-26 18:18:41.27276+00
2025-09-22 13:23:11.478008+00,Key Insight 26: Know The Essence Behind The Experience,"Krishna reminds Arjuna of something easy to forget: it’s not the action itself that makes life sacred, but the essence behind it. You can fulfill duties, follow rituals, or work hard all day long—but without devotion, it risks becoming mechanical. Bhakti here isn’t about sentimentality. It’s not about dramatic emotion or ritual alone. It’s about active love—a steady undercurrent of remembrance that turns ordinary effort into extraordinary offering. Washing dishes, leading a meeting, helping a friend—these can all feel empty, or they can become yajna (sacred sacrifice), depending on the heart you bring. Fulfillment isn’t found in the task itself, but in the quality of attention and intention you bring to it. Neuroscience also shows that when acts are done with a sense of meaning, dopamine pathways light up more deeply than with reward alone. In other words: purpose amplifies joy. For the Zen master, devotion wasn’t separate from sweeping the floor—it was the sweeping. The Gita places this same invitation in front of us: devotion transforms duty into sacred action. Without devotion, even noble acts can slip into ego or obligation. With devotion, even the smallest acts become luminous. So the question isn’t “What am I doing?” but “With what heart am I doing it?” Because in the end, the essence—not the experience—is what sanctifies life.",f9f9ddfc-0a5e-5f74-baf7-818873537e44,https://ziifsmeagbyyjsnmxwns.supabase.co/storage/v1/object/public/content/journeys/audio/practical_gita/7348da44-1b22-4f15-a41e-ed9f359e3b7f.mp3?,https://ziifsmeagbyyjsnmxwns.supabase.co/storage/v1/object/public/content/journeys/covers/Practical_Gita_grow_yourself_v2.webp,defc4266-1eef-4756-b61c-01836d89b08b,7348da44-1b22-4f15-a41e-ed9f359e3b7f,30,01:59,2025-09-26 18:18:41.27276+00
2025-09-22 13:23:16.767916+00,Checkpoint 4,"Up to now, Krishna has been patiently dismantling the illusions that bind us. First, He invites us to see the one imperishable reality in all—a truth that never changes, even as bodies, roles, and identities come and go. It’s a reminder that beyond the surface, there’s only One. Then He takes it deeper: actions are done by nature, not by the Self. The body, the senses, and even the mind move according to prakriti’s laws. The Self—the witness—remains untouched, like the sky unmoved by passing clouds. From here, the Gita teaches that freedom comes by seeing the gunas as the actors. Sattva, rajas, tamas—they shape our moods and behaviors, but they’re not “us.” The moment you step back and say, “This is just the gunas at play,” you stop over-identifying with your conditioning. That detachment is the first taste of freedom. And yet, Krishna warns—equanimity only comes by transcending the gunas altogether. The one who rises above them is steady in pleasure and pain, unmoved by praise or blame. Not cold, but centered. To do this, you need courage. Because the material world—like the upside-down Ashvattha tree—is deeply rooted in illusion. Its branches are enticing, but they are not the source. Only by cutting the illusory roots with discernment can we seek what is real and eternal. Finally, He exposes the real enemies: desire, anger, and greed—the three gates to hell. These aren’t punishments waiting in the afterlife; they’re mental states that corrode peace right here and now. Desire keeps you restless, anger blinds your judgment, greed makes “enough” impossible. Recognizing them is the beginning of release. Together, these insights form a tough but liberating medicine: - You are not the doer. - You are not your mood. - You are not the cravings of desire, anger, or greed. You are the witness, free and eternal. The task is to see clearly, cut through illusion, and step into that freedom—moment by moment.",84708ced-7e2f-5ad5-8ab4-abbd738d5a3e,https://ziifsmeagbyyjsnmxwns.supabase.co/storage/v1/object/public/content/journeys/audio/practical_gita/73b351f0-2187-4de0-8aca-d34b765d2c46.mp3?,https://ziifsmeagbyyjsnmxwns.supabase.co/storage/v1/object/public/content/journeys/covers/Practical_Gita_free_yourself_v3.webp,defc4266-1eef-4756-b61c-01836d89b08b,73b351f0-2187-4de0-8aca-d34b765d2c46,25,03:14,2025-09-26 18:18:41.27276+00
2025-09-25 16:48:34.135134+00,Recognizing the Act,"You’ve now done the courageous work of looking inward and naming the sources of your inner chaos. Recognizing how desire, guilt, and ego operate is a massive step. You can't fight an enemy you can't see.This awareness is your new foundation. Instead of being unconsciously pulled by these forces, you can now begin to consciously respond to them. You've started the shift from being a passenger to being the driver of your own mind.Here’s how to put this into practice immediately:
Notice the Pull: For the next 60 seconds today, just notice one desire that pulled your attention. Don't judge it. Just see it. That's a win.
Label the Weight: When a thought of guilt arises, simply say to yourself, ""That's guilt."" By labeling it, you separate yourself from it.
Catch the Comparison: The next time you find yourself comparing yourself to someone else, just acknowledge it with a mental note: ""Comparing.""Now that we've identified the problem, it's time to build the solution. In our next section, we’ll move from diagnosis to practice and learn the tools to forge a truly centered mind.",d4342060-4f6d-51e6-bb5c-fff65947dc60,https://ziifsmeagbyyjsnmxwns.supabase.co/storage/v1/object/public/content/journeys/audio/58e91f4b-a572-522d-909b-ccc65ddb9d49_d4342060-4f6d-51e6-bb5c-fff65947dc60_3.mp3?,https://ziifsmeagbyyjsnmxwns.supabase.co/storage/v1/object/public/content/journeys/covers/12084100_4914815%20(1).jpg,58e91f4b-a572-522d-909b-ccc65ddb9d49,7406c4e7-5625-4b5c-9a09-d6446c0483a0,3,01:29,2025-09-26 18:18:41.27276+00
2025-09-23 20:23:33.979838+00,Patterns of Anger,"This first section is about switching on the lights. Before you can change your anger, you must understand it.You’re probably here because you’re tired of anger controlling you. You’ve seen how it can damage relationships and steal your peace. The good news? That feeling of helplessness ends now. In this section, you'll stop being a passenger and start being the driver. We'll explore the predictable chain of events that leads to an outburst and discover how simple things like hunger or lack of sleep can be pouring fuel on the fire.Think of yourself as a skilled observer gathering crucial intelligence. This knowledge won’t just be interesting—it will be the foundation for real, lasting control. By the end of this section, you'll see your anger not as a random monster, but as a pattern you can finally predict, interrupt, and change.",71043452-7b12-4493-96c8-2037439bdb41,https://ziifsmeagbyyjsnmxwns.supabase.co/storage/v1/object/public/content/journeys/audio/journey_4577782e3d_8847c0855237bd3a17da_1.mp3?,https://ziifsmeagbyyjsnmxwns.supabase.co/storage/v1/object/public/content/journeys/covers/12084100_4914815%20(1).jpg,0610db47-e2f8-43c9-8f47-fd23c8f18ba2,77ea8e66-0055-43b1-8354-1a2d1052a5df,1,00:54,2025-09-26 18:18:41.27276+00
2025-09-22 13:23:16.305943+00,Key Insight 16: See One Imperishable Reality in All,"The Gita invites us to shift our vision from the temporary to the timeless. True knowledge isn’t about memorizing doctrines—it’s about seeing beneath appearances. Bodies age, names change, roles shift, but the essence—the imperishable Self—remains untouched. To see that essence in others is to move beyond judgment and division. A beggar and a king, a friend and a foe, a stranger and a loved one—all are animated by the same flame. This isn’t just tolerance; it’s sacred recognition. Every meeting becomes a meeting with the Divine, no matter the form It takes. Modern life tempts us to reduce people to labels: successful/unsuccessful, kind/difficult, insider/outsider. The Gita flips this script. It says: look deeper. Behind the mask of personality is the same imperishable truth that beats in your own chest. When this vision dawns, love stops being an effort and becomes instinct. Compassion is no longer a virtue to practice—it’s the only way you can see. And life itself becomes a prayer, because everywhere you turn, you’re looking into the face of the One.",84708ced-7e2f-5ad5-8ab4-abbd738d5a3e,https://ziifsmeagbyyjsnmxwns.supabase.co/storage/v1/object/public/content/journeys/audio/practical_gita/797d7aa8-62ec-43a3-a177-9173e783f5c0.mp3?,https://ziifsmeagbyyjsnmxwns.supabase.co/storage/v1/object/public/content/journeys/covers/Practical_Gita_free_yourself_v3.webp,defc4266-1eef-4756-b61c-01836d89b08b,797d7aa8-62ec-43a3-a177-9173e783f5c0,19,01:53,2025-09-26 18:18:41.27276+00
2025-09-24 19:07:54.969941+00,Wrapping Up,"You’ve completed this journey. You began by understanding why your body feels so stressed. You learned how to actively switch on your own biology of calm. And finally, you’ve discovered the wisdom to transform your deepest challenges into a source of strength.You now see that stress is not just something to be managed, but a signal. That calm is not a luxury, but a skill. And that suffering is not an endpoint, but a beginning. From the science of the stress response to the power of daily relaxation and the art of mindful transformation, you have gathered the essential tools for a new way of living.This is the start of a new relationship with yourself and your life. You now have the awareness, the tools, and the perspective to navigate challenges not as a victim of circumstance, but as the creator of your own peace.Remember the key lessons:
Recognize the trigger: Is it a real lion or a paper lion?
Activate your calm: Use your breath as your anchor and your 'off-switch'.
Embrace the mud: Your challenges are the very soil in which your peace will grow.Continue your journey, one breath at a time. The path to lasting peace is now yours to walk.",881c98d5-8bc8-466c-917b-cf91e721c819,https://ziifsmeagbyyjsnmxwns.supabase.co/storage/v1/object/public/content/journeys/audio/88ee483a-8760-4caf-9fa6-2a7530f5a439_881c98d5-8bc8-466c-917b-cf91e721c819_2.mp3?,https://ziifsmeagbyyjsnmxwns.supabase.co/storage/v1/object/public/kitab-data/Wisdon-Journeys/audio/12084100_4914815%20(1).jpg,88ee483a-8760-4caf-9fa6-2a7530f5a439,7986df5e-6458-4c87-a7a6-ae321ac0f8df,2,01:42,2025-09-26 18:18:41.27276+00
2025-09-22 13:23:09.260678+00,Key Insight 2: Turn Emotions Into Wisdom,"Krishna tells Arjuna that the wise person isn’t numb or detached from life—they still “move among objects.” The difference is they aren’t yanked around by attraction (I must have this) or repulsion (I must avoid that). Emotions are not to be suppressed, but understood. Anger, desire, fear, joy—they can all become sources of clarity when you’re not enslaved to them. Peace doesn’t come by killing emotion, but by listening to what it’s teaching without letting it dictate every move. Daniel Goleman, in Emotional Intelligence, calls emotions “data points.” Anger can point to injustice, fear can highlight what matters, sadness can signal the need for rest or connection. The problem isn’t the emotion itself—it’s reacting blindly to it. Neuroscientist Joseph LeDoux showed how fear responses bypass rational thought, triggering action before the brain has time to weigh options. This wiring helped our ancestors survive, but in modern life it often leads to impulsive reactions we regret. Mindfulness research, like that of Jon Kabat-Zinn, shows that pausing to notice emotion changes the brain’s response pathways—creating space between feeling and action. That space is where wisdom lives. When you pause, reflect, and choose deliberately, emotion becomes teacher rather than tyrant. That’s how anger transforms into justice, fear into preparation, longing into purpose. And that’s how a restless heart finds peace—not by escaping life, but by meeting it with balance.",f9f9ddfc-0a5e-5f74-baf7-818873537e44,https://ziifsmeagbyyjsnmxwns.supabase.co/storage/v1/object/public/content/journeys/audio/practical_gita/79bf1794-fdb2-4783-8bf0-7cb19dd3c86c.mp3?,https://ziifsmeagbyyjsnmxwns.supabase.co/storage/v1/object/public/content/journeys/covers/Practical_Gita_grow_yourself_v2.webp,defc4266-1eef-4756-b61c-01836d89b08b,79bf1794-fdb2-4783-8bf0-7cb19dd3c86c,2,02:15,2025-09-26 18:18:41.27276+00
2025-09-22 13:23:16.148334+00,Key Insight 15: Steadfast love of the Divine brings liberation,"“Whoever follows this immortal dharma of devotion with faith, they are exceedingly dear to Me.” The twelfth chapter of the Gita ends with a promise that feels both intimate and universal. Krishna says: it is not brilliance, austerity, or renunciation that most delights Him—but steadfast devotion. A love that is steady, sincere, and carried through the ordinary rhythms of life. This is the “immortal dharma of devotion.” Not the fleeting emotions of inspiration, but the quiet commitment to keep the heart tethered to the Divine even when life is messy, mundane, or painful. Devotion, in this sense, isn’t a side practice—it’s the essence of the path. Think about how it transforms the ordinary. Cooking becomes an offering when done with gratitude. Cleaning becomes sacred when done with love. Leadership becomes service when rooted in humility. As Brother Lawrence described in The Practice of the Presence of God, even scrubbing pots can become worship if the heart is steady in remembrance. Modern psychology underscores this point. Research on “meaning-making” (Michael Steger) shows that when people infuse even small, daily acts with a sense of higher purpose, they report greater resilience, well-being, and fulfillment. The Gita anticipated this centuries ago: liberation doesn’t require withdrawing from life—it requires transforming how you live it. Krishna’s words also sweep away the fear of inadequacy. You don’t need to be a scholar, an ascetic, or a mystic to be dear to Him. What He asks is constancy: a heart that keeps returning, however imperfectly, in faith and love. That constancy itself is liberating—because it shifts you out of the ego’s restless striving and into the security of belonging. So the final note of this chapter is both invitation and assurance: your love matters more than your perfection. If it is steady, sincere, and alive in the ordinary, then in Krishna’s eyes, you are already on the highest path.",84708ced-7e2f-5ad5-8ab4-abbd738d5a3e,https://ziifsmeagbyyjsnmxwns.supabase.co/storage/v1/object/public/content/journeys/audio/practical_gita/7a641579-c163-4099-9774-d4cdc1438792.mp3?,https://ziifsmeagbyyjsnmxwns.supabase.co/storage/v1/object/public/content/journeys/covers/Practical_Gita_free_yourself_v3.webp,defc4266-1eef-4756-b61c-01836d89b08b,7a641579-c163-4099-9774-d4cdc1438792,17,02:52,2025-09-26 18:18:41.27276+00
2025-09-22 13:23:07.354129+00,Checkpoint 1,"“Congratulations on making it to your first checkpoint! Keep an eye out for more. These are placed strategically after a certain number of key insights, to help you recap, take a breather if necessary and reflect on the teachings. All the best!” The Gita doesn’t open with wisdom flowing like a lecture. It opens with a collapse. Arjuna—the hero, the invincible warrior—drops his bow and says, “I cannot fight.” That first shock teaches us: strength doesn’t mean you’ll never break. It means that when you do, something new can begin. But breaking is only the doorway. Confusion follows. When the ground gives way under your feet, when you don’t know what to do or who you are—that’s not failure. That’s the start of transformation. The Gita is saying: don’t rush past confusion. Listen to it. It’s your inner compass telling you something is off. Why was Arjuna so torn? Not because he doubted his skill, but because his attachments clouded his vision. He saw not just opponents, but beloved teachers, cousins, friends. Love and loyalty twisted into paralysis. And that’s the hard truth the Gita forces us to face: our deepest bonds can blur our judgment if they pull us away from purpose. From there comes the next step: acting from emotion alone—fear, guilt, anger—leads to choices we regret. Clarity, however difficult, brings peace. The Gita insists: don’t let the storm steer the ship. Drop anchor in clarity first. And finally, the turning point: Arjuna surrenders. He admits, “I am confused. Please guide me.” That moment is not weakness; it is maturity. For the first time, he stops pretending he has all the answers. And that’s when guidance arrives. Put together, these first insights form a single message: Growth begins when Confusion cracks us open, Attachments test us, and Emotions swirl. It is only when we surrender—admitting we don’t know—does wisdom finally have space to enter.",efb8e124-09dc-5335-9641-c6112754ae8c,https://ziifsmeagbyyjsnmxwns.supabase.co/storage/v1/object/public/content/journeys/audio/practical_gita/7aede153-b2eb-4f63-84a7-ad2c09ebaa6b.mp3?,https://ziifsmeagbyyjsnmxwns.supabase.co/storage/v1/object/public/content/journeys/covers/Practical_Gita_Know_yourself_v2.webp,defc4266-1eef-4756-b61c-01836d89b08b,7aede153-b2eb-4f63-84a7-ad2c09ebaa6b,6,02:41,2025-09-26 18:18:41.27276+00
2025-09-22 13:23:12.70693+00,Key Insight 39: Beings exist by the Divine Energy,"This is one of the Gita’s most intimate declarations. Krishna doesn’t place the Divine in some remote heaven, locked behind rituals or reserved for the pure. He places it right where we least think to look—in the heart of every being. To see this is to shift from reaction to reverence. Suddenly, the person you envy, the neighbor who annoys you, the stranger you overlook—all carry the same inner flame. Even in those suffering, even in those you dislike, the same divine spark flickers. When this vision dawns, categories dissolve. We stop dividing the world into “good people” and “bad people” and begin seeing the One Light dancing in different disguises. Neuroscientists studying mirror neurons discovered that we are wired for empathy—another’s pain activates the same circuits in our own brains. At a biological level, we are already intertwined. The Gita simply expands that insight: beneath all appearances, there is a shared essence, an eternal witness seated within. History reminds us too. St. Francis of Assisi saw every creature as kin, addressing the sun as brother and the moon as sister. Martin Luther King Jr. called it “an inescapable network of mutuality,” where injustice to one diminishes all. Across cultures, seers and reformers have intuited the same vision Krishna articulates: life is one, expressed in many. This recognition is the birth of universal love. Not sentimental love, but reverence. The kind of love that bows to the same essence in the saint and the sinner, the friend and the foe. The kind of love that turns life itself into prayer. When you begin to see the One Light in every heart, devotion is no longer confined to temples or texts. Every interaction becomes sacred, every being a teacher, every moment a chance to serve the Divine hidden in plain sight.",f9f9ddfc-0a5e-5f74-baf7-818873537e44,https://ziifsmeagbyyjsnmxwns.supabase.co/storage/v1/object/public/content/journeys/audio/practical_gita/7b10c855-0282-4f94-93b4-29c6d16bce93.mp3?,https://ziifsmeagbyyjsnmxwns.supabase.co/storage/v1/object/public/content/journeys/covers/Practical_Gita_grow_yourself_v2.webp,defc4266-1eef-4756-b61c-01836d89b08b,7b10c855-0282-4f94-93b4-29c6d16bce93,46,02:52,2025-09-26 18:18:41.27276+00
2025-09-22 13:23:16.070869+00,Key Insight 14: Let go to grow—peace begins where control ends,"“Better is knowledge than practice, but better than knowledge is meditation. Better than meditation is the renunciation of the fruits of action, for peace immediately follows.” This verse is like a ladder. Krishna describes the progression from practice, to knowledge, to meditation, and finally to the highest step: letting go of results. The Gita isn’t dismissing the earlier steps—they matter. Practice builds discipline. Knowledge clarifies direction. Meditation centers the mind. But the real breakthrough comes when you loosen the grip on outcomes. Most of us live as if peace will arrive only after things go our way—after the promotion, the recognition, the solved conflict. But Krishna flips the logic. Peace is not found at the end of control; it’s found at the end of clinging. When you stop demanding that life look exactly as you pictured it, you discover a deeper stillness—one that doesn’t depend on circumstance. Psychology calls this “experiential avoidance”—the futile attempt to control every emotion, thought, or outcome. Research in Acceptance and Commitment Therapy (ACT, Steven Hayes) shows that the more we fight unwanted experiences, the more trapped we become. Freedom doesn’t come from total control; it comes from dropping the struggle and acting with clarity anyway. When we obsess about results, the amygdala (fear center) stays overactive, fueling anxiety. But practices of surrender and acceptance calm the limbic system and engage the prefrontal cortex, allowing for perspective and balance. Krishna says, “Do everything—fully, skillfully, sincerely—but don’t chain your peace to the outcome.” You still work, strive, and love. But your inner stillness no longer rises and falls with success or failure.",84708ced-7e2f-5ad5-8ab4-abbd738d5a3e,https://ziifsmeagbyyjsnmxwns.supabase.co/storage/v1/object/public/content/journeys/audio/practical_gita/7b6fe07b-e80a-47ef-bbea-4ba55714b3ba.mp3?,https://ziifsmeagbyyjsnmxwns.supabase.co/storage/v1/object/public/content/journeys/covers/Practical_Gita_free_yourself_v3.webp,defc4266-1eef-4756-b61c-01836d89b08b,7b6fe07b-e80a-47ef-bbea-4ba55714b3ba,16,02:34,2025-09-26 18:18:41.27276+00
2025-09-25 16:48:34.37717+00,Practice Makes Purpose,"You now have the fundamental tools to actively build focus and release old patterns. The practices of Meditation and Cleaning are not just techniques; they are your personal toolkit for mental and spiritual hygiene.By engaging with them, you've started the process of rewiring your inner world. You're no longer just at the mercy of your old conditioning. You have a direct method to clean the slate and strengthen your connection to your calm, centered self. This is how lasting change is built—one practice at a time.Here are a few ways to integrate this right away:
One-Minute Anchor: Tomorrow morning, before checking your phone, sit for just 60 seconds. Close your eyes, and gently bring your awareness to your heart. That's it.
End-of-Day Release: Before you finish work, take 30 seconds. Imagine all the day's stresses, interactions, and complexities flowing out of you from your back. Let them go.You're learning to build your inner state. But how do you make it last throughout the day? The next section is about taking this newfound center and making it your default, allowing it to radiate effortlessly into every part of your life.",ddcb31ab-b544-51f7-999e-d4f230095371,https://ziifsmeagbyyjsnmxwns.supabase.co/storage/v1/object/public/content/journeys/audio/58e91f4b-a572-522d-909b-ccc65ddb9d49_ddcb31ab-b544-51f7-999e-d4f230095371_2.mp3?,https://ziifsmeagbyyjsnmxwns.supabase.co/storage/v1/object/public/content/journeys/covers/12084100_4914815%20(1).jpg,58e91f4b-a572-522d-909b-ccc65ddb9d49,7d68cae4-0f61-45f4-b352-00758936face,2,01:30,2025-09-26 18:18:41.27276+00
2025-09-23 20:23:34.139571+00,Anger management for everyone,"Key Idea 1: Your First Step Is to Understand Your Anger Patterns. Meet Harvey, a successful business owner who supervises a large team. When things are going well, he’s a pleasant boss. But when an employee makes a simple mistake, an uglier side emerges. He explodes, screaming at the wrongdoer in front of customers and colleagues alike. Afterward, he retreats to his office to stew, feeling baffled by his own reaction. ""My anger just erupts,"" he says. ""I don't understand what happens. It's beyond me.""This feeling of helplessness is common, but it’s based on what the authors call ""the big mistake""—the belief that other people or external events are the sole cause of your anger. The truth is, anger isn't an isolated, unpredictable explosion. It occurs as part of a predictable chain of events, a pattern you can learn to recognize and interrupt. The authors introduce a powerful tool for this: the six-step Anger Episode Analysis. This model reveals that every anger episode consists of a Trigger, your Thoughts about it, your internal Experience, the Action Urge you feel, your method of Anger Expression, and the final Outcomes.For Harvey, the trigger was an employee promising an out-of-stock item. His thoughts weren't just about the error; they were catastrophic: ""How could you make such a stupid mistake? You've really made a mess\!"" This thinking fueled his internal experience of intense anger, a pounding headache, and a knotted stomach. The action urge was to unleash a verbal attack, which he did by screaming at his employee. The short-term outcome was that his employees became hyper-vigilant, making fewer mistakes for a while. But the long-term outcomes were toxic: good employees quit, morale plummeted, and Harvey developed chronic digestive problems.By breaking down his anger this way, Harvey could see it wasn't a mysterious force. It was a process he was actively participating in, especially with his thoughts. This self-awareness is the foundation for change. Your first step toward control is to become an anger detective. For your next anger episode, don't just react—observe. Use this six-step model to analyze what happened. What was the real trigger? What story were you telling yourself? What was the ultimate outcome, both short and long-term? This clarity empowers you to stop being a victim of your anger and start being the architect of your responses. Once you understand the what and why of your anger, you can start making strategic changes to your world to prevent the fire from even starting.Key Idea 2: Master Your Environment to Sidestep AngerHave you ever heard the term ""hanger""? It's that irritable, short-tempered feeling you get when you're hungry. It’s not just in your head; it’s a real physiological phenomenon. When your blood sugar drops, your body releases stress hormones like adrenaline and cortisol. Suddenly, a minor annoyance, like someone driving too slowly, feels like a major crisis. You’re primed for a fight, not because of the other driver, but because of your internal state.This simple example reveals a powerful truth: your environment and lifestyle are often the kindling for your anger wildfires. The authors argue that by managing these external factors, you can make yourself far less likely to ignite. This strategy isn't about avoiding problems forever, but about creating conditions that allow you to face them with a clear head. This approach involves three key areas. First is lifestyle management. Are you getting enough sleep? The authors talk about ""slanger,"" the anger that comes from sleep deprivation, which shortens your fuse and impairs judgment. Are you drinking too much alcohol? It might feel like a relaxant, but it actually disrupts the part of your brain responsible for executive decision-making, making impulsive reactions more likely. Even the music you listen to or the colors in your environment can subtly influence your mood and resilience.Second is learning to sidestep provocations. You don't have to attend every argument you're invited to. Choosing your battles is a sign of wisdom, not weakness. This might mean practicing temporary avoidance, like deciding not to discuss a contentious topic with a relative when you're already tired. Or it could mean a strategic escape, like suggesting a five-minute break during a heated discussion with your partner to let things cool down. This isn't about running from your problems; it's about choosing the right time and place to confront them, when you are at your best.Finally, the authors introduce social problem-solving. Instead of seeing every difficulty as a threat, learn to approach it as a challenge to be solved. This means moving from a reactive, impulsive style to a proactive, thoughtful one. By mastering your environment, you are no longer a passive reactor to life's frustrations. You are actively creating a life that supports your goal of remaining calm and in control. To start, pick one lifestyle factor to focus on this week. Is it your sleep, your diet, or the media you consume? Make one small, manageable change. For instance, decide to put your phone away an hour before bed. Notice how this small adjustment to your environment changes your internal state and your ability to handle frustration. Managing your external world is a powerful first line of defense, but the real engine of anger operates inside your mind.",71043452-7b12-4493-96c8-2037439bdb41,https://ziifsmeagbyyjsnmxwns.supabase.co/storage/v1/object/public/content/summaries/cover-pages/9a23b2da5111ed31f263714d_Anger Management for Everyone: Ten Proven Strategies to Help You Control Anger and Live a Happier Life.webp?,https://ziifsmeagbyyjsnmxwns.supabase.co/storage/v1/object/public/content/journeys/covers/12084100_4914815%20(1).jpg,0610db47-e2f8-43c9-8f47-fd23c8f18ba2,7dc1da5c-d440-4cca-b7c0-9a7969f77661,2,13:33,2025-09-26 18:18:41.27276+00
2025-09-22 13:23:12.244397+00,"Key Insight 34: Humility, Non‑Violence, Forgiveness Lead to True Knowledge","When Krishna speaks of knowledge here, he doesn’t point to libraries, arguments, or philosophies. He points to the heart. True knowledge, he says, is measured not by how much you can explain but by how deeply you embody qualities like humility, non-violence, forgiveness, simplicity, and self-control. It’s a radical redefinition. In our world, we often equate knowledge with information—degrees, books, cleverness. Krishna flips it: information without transformation is ignorance. Wisdom shows itself in the kind of person you become, not the number of facts you store. Vinoba Bhave, the Gandhian philosopher, once said each of these twenty values listed in this passage is like a rung on the ladder of liberation. You don’t climb by skipping steps—you grow as each quality slowly takes root. Humility softens the ego. Forgiveness untangles resentment. Non-violence widens compassion. Together, these qualities polish the mind until it becomes a mirror—clear enough to reflect the truth of the Self. Psychologists studying character strengths find that traits like gratitude, forgiveness, and humility correlate strongly with resilience and well-being. Neuroscience shows that practices of compassion and forgiveness reduce stress responses in the brain and increase emotional balance. In other words, the very values Krishna highlights don’t just “sound good”—they literally reshape the brain and heart toward clarity. History confirms it too. Think of leaders like Gandhi or Martin Luther King Jr. Their power didn’t come from intellectual brilliance alone, but from living these very values. Their humility made them approachable. Their non-violence made them unbreakable. Their forgiveness made them transformative. Krishna’s message is piercing in its simplicity: real knowledge is not what you know, but who you become. If your learning makes you proud, harsh, or restless, it’s not knowledge—it’s noise. But when it ripens into humility, gentleness, and forgiveness, then it’s wisdom. The call is clear: measure your growth not by the weight of your books, but by the lightness of your heart.",f9f9ddfc-0a5e-5f74-baf7-818873537e44,https://ziifsmeagbyyjsnmxwns.supabase.co/storage/v1/object/public/content/journeys/audio/practical_gita/7dd12c25-dce1-490b-a04c-544985af9f0f.mp3?,https://ziifsmeagbyyjsnmxwns.supabase.co/storage/v1/object/public/content/journeys/covers/Practical_Gita_grow_yourself_v2.webp,defc4266-1eef-4756-b61c-01836d89b08b,7dd12c25-dce1-490b-a04c-544985af9f0f,40,03:15,2025-09-26 18:18:41.27276+00
2025-09-22 13:23:15.278409+00,Key Insight 6: Grace in Death Comes from Unattached Living,"Death is often pictured as a crisis—a stormy, fearful crossing. But Krishna reframes it as a mirror. The quality of your last moment doesn’t come out of nowhere; it reflects the life you’ve lived. A restless mind produces a restless end. A clinging life resists its closing. But a life lived with clarity, detachment, and devotion naturally opens into a death marked by grace. This isn’t about withdrawing from the world or cutting yourself off from joy. It’s about learning to live fully without clinging. To eat, love, work, and serve with presence, but without that tight fist of possession. That’s why Krishna pairs the teaching of the final moment with lifelong practice: death isn’t a test to cram for at the last second—it’s the last note of a melody you’ve been playing every day. Erik Erikson’s stages of psychosocial development describe the final stage of life as a choice between integrity and despair. Those who lived aligned with meaning tend to look back with peace; those who lived in dissonance often struggle with regret. Similarly, palliative care research (Atul Gawande, Being Mortal) shows that patients who accepted impermanence and lived in line with their values tended to meet death with more serenity, compared to those driven by denial or clinging to control. So when Krishna says, “Thinking of the Divine at the final moment, one attains the highest path,” he is really teaching us how to live. If you train your mind daily to return to what is higher—whether you call it God, truth, or love—then when the final moment comes, it won’t feel foreign. It will feel like coming home. Grace in death, then, is not earned in that last breath. It’s cultivated in every breath that came before.",84708ced-7e2f-5ad5-8ab4-abbd738d5a3e,https://ziifsmeagbyyjsnmxwns.supabase.co/storage/v1/object/public/content/journeys/audio/practical_gita/7e29eb50-bb85-4718-b0b8-be25875b8b40.mp3?,https://ziifsmeagbyyjsnmxwns.supabase.co/storage/v1/object/public/content/journeys/covers/Practical_Gita_free_yourself_v3.webp,defc4266-1eef-4756-b61c-01836d89b08b,7e29eb50-bb85-4718-b0b8-be25875b8b40,6,02:18,2025-09-26 18:18:41.27276+00
2025-09-22 13:23:10.045363+00,Key Insight 11: Work without Joy Is Lifeless Work,"Krishna tells Arjuna that when you act without joy, work becomes hollow—mere labor that drains rather than uplifts. But when you dedicate your work as an offering, the spirit of joy re-enters. The lotus leaf metaphor returns: the leaf lives in water, but water doesn’t cling. Similarly, when you work with devotion rather than attachment, your action is in the world but not weighed down by it. The Gita’s point is sharp: work is not just about doing—it’s about the spirit in which it’s done. Work without joy is bondage. Work with joy, offered freely, is liberation. Gallup’s studies on workplace engagement consistently show that people who find meaning and joy in their work are more productive, creative, and resilient. Those who see work as only duty, without inner connection, burn out faster. And in The Happiness Advantage, Shawn Achor demonstrates that joy isn’t the reward of success—it’s the fuel. People who cultivate positive, meaningful engagement perform better and live healthier lives. When joy is absent, work becomes lifeless, mechanical, a grind that erodes the spirit. But when joy is present, even simple tasks take on depth. Joy animates, sustains, and purifies action.",f9f9ddfc-0a5e-5f74-baf7-818873537e44,https://ziifsmeagbyyjsnmxwns.supabase.co/storage/v1/object/public/content/journeys/audio/practical_gita/7e5cf4b1-8b70-40be-81dd-19f24b196f62.mp3?,https://ziifsmeagbyyjsnmxwns.supabase.co/storage/v1/object/public/content/journeys/covers/Practical_Gita_grow_yourself_v2.webp,defc4266-1eef-4756-b61c-01836d89b08b,7e5cf4b1-8b70-40be-81dd-19f24b196f62,12,01:57,2025-09-26 18:18:41.27276+00
2025-09-26 04:54:57.798554+00,Introduction,"Most of us live on autopilot—shaped by moods, labels, habits, and the voices of others. We chase success, hide weakness, and call our quirks “just who I am.” But if we want to take control of our body, mind and take charge of designing our own destiny, we need to first understand how these even function.
The central teaching of the Gita is this, 'Know Yourself'. You have to know who or what you are. That is the solution to all human problems. Through this journey, you will know why this is so important.
This pillar brings together timeless insights from the Gita, reframed for modern life.

By walking through these teachings, you will Know Yourself, where you will discover the Ground truth of self, Cognitive hygiene & the working map of reality. 
",efb8e124-09dc-5335-9641-c6112754ae8c,https://ziifsmeagbyyjsnmxwns.supabase.co/storage/v1/object/public/content/journeys/audio/practical_gita/pillar_1_intro.mp3,https://ziifsmeagbyyjsnmxwns.supabase.co/storage/v1/object/public/content/journeys/covers/Practical_Gita_Know_yourself_v2.webp,defc4266-1eef-4756-b61c-01836d89b08b,813d0f70-dbd4-4771-abe9-6abdb7dc78d0,0,01:09,2025-09-26 18:18:41.27276+00
2025-09-22 13:23:12.949531+00,Key Insight 42: Spiritual Arrogance Blinds the Mind,"Of all the traps the ego sets, spiritual arrogance is the hardest to notice. Ordinary pride is obvious—wealth, fame, power. But when the ego cloaks itself in the language of wisdom, compassion, or spirituality, it becomes subtle and dangerous. Krishna calls out this blindness directly. The arrogant say, “I am the best; there is none like me.” They may appear outwardly successful, even enlightened, but inside they are bound—because comparison still rules them. They seek not connection but superiority, not truth but recognition. This is not just ancient diagnosis. In modern terms, it’s what psychologist John Welwood called spiritual bypassing: using spiritual identity to cover up wounds, avoid vulnerability, or inflate the ego. Instead of dissolving the self, it strengthens it in disguise. “Look at how pure I am. Look at how wise I am.” But in chasing status—even spiritual status—the essence of growth is lost. History gives us the contrast. Gandhi often insisted, “I am not a saint, only a seeker.” The Dalai Lama calls himself “a simple Buddhist monk.” Their greatness was not in claiming superiority but in anchoring themselves in humility and service. Leadership grounded in ego exploits. Leadership grounded in love empowers. Krishna’s warning is clear: the higher the path, the subtler the pitfalls. True divinity doesn’t parade itself; it bows lower, serves deeper, listens more. Spiritual strength isn’t measured by the claim “I know,” but by the capacity to say, “I am still learning.”",f9f9ddfc-0a5e-5f74-baf7-818873537e44,https://ziifsmeagbyyjsnmxwns.supabase.co/storage/v1/object/public/content/journeys/audio/practical_gita/8158b2ff-00c5-4d48-9505-869cdde59d48.mp3?,https://ziifsmeagbyyjsnmxwns.supabase.co/storage/v1/object/public/content/journeys/covers/Practical_Gita_grow_yourself_v2.webp,defc4266-1eef-4756-b61c-01836d89b08b,8158b2ff-00c5-4d48-9505-869cdde59d48,49,02:28,2025-09-26 18:18:41.27276+00
2025-09-22 13:23:15.040508+00,Key Insight 3: Your Final Thoughts Determine Your Soul's Journey,"“Whatever one remembers at the time of death, that alone one becomes.” This verse is one of the Gita’s most sobering reminders: the last thought of life carries the momentum of the whole journey. But Krishna isn’t trying to scare us into obsessing about our dying breath—he’s teaching us about living. The mind, like a river, always flows toward what it has been carving channels toward. At death, it doesn’t suddenly change course; it simply follows the groove it has worn day after day. In modern psychology, this idea is echoed in the science of habit loops and neuroplasticity. Charles Duhigg, in The Power of Habit, explains how repeated choices lay down neural pathways, making certain patterns automatic. What you think, dwell on, or worship daily becomes your default setting. In the language of the Gita: your samskaras—the impressions you create with thought and action—become the compass of your final moment. This insight also aligns with Viktor Frankl’s reflections in Man’s Search for Meaning. Frankl observed in the concentration camps that those who cultivated inner meaning and purpose often endured suffering with a resilience that others couldn’t muster. Where the mind rests in life determines the strength of the soul in crisis. So, when Krishna says, “Whatever you remember at the time of death, that alone you become,” he isn’t telling you to panic about your final second—he’s inviting you to practice now. If your mind is constantly trained on greed, anger, or fear, don’t expect your last thought to be serene. But if you nurture love, awareness, and devotion as daily companions, then the final breath will be a natural continuation of that flow. Imagine it like music: the last note of a song feels inevitable, not random. It carries the momentum of the melody that came before it. In the same way, your final thought is not an isolated accident—it’s the culmination of the music you’ve been playing all along. So the question isn’t: What will I think at the end? The question is: What am I thinking now, and now, and now? Because in shaping those daily thoughts, you are already shaping your soul’s journey.",84708ced-7e2f-5ad5-8ab4-abbd738d5a3e,https://ziifsmeagbyyjsnmxwns.supabase.co/storage/v1/object/public/content/journeys/audio/practical_gita/817ec890-0168-437a-92db-a8469e43cfc0.mp3?,https://ziifsmeagbyyjsnmxwns.supabase.co/storage/v1/object/public/content/journeys/covers/Practical_Gita_free_yourself_v3.webp,defc4266-1eef-4756-b61c-01836d89b08b,817ec890-0168-437a-92db-a8469e43cfc0,3,02:58,2025-09-26 18:18:41.27276+00
2025-09-22 13:23:13.106742+00,"Key Insight 44: Let Authentic Truth guide You, Not Personal Whim","Krishna draws a sharp line here: freedom without guidance is not freedom—it’s chaos. He isn’t telling Arjuna to become a slave to rigid rules or to abandon his discernment. He’s pointing out that real freedom flows only when it is anchored in dharma—the deeper order of truth, conscience, and higher values. Left to whim, the mind wavers. One moment it wants this, the next it wants that. Impulses masquerade as freedom, but they end up chaining us to cycles of regret. The Gita warns against this: do not mistake impulse for authenticity. Real authenticity listens to a quieter voice—the one that speaks from integrity, not ego. You see this play out everywhere. A leader driven by whim breeds instability; a leader guided by principle earns trust. A life lived on impulse feels exciting for a while, but eventually erodes peace. Freedom, if unmoored from inner truth, burns itself out. Modern thinkers echo the same insight. Viktor Frankl, in Man’s Search for Meaning, argued that freedom alone is dangerous without responsibility—true liberty requires us to align action with higher purpose. Krishna’s teaching reframes freedom: it is not the right to do whatever you want, but the strength to do what aligns with truth. Authentic freedom is disciplined, not chaotic. It flows not from whim, but from listening deeply and acting in harmony with values that endure. It’s simple yet profound: don’t let whims steer your life. Anchor in truth. When dharma becomes your compass, freedom ceases to be reckless—it becomes luminous.",f9f9ddfc-0a5e-5f74-baf7-818873537e44,https://ziifsmeagbyyjsnmxwns.supabase.co/storage/v1/object/public/content/journeys/audio/practical_gita/8287e095-b5d7-4089-96ea-db4ff5b9c71f.mp3?,https://ziifsmeagbyyjsnmxwns.supabase.co/storage/v1/object/public/content/journeys/covers/Practical_Gita_grow_yourself_v2.webp,defc4266-1eef-4756-b61c-01836d89b08b,8287e095-b5d7-4089-96ea-db4ff5b9c71f,51,02:32,2025-09-26 18:18:41.27276+00
2025-09-22 13:23:10.124331+00,Checkpoint 2,"“Looks like you are making a lot of progress! Let's recap what we have discussed so far.” So, how does work become worship? Krishna’s teachings here circle around a single idea: action isn’t just something you do to get by. Done rightly, it can become sacred. And what makes the difference is not the size of the work, but the spirit behind it. It begins with joy. Work without joy, Krishna says, is lifeless (5.10). You can grind through tasks out of fear or pressure, but they’ll leave you drained. When you bring devotion and freedom into your action—like the lotus leaf that touches the water but isn’t weighed down by it—work becomes light and sustaining. But joy alone isn’t enough. Selflessness is the hinge. When action is done for ego or personal gain, it binds us to pride, guilt, and stress. When it’s done as offering, the same action becomes akarma—freeing rather than binding. Desirelessness (4.19) deepens this: true renunciation isn’t about running away from life but about letting go of the clutching need for results. Like the lotus, you live in the world without being chained by it. From there, Krishna widens the frame: your actions ripple outward. Lead by example (3.20 & 3.21). Others learn not from what you say but how you live. Even a king like Janaka turned his duties into yoga, showing that leadership can be both worldly and spiritual. And because we are all woven into a larger web, action must also honor mutual nourishment. Life flourishes on reciprocity—the rain nourishes the crops, the crops nourish the people, people sustain the cycle through gratitude and right action. Selfish work depletes; selfless work sustains. At the heart of it all is authenticity. Better to walk your own dharma imperfectly than to imitate another’s perfectly. The world doesn’t need polished copies; it needs your real, imperfect contribution.",f9f9ddfc-0a5e-5f74-baf7-818873537e44,https://ziifsmeagbyyjsnmxwns.supabase.co/storage/v1/object/public/content/journeys/audio/practical_gita/835d9a7b-4deb-4726-ae88-d2ddeefc0715.mp3?,https://ziifsmeagbyyjsnmxwns.supabase.co/storage/v1/object/public/content/journeys/covers/Practical_Gita_grow_yourself_v2.webp,defc4266-1eef-4756-b61c-01836d89b08b,835d9a7b-4deb-4726-ae88-d2ddeefc0715,13,02:42,2025-09-26 18:18:41.27276+00
2025-09-22 13:23:15.912575+00,Key Insight 12: Time Is the Force of Change,"“God is Time — the Ultimate Force of Change.” When Arjuna sees Krishna’s cosmic form, one of the most striking revelations is this: “I am Time.” Not a clock ticking on the wall, not a neutral backdrop, but Time itself—alive, creative, and unstoppable. It’s a teaching that pulls the rug out from under our illusion of permanence. Time doesn’t just pass. It sculpts. It dissolves kingdoms, rewrites identities, and renews what seems lost. Every triumph and every tragedy eventually yields to its rhythm. To see Time as divine is to realize that endings are not accidents—they are part of an eternal choreography of creation, preservation, and dissolution. We, of course, resist. We cling to youth, to relationships, to successes, as if we could pause the cosmic clock. But clinging only sharpens suffering. The Gita’s wisdom here is not about fatalism—it’s about recognition. To bow to Time as God is to stop fighting the inevitable and start flowing with it. Modern echoes are everywhere. Stephen Hawking described time as “the great river” carrying all things forward—reminding us that no matter how advanced we become, we live within its current. Psychology, too, speaks to this truth: research on acceptance and commitment therapy (Steven C. Hayes) shows that people who accept impermanence and change live with greater resilience and less anxiety than those who fight it. History also bears witness. After the bombing of Hiroshima, J. Robert Oppenheimer famously quoted this very verse—“Now I am become Death, the destroyer of worlds.” While he drew it in the context of destruction, the Gita frames it more broadly: Time is the ultimate agent of transformation, dissolving the old to make space for the new. So what does this mean for us? It means that loss is not meaningless. It means that even endings carry within them the seed of beginning. To see Time as divine is to meet change with reverence rather than resistance, with grace rather than grief. Krishna’s message is clear: you can’t stop Time—but you can align with it. And in doing so, you discover that every passing moment is not just decay, but renewal. Every ending is, in truth, a doorway.",84708ced-7e2f-5ad5-8ab4-abbd738d5a3e,https://ziifsmeagbyyjsnmxwns.supabase.co/storage/v1/object/public/content/journeys/audio/practical_gita/838a9569-b495-40c2-b0d0-1d5c26c78828.mp3?,https://ziifsmeagbyyjsnmxwns.supabase.co/storage/v1/object/public/content/journeys/covers/Practical_Gita_free_yourself_v3.webp,defc4266-1eef-4756-b61c-01836d89b08b,838a9569-b495-40c2-b0d0-1d5c26c78828,14,03:21,2025-09-26 18:18:41.27276+00
2025-09-23 20:23:34.661488+00,Making love your default state,"Welcome to the final and most expansive part of our journey together. Now that you know how your anger works and what it takes to heal those roots, we can move on to the next part. Making love your default state. Next, we step into the light.This section is about what comes next. It’s not enough to simply not be angry; the goal is to proactively and joyfully be loving. This is where you move from managing an old habit to building a new way of life. We will explore concrete practices for generating compassion, even for those who are hardest to love. You’ll learn how to expand your circle of care, rewiring your brain for connection.This is the ultimate shift: from an ego-driven life of ""me versus you"" to a heart-centered life of ""us."" It’s about making love, acceptance, and unity your natural, default operating system. Let's begin the final, most rewarding chapter of this transformation.",44f93d33-39c3-4357-b5b3-2af0c217febe,https://ziifsmeagbyyjsnmxwns.supabase.co/storage/v1/object/public/content/journeys/audio/journey_4577782e3d_20c07f340830e4b94a36_0.mp3?,https://ziifsmeagbyyjsnmxwns.supabase.co/storage/v1/object/public/content/journeys/covers/12084100_4914815%20(1).jpg,0610db47-e2f8-43c9-8f47-fd23c8f18ba2,848764d8-d7c3-4c82-9c68-faff38bcbc9e,0,01:17,2025-09-26 18:18:41.27276+00
2025-09-22 13:23:08.685334+00,Checkpoint 4,"We are almost to the end of this pillar! Let’s see what we have so far. By now, the Gita has shifted our gaze from the individual self to the larger picture—the thread of divinity that runs through everything. Krishna first declares: there is a light behind all lights (13.18). Not the sun, moon, or fire, but the inner radiance that allows us to see, know, and be. This light dwells in every heart, reminding us that beneath surface differences—race, role, opinion—we are lit by the same flame. From there, he gives us the image of the eternal Ashvattha tree (15.1): its branches stretch into worldly life, but its roots are in the Divine. The message is clear—live fully in the world, but don’t mistake the branches for the source. Your strength comes not from appearances but from your unseen roots. Krishna then broadens the frame: every being is made of both material and spiritual nature (7.4–7.5). The body, emotions, and instincts are the lower energies; consciousness is the higher spark. To see both clearly is to live with reverence—for yourself, for others, and for the earth itself. And finally, he levels the playing field: all paths ultimately lead to the same goal (7.16). Whether people seek out of fear, ambition, curiosity, or wisdom, each longing can mature into devotion. The Divine doesn’t reject anyone. Every entry point is honored. Taken together, these insights are the Gita’s great unifying whisper: there is one light, one root, one essence, one destination. You can call it Divine, Self, or truth—it shines in you, in me, and in all. The world may look divided, but beneath the surface, it is held together by a single presence. And the practical takeaway? You don’t have to be perfect to begin. Start where you are. Root yourself in something higher. Remember the light in others. And trust that, however winding, your path is carrying you home.",efb8e124-09dc-5335-9641-c6112754ae8c,https://ziifsmeagbyyjsnmxwns.supabase.co/storage/v1/object/public/content/journeys/audio/practical_gita/887273bf-5c43-43a4-9ef6-f8065630af89.mp3?,https://ziifsmeagbyyjsnmxwns.supabase.co/storage/v1/object/public/content/journeys/covers/Practical_Gita_Know_yourself_v2.webp,defc4266-1eef-4756-b61c-01836d89b08b,887273bf-5c43-43a4-9ef6-f8065630af89,22,03:07,2025-09-26 18:18:41.27276+00
2025-09-22 13:23:09.730707+00,Key Insight 7: The Principle Of Mutual Nourishment,"Krishna reminds Arjuna that the world itself is built on cycles of giving and receiving. The rains feed the crops, the crops feed the people, and people, in turn, honor the divine order through gratitude and action. Nothing lives in isolation. Life is sustained by mutual nourishment. Work done for selfish gain breaks this cycle—it depletes, takes more than it gives. But work done as offering restores balance: what you give comes back, not always in the same form, but in the health of the whole system you belong to. In this way, ordinary action becomes sacred: it doesn’t just serve the self, it sustains the world. Ecosystems flourish through reciprocity: forests recycle nutrients through fungi and soil, bees pollinate flowers as they feed, oceans exchange oxygen and carbon through vast webs of life. Strip away one side of the exchange, and collapse follows. Human systems work the same way. Adam Grant, in Give and Take, shows that “givers”—those who contribute without obsessing over return—often rise higher in the long run because they strengthen the networks around them. Economics too recognizes “positive externalities”—actions that generate benefits beyond the individual, like education or clean energy. The Gita anticipated this by thousands of years: selfish action breeds decay, while selfless offering nourishes the whole. Krishna points to yajna—sacrifice—not as burning offerings in fire, but as a principle: acting for the benefit of more than yourself. King Janaka ruled not to glorify himself but to serve his people, and by doing so, he attained liberation through action. In a culture of hyper-individualism, it’s tempting to see life as a solo race. But the Gita pushes us to remember: every act either feeds or starves the larger web.",f9f9ddfc-0a5e-5f74-baf7-818873537e44,https://ziifsmeagbyyjsnmxwns.supabase.co/storage/v1/object/public/content/journeys/audio/practical_gita/88dd116a-b08c-4b02-af0c-7de0df15ad40.mp3?,https://ziifsmeagbyyjsnmxwns.supabase.co/storage/v1/object/public/content/journeys/covers/Practical_Gita_grow_yourself_v2.webp,defc4266-1eef-4756-b61c-01836d89b08b,88dd116a-b08c-4b02-af0c-7de0df15ad40,8,02:46,2025-09-26 18:18:41.27276+00
2025-09-22 13:23:10.509679+00,Key Insight 16: Surrender To Your Higher Self,"We often imagine the Divine as distant—someone to appease, impress, or fear. But Krishna offers a gentler, more intimate image: “Know Me as your friend and well-wisher—and find lasting peace.” This is a radical shift. The Divine isn’t a cosmic taskmaster waiting to punish mistakes. He is the silent ally already within you—the higher Self that knows your struggles, sees your potential, and wants your freedom. Surrender here doesn’t mean giving up on life. It means laying down the exhausting illusion that you are carrying it all alone. It’s the same relief a child feels when they realize someone is holding their hand in the dark. Research on secure attachment shows that human beings flourish when they feel an unshakable sense of support—a “safe base” from which they can explore, risk, and grow. Spiritual surrender is like discovering the deepest safe base: the Divine as your inner anchor. The poet-saint Kabir sang of the Divine not as a judge, but as a beloved companion walking beside him. In these lives, surrender didn’t shrink action—it expanded it. Free from the constant anxiety of “what if,” they acted with clarity, courage, and compassion. Krishna’s invitation is simple but profound: stop fighting life as if it’s all on you. Trust the current that’s already carrying you. The moment you shift from fear to friendship, from control to trust, anxiety begins to dissolve. Because surrender isn’t weakness. It’s the strongest thing you’ll ever do.",f9f9ddfc-0a5e-5f74-baf7-818873537e44,https://ziifsmeagbyyjsnmxwns.supabase.co/storage/v1/object/public/content/journeys/audio/practical_gita/8a6d1ba6-813c-461d-a44e-606fe085655e.mp3?,https://ziifsmeagbyyjsnmxwns.supabase.co/storage/v1/object/public/content/journeys/covers/Practical_Gita_grow_yourself_v2.webp,defc4266-1eef-4756-b61c-01836d89b08b,8a6d1ba6-813c-461d-a44e-606fe085655e,18,02:30,2025-09-26 18:18:41.27276+00
2025-09-22 13:23:14.804675+00,Checkpoint 12,"As we come to the end of the Grow Yourself pillar, Krishna leaves us with powerful markers of spiritual maturity: how we act, and how we experience happiness. First, he shows us the posture of sattvic action. Real maturity is steady, enthusiastic, and free of ego. It’s not about dazzling the world—it’s about showing up day after day, giving your best without bragging or dragging your feet. This kind of action doesn’t drain you; it strengthens you. Then comes his insight on sattvic happiness. True joy is not instant gratification—it often feels bitter at first, like discipline, forgiveness, or saying no to distractions. But over time it ripens into nectar, leaving behind peace instead of emptiness. Together, these teachings tie back the whole arc of Grow Yourself: you grow not by chasing quick rewards or external approval, but by cultivating steadiness in action and depth in joy. Krishna reframes maturity as the ability to stay the course—working with sincerity, living with integrity, and savoring the happiness that deepens rather than fades. The takeaway is simple, but transformative: choose the path that feels bitter first, sweet later. Choose the kind of action that purifies you, not the kind that inflates you. That’s how growth becomes freedom.",f9f9ddfc-0a5e-5f74-baf7-818873537e44,https://ziifsmeagbyyjsnmxwns.supabase.co/storage/v1/object/public/content/journeys/audio/practical_gita/8bc4ad64-64e1-4a79-8014-7344858e88a1.mp3?,https://ziifsmeagbyyjsnmxwns.supabase.co/storage/v1/object/public/content/journeys/covers/Practical_Gita_grow_yourself_v2.webp,defc4266-1eef-4756-b61c-01836d89b08b,8bc4ad64-64e1-4a79-8014-7344858e88a1,71,01:50,2025-09-26 18:18:41.27276+00
2025-09-25 20:13:05.051364+00,The Power of Now,"#### Key Idea 2 of 5: End the Delusion of TimeHave you ever noticed how your mind is rarely ever here? It’s either replaying an old conversation, worrying about a future meeting, or dreaming of a better tomorrow. The egoic mind cannot survive without what Tolle calls ""psychological time."" It uses the past to give you an identity—your personal story of triumphs and grievances—and it uses the future to promise salvation or fulfillment, always telling you, ""One day, when this happens, I will be happy."" This constant focus on past and future creates the core delusion that obscures the only thing that is ever real: the present moment.Tolle makes a radical point: nothing ever happened in the past; it happened in a ""Now."" Nothing will ever happen in the future; it will happen in a ""Now."" The past is just a memory trace in your mind, and the future is an imagined projection. Their reality is borrowed from the eternal present, the only time that truly exists. Your life is not your ""life situation""—a mental collection of past events and future goals. Your life is now.All problems are illusions of the mind that need time to survive. A problem means you are mentally dwelling on a situation without the true intention or possibility of taking action now. In the reality of the present moment, problems cannot exist. There are only situations to be dealt with or accepted. This realization is the key to liberation. When you are consumed by worry, you are not dealing with a present reality; you are trying to cope with a mind projection of the future, which is impossible.To end this delusion, you must make the Now the primary focus of your life. Practice withdrawing your attention from the past and future whenever they are not needed for practical matters like planning or learning from a mistake. A simple and powerful way to do this is to ask yourself frequently, ""Do I have a problem right now?"" Not in five minutes, not tomorrow, but right this second. In most cases, you will find that the answer is no. In this moment, you are breathing. You are here. By bringing your full attention to the ""isness"" of this moment, you dissolve the time-bound mind and the suffering it creates. But how do you stay anchored in the present when the pull of the mind is so strong? Tolle offers a surprisingly simple and powerful gateway: your own body.#### Key Idea 5 of 5: Surrender to What IsThe word ""surrender"" often brings to mind images of defeat or passive resignation. But in the context of The Power of Now, it means something entirely different and profoundly powerful. True surrender is the simple wisdom of yielding to the flow of life rather than opposing it. It means offering no inner resistance to the present moment, accepting it unconditionally and without reservation.Inner resistance is the mind's way of saying ""no"" to what is. It manifests as judgment, negativity, and emotional suffering. This resistance creates a gap between the demands of your mind and the reality of the moment—a pain gap. Surrender closes that gap. Imagine you are stuck in the mud. Resignation would be to say, ""Oh well, I guess I live here now."" Surrender is to fully accept the reality of the moment: ""I am stuck in the mud."" This acceptance doesn't mean you won't try to get out. On the contrary, by accepting the ""isness"" of the situation, you free yourself from the negative energy of frustration and despair. Your actions to get out of the mud will then arise from a place of clear, calm intelligence, not from panicked reactivity.This applies to all of life's challenges. You don't have to accept an undesirable life situation, but you must surrender to the present moment. This is the way of the cross that Tolle speaks of: your deepest suffering can become your greatest teacher by forcing you into surrender. If you cannot accept the external situation, then accept your internal one. Don't resist the pain, grief, or fear inside you. Allow it to be there. Feel it fully without letting your mind create a victim story around it. By embracing your inner state, you transmute the suffering into a deep, unshakable peace.Whatever the present moment contains, accept it as if you had chosen it. This doesn't mean you become passive; it means your actions are infused with the power of Being itself. Say ""yes"" to life, and you will see how life suddenly starts working for you rather than against you. By embracing this simple yet profound act of surrender, you align yourself with a power far greater than the mind, unlocking a state of peace that transcends all understanding.",cf6a5ab3-5a87-582d-9e6e-7242d32f6274,https://ziifsmeagbyyjsnmxwns.supabase.co/storage/v1/object/public/content/summaries/cover-pages/f03dc8f0c11ca5ca62b528af_The_Power_of_Now.webp?,https://ziifsmeagbyyjsnmxwns.supabase.co/storage/v1/object/public/content/journeys/covers/12084101_4914816%20(1).jpg,6e8f711a-b1a8-5d02-a0e8-7aef99360e7c,8f3d4436-1981-4c34-8dd7-aa24d7216e95,1,06:00,2025-09-26 18:18:41.27276+00
2025-09-22 13:23:08.8488+00,Key Insight 20: The Three Qualities of Nature,"We often shrug and say, “That’s just who I am.” But the Gita suggests that much of what we call “personality” is not the eternal self—it’s the play of gunas, the three strands of nature that weave together our moods, choices, and behaviors. - Sattva (clarity, harmony, light) uplifts, connecting us to wisdom and calm. - Rajas (activity, passion, restlessness) propels us into ambition, craving, and action. - Tamas (inertia, ignorance, heaviness) drags us toward lethargy, confusion, and resistance. These forces don’t belong to the soul; they belong to nature (prakriti). Yet they color how the soul experiences life, like tinted lenses over clear sight. Awareness of the gunas is the first step toward loosening their grip. Traits we think of as fixed—introversion, impulsivity, optimism—are shaped by both biology and environment. Genes matter, yes, but epigenetics shows how the environment turns genes on or off. Neuroscience shows how repeated habits strengthen certain pathways in the brain, making some patterns feel “natural.” Personality is more plastic than we assume. If you believe “this is just how I am,” you’ll stay stuck. The Gita offers a liberating perspective: your true self—the imperishable witness—is untouched by these qualities. You’re not doomed to be restless, sluggish, or even serene forever. You can cultivate sattva (clarity), reduce rajas (restless craving), and dissolve tamas (inertia). And beyond even sattva, the text urges, lies freedom: recognizing the self that is beyond all qualities.",efb8e124-09dc-5335-9641-c6112754ae8c,https://ziifsmeagbyyjsnmxwns.supabase.co/storage/v1/object/public/content/journeys/audio/practical_gita/8f8a1ac2-6500-4a45-b94e-cf8d9c7cccac.mp3?,https://ziifsmeagbyyjsnmxwns.supabase.co/storage/v1/object/public/content/journeys/covers/Practical_Gita_Know_yourself_v2.webp,defc4266-1eef-4756-b61c-01836d89b08b,8f8a1ac2-6500-4a45-b94e-cf8d9c7cccac,24,02:32,2025-09-26 18:18:41.27276+00
2025-09-22 13:23:14.144322+00,Checkpoint 10,"“We are fast approaching the end of this pillar! There are only two sets of insights left before we move on to the last pillar, “Free Yourself”. So, hold on to your horses! This is the final stretch!” This stretch of the Gita’s wisdom has been about refinement—how what we eat, say, think, and aim for all ripple into the kind of life we live. Krishna is teaching us that action alone isn’t enough. It has to be anchored in intention, discipline, and clarity. We began with speaking truthfully and kindly. It isn’t enough to just “say it like it is.” Truth without compassion becomes violence. The Gita sharpens our awareness that pure speech must be true, beneficial, non-harming, and pleasant—words offered not as weapons, but as bridges. Then Krishna turned inward with austerity of the mind. Real silence is not about closing the mouth but quieting the inner chatter. A purified mind, free from restless commentary and clouded emotions, speaks peace without words. Its presence itself becomes transformative. From there, he offered a framework for action in knowledge, object, and knower. Every deed arises from these three players: the doer, the lens of understanding, and the target in sight. When all three are clear, action flows wisely. When they are misaligned, even good intentions falter. These insights converge in a call to inner harmony. It’s not just what you do, but how you do it. Food, words, thoughts, and knowledge—all are arenas for discipline. Krishna is asking us to slow down, check alignment, and let action flow from truth and stillness, not whim or ego. The thread tying them together is this: life purifies when we refine the subtle—speech, thought, faith, and motive—not just the visible. The Gita doesn’t ask us to abandon action but to act from a place so steady that even silence, even presence, carries its own light.",f9f9ddfc-0a5e-5f74-baf7-818873537e44,https://ziifsmeagbyyjsnmxwns.supabase.co/storage/v1/object/public/content/journeys/audio/practical_gita/90b224a0-626d-49e7-9666-8f83c85e0b22.mp3?,https://ziifsmeagbyyjsnmxwns.supabase.co/storage/v1/object/public/content/journeys/covers/Practical_Gita_grow_yourself_v2.webp,defc4266-1eef-4756-b61c-01836d89b08b,90b224a0-626d-49e7-9666-8f83c85e0b22,63,02:43,2025-09-26 18:18:41.27276+00
2025-09-22 13:23:09.885128+00,Key Insight 9: True Action Is Born Out of Selflessness,"Krishna reveals a subtle truth: action itself doesn’t trap you—it’s the attitude you bring to it. When you act with ego (“I am the doer”), your work ties you to pride when things go well, guilt when they don’t, and stress in between. But when you act as a channel, without clinging to ownership, the work flows freely. This is what the Gita calls akarma—action that leaves no residue. It doesn’t bind, because it isn’t about you. The action happens, but you are not tangled in it. Like a river flowing to the ocean, the work is offered and released. What remains is peace, not pressure. In modern life, we’re taught to brand every act: “my achievement, my success, my hustle.” The result? Exhaustion. Every win comes with pressure to win again. Every loss with shame. Krishna offers an alternative: detach the ego from the act. This doesn’t mean apathy. It means showing up fully, skillfully, but without the burden of “mine.” The more you release ownership, the more energy and clarity you gain. Work becomes lighter. Service becomes joyful.",f9f9ddfc-0a5e-5f74-baf7-818873537e44,https://ziifsmeagbyyjsnmxwns.supabase.co/storage/v1/object/public/content/journeys/audio/practical_gita/910066fc-128e-4f0e-a375-6fa4d58902aa.mp3?,https://ziifsmeagbyyjsnmxwns.supabase.co/storage/v1/object/public/content/journeys/covers/Practical_Gita_grow_yourself_v2.webp,defc4266-1eef-4756-b61c-01836d89b08b,910066fc-128e-4f0e-a375-6fa4d58902aa,10,01:42,2025-09-26 18:18:41.27276+00
2025-09-22 13:23:10.689929+00,Key Insight 18: The Self-Regulated One Lives Happily,"Krishna describes the wise as those who see the same Self (atman) in everyone—a scholar, a cow, an elephant, a dog, even an outcast. Why? Because beneath the costumes of body, status, or behavior lies the same spark of consciousness. From this vision of sameness flows evenness: the ability to remain steady whether life delivers pleasure or pain, praise or blame. External pleasures, Krishna warns, are fleeting—they have a beginning and an end, and so they carry the seed of pain. The yogi, instead, learns to anchor in an inner joy, a light that doesn’t flicker with circumstance. This is not apathy. It’s freedom. The one who has mastered desire and anger, who finds happiness within rather than from the world’s contact, lives with unshakable peace. For some, Krishna’s words point directly to union with Brahman—the Divine essence underlying all beings. For others, this can be understood as aligning with the Higher Self: the steady witness within you that sees beyond ego, comparison, and craving. When you rest in that Self, the ups and downs of circumstance lose their power to dictate your peace. Seeing the same essence in all beings softens judgment. Finding joy within steadies the heart. Enduring desire and anger without being dragged by them cultivates strength. Together, these practices open the door to what Krishna calls nirvana in this very life—unchanging peace amid a changing world.",f9f9ddfc-0a5e-5f74-baf7-818873537e44,https://ziifsmeagbyyjsnmxwns.supabase.co/storage/v1/object/public/content/journeys/audio/practical_gita/92f07340-ae01-4a37-b48a-bad80aae04ed.mp3?,https://ziifsmeagbyyjsnmxwns.supabase.co/storage/v1/object/public/content/journeys/covers/Practical_Gita_grow_yourself_v2.webp,defc4266-1eef-4756-b61c-01836d89b08b,92f07340-ae01-4a37-b48a-bad80aae04ed,20,02:24,2025-09-26 18:18:41.27276+00
2025-09-22 13:23:13.8744+00,Key Insight 51: Speaking truthfully and kindly is the Purity of speech,"We’ve seen earlier that truthfulness itself is one of the divine qualities Krishna praised (16.1–3). But here, he sharpens the focus: not just truth in content, but purity in expression. Words are powerful tools—able to heal or to harm—and Krishna defines the tapas (discipline) of speech with four criteria: 1. Truthful – It must align with reality. 2. Beneficial – It must uplift, guide, or help. 3. Pleasant – It must land with grace, not cruelty. 4. Non-harming – Even truth loses its purity if it is spoken to wound. This is radical, because most of us assume honesty alone is enough. But Krishna is pointing out that a harsh truth hurled like a weapon isn’t pure speech—it’s violence dressed as honesty. Communication experts such as Kim Scott emphasize “radical candor”, which is about balancing directness with care. Neuroscience shows that harsh words activate the brain’s pain circuits much like physical harm, while kind, supportive speech builds trust and cooperation. What the Gita called austerity of speech, science now frames as mindful communication. Krishna’s point is practical and piercing: your words are not free. They shape your relationships, your inner state, and your karma. To speak with purity is not about silence or flattery—it is about training the tongue to serve truth without cruelty, clarity without arrogance, kindness without manipulation. The invitation is simple but challenging: before speaking, ask—is it true? Is it beneficial? Is it kind? If not, silence is the higher austerity.",f9f9ddfc-0a5e-5f74-baf7-818873537e44,https://ziifsmeagbyyjsnmxwns.supabase.co/storage/v1/object/public/content/journeys/audio/practical_gita/930d5eb7-f1ee-4402-8aea-7b2965c9e681.mp3?,https://ziifsmeagbyyjsnmxwns.supabase.co/storage/v1/object/public/content/journeys/covers/Practical_Gita_grow_yourself_v2.webp,defc4266-1eef-4756-b61c-01836d89b08b,930d5eb7-f1ee-4402-8aea-7b2965c9e681,60,02:18,2025-09-26 18:18:41.27276+00
2025-09-22 13:23:10.280951+00,"Key Insight 13: Examine Your Motives, Not Just Your Actions","“He who sees inaction in action, and action in inaction, is the wisest among men.” — Bhagavad Gita At first glance, Krishna’s words sound paradoxical: how can you see “inaction in action” or “action in inaction”? But the point is subtle—it’s not the outer action that binds you, but the motive behind it. A person may be busy all day, yet if every act is done with ego—“my success, my gain, my pride”—the inner posture is selfish inaction. On the other hand, someone sitting quietly in reflection may be profoundly active, reshaping their mind and intentions. What matters, Krishna says, is the why behind the act. When the ego claims, “I am the doer,” action becomes heavy, bound by pride, guilt, or fear. But when the posture shifts to “let it be done through me,” the same action becomes freeing, even sacred. This is vikarma—acting selflessly, with awareness. In modern culture, we measure worth by output—grades, promotions, metrics. But Krishna reminds us that action judged only from the outside misses the point. A project done for ego may win applause but leave you empty. The same project, done as service or offering, nourishes instead of draining. This verse flips the lens: before asking “What did I do?” ask “Why did I do it?” That shift transforms work into yoga, making it a path of growth rather than bondage. Krishna’s wisdom here is piercing: action alone doesn’t define you—intention does. When you examine and purify your motives, every action—however ordinary—becomes a step toward freedom.",f9f9ddfc-0a5e-5f74-baf7-818873537e44,https://ziifsmeagbyyjsnmxwns.supabase.co/storage/v1/object/public/content/journeys/audio/practical_gita/96a8f42e-54f2-4a75-a725-4a64537185a3.mp3?,https://ziifsmeagbyyjsnmxwns.supabase.co/storage/v1/object/public/content/journeys/covers/Practical_Gita_grow_yourself_v2.webp,defc4266-1eef-4756-b61c-01836d89b08b,96a8f42e-54f2-4a75-a725-4a64537185a3,15,02:13,2025-09-26 18:18:41.27276+00
2025-09-12 14:04:57.776064+00,Welcome Back! — Host: Ananth,"""Hey, it's **Ananth** again. In the last section you mapped your habit

Now we're moving from map to **build mode**.

Quick heads-up: you'll hear a short Kitab summary from *Atomic Habits* next (the later chapters). It walks through a few **simple levers** you can use to tilt the odds your way. No heavy lifting yet; just listen with your own loop in mind.

Alright—pop in your headphones, and let's roll **Atomic Habits (Ch. 4–7)**. I'll see you on the other side.""",85323c30-17dd-4169-aaae-c6321d498909,https://ziifsmeagbyyjsnmxwns.supabase.co/storage/v1/object/public/content/journeys/audio/Journey4.mp3,https://ziifsmeagbyyjsnmxwns.supabase.co/storage/v1/object/public/content/journeys/covers/12084100_4914815%20(1).jpg,ed364aba-85e7-44fd-801d-499307199b5f,98e18c98-ae12-42a9-9c7a-7276428fdfed,0,00:33,2025-09-26 18:18:41.27276+00
2025-09-24 19:07:54.755489+00,"Stress Alchemy
","Welcome to our final and most transformative section. Here, we learn to face our difficulties not as obstacles, but as the very ground for growth.We’ve learned to manage daily stress, but what about true suffering? The pain of loss, disappointment, or deep-seated fear? Our natural instinct is to run from it, to distract ourselves, or to push it down. We're told to ""stay positive."" But this approach often leaves us feeling stuck, fighting a battle against our own feelings.This section offers a radically different path. Drawing from ancient wisdom, you will discover that suffering itself is the necessary ingredient—the mud—from which the lotus of true happiness can grow. You'll learn not to escape your pain, but to turn toward it with mindfulness and compassion.This is the final step from managing stress to cultivating a deep and unshakable peace, no matter what life throws at you.",881c98d5-8bc8-466c-917b-cf91e721c819,https://ziifsmeagbyyjsnmxwns.supabase.co/storage/v1/object/public/content/journeys/audio/88ee483a-8760-4caf-9fa6-2a7530f5a439_881c98d5-8bc8-466c-917b-cf91e721c819_0.mp3?,https://ziifsmeagbyyjsnmxwns.supabase.co/storage/v1/object/public/kitab-data/Wisdon-Journeys/audio/12084100_4914815%20(1).jpg,88ee483a-8760-4caf-9fa6-2a7530f5a439,98fad5e3-220f-4208-ac71-d6a1d61cff96,0,01:10,2025-09-26 18:18:41.27276+00
2025-09-22 13:23:07.175441+00,"Key Insight 4: Action must be based in Clarity, Not Emotion","Anger, guilt, fear—when they surge, they feel like commands. But actions born in raw emotion often leave us with regret. The Bhagavad Gita makes this point early and sharply: Arjuna, consumed by sorrow and guilt at the thought of fighting his kin, forgets his dharma—his duty—and freezes. His hands shake, his bow slips, and his judgment collapses (Gita 1.28–30). Krishna’s counsel is direct: steady yourself, anchor in clarity, and then act. “Yoga is skill in action,” he later says (2.50)—and that skill begins with equanimity, not impulse. History shows how destructive emotional action can be—and how restraint can rewrite outcomes. After the Battle of Gettysburg, President Abraham Lincoln drafted a scathing letter to General George Meade for failing to pursue the retreating Confederate army. His fury spilled onto the page. But Lincoln never sent it. He tucked it away, unsigned. Later historians found dozens of such “hot letters.” They were emotional releases, but never policies. By choosing clarity over anger, Lincoln preserved relationships and focus, steering the Union toward eventual victory. Psychology explains why this works. Strong emotions activate the amygdala—the brain’s alarm bell—while downshifting the prefrontal cortex, which handles perspective and long-term planning. Under that imbalance, we get tunnel vision. We act fast, but not wisely. This is what psychologists call the affect heuristic: judgments skewed by feelings in the moment. Daniel Kahneman frames it simply in his book “Thinking Fast & Slow”—System 1 (fast, emotional) overwhelms System 2 (slow, rational). Unless we pause, the hot state writes the script. But the pause is powerful. Neuroscientist Matthew Lieberman found that labeling emotions—even a simple “I feel angry”—reduces amygdala reactivity and restores cognitive control. James Gross’s work on cognitive reappraisal shows that reframing the meaning of an event (“This is difficult, but it’s also a chance to practice courage”) can change both emotional intensity and behavior. Together, these tools turn raw emotion into information, not destiny. Arjuna’s lesson is the same: emotions are not enemies, but they cannot be sovereign. To act from clarity is to let values, not surges, decide the next move. The battlefield may be ancient, but the dynamic is modern: an executive under pressure, a parent mid-argument, a leader making a call that will affect thousands. Emotion tempts us to speed; clarity reminds us to steer. The takeaway is not “feel less,” but “see more.” Notice the surge, cool the system, and then align action with principle. That is how the Gita defines true skill in action—and how modern science explains sound judgment under fire.",efb8e124-09dc-5335-9641-c6112754ae8c,https://ziifsmeagbyyjsnmxwns.supabase.co/storage/v1/object/public/content/journeys/audio/practical_gita/99e9ec76-b71c-4a16-b4df-5a27218d2590.mp3?,https://ziifsmeagbyyjsnmxwns.supabase.co/storage/v1/object/public/content/journeys/covers/Practical_Gita_Know_yourself_v2.webp,defc4266-1eef-4756-b61c-01836d89b08b,99e9ec76-b71c-4a16-b4df-5a27218d2590,4,04:07,2025-09-26 18:18:41.27276+00
2025-09-22 13:23:06.993878+00,Key Insight 2: Crisis Leads To Transformation,"Most of us treat confusion like failure. When we’re lost, we rush to cover it up—pretend we know, push through, fake clarity. But the Bhagavad Gita flips that script. Confusion isn’t the end; it’s the door. Arjuna, the seasoned warrior, had faced countless battles. But on the eve of Kurukshetra, he collapses. Not because he lacks skill, but because he realizes his skills can’t answer the deeper question: “How do I fight those I love?” Shaken, he does something that leaders rarely do—he admits, “I am confused… please guide me.” (Gita 2.7). That surrender, paradoxically, is the very moment the teaching begins. History offers similar turning points. Socrates’ wisdom wasn’t that he had all the answers, but that he knew he didn’t: “I neither know nor think I know.” His philosophy was born in the open space of admitted ignorance. Viktor Frankl, enduring Auschwitz, echoed the same truth: when stripped of everything else, humans can discover a freedom deeper than circumstance—the freedom to choose meaning. Crisis was not the end for him; it was the crucible that shaped Man’s Search for Meaning. Psychology today has a name for this stance: intellectual humility. Research by Tenelle Porter and colleagues shows that people who admit confusion are more likely to seek feedback, stick with challenges, and ultimately learn more. Far from weakness, the admission of “I don’t know” is rocket fuel for growth. Neuroscience also supports the value of uncertainty: moments of cognitive conflict activate the anterior cingulate cortex, the brain’s “alarm system” that says, pay attention—something here can be learned. What feels like collapse is often preparation. Confusion forces us to stop leaning on autopilot, to step back and seek wiser perspectives. Without Arjuna’s surrender, there would be no Gita. Without admitting the crisis, there is no transformation. The lesson is simple: doubt is not the enemy of wisdom—it is its gateway. When life disorients you, the question isn’t “How do I hide this?” but “What is trying to emerge?”",efb8e124-09dc-5335-9641-c6112754ae8c,https://ziifsmeagbyyjsnmxwns.supabase.co/storage/v1/object/public/content/journeys/audio/practical_gita/9a9a27d6-6c8b-4906-ab3e-924289c43bdf.mp3?,https://ziifsmeagbyyjsnmxwns.supabase.co/storage/v1/object/public/content/journeys/covers/Practical_Gita_Know_yourself_v2.webp,defc4266-1eef-4756-b61c-01836d89b08b,9a9a27d6-6c8b-4906-ab3e-924289c43bdf,2,03:07,2025-09-26 18:18:41.27276+00
2025-09-22 13:23:08.594705+00,Key Insight 18: All paths ultimately lead to the Same Goal,"“Four kinds of virtuous people worship Me: the distressed, the seekers of wealth, the curious, and the wise. Of them, the wise one, ever steadfast in devotion, I hold supreme.” — Bhagavad Gita 7.16 Krishna doesn’t dismiss self-interest or longing. He recognizes four types of seekers: 1. The distressed — those who turn to the Divine in crisis. 2. The seekers of success — those who ask for prosperity, results, outcomes. 3. The curious — those who want to understand, to explore. 4. The wise — those who seek truth for its own sake. Every doorway, however small or self-centered it may look, leads inward to the same house. What begins as fear, ambition, or curiosity can mature into wisdom. The Divine, Krishna says, doesn’t reject any seeker. He receives and refines. Think of how people come to meditation today. Some arrive stressed (distressed seekers). Others want focus and productivity (success seekers). Some are just curious, downloading an app to experiment. And a few arrive already seeking truth. Yet many of these beginners, over time, report a shift: what started as “I need to calm down for work” becomes “I want to live more deeply, more ethically, more compassionately.” The path grows them. Psychologist Abraham Maslow described something similar in his hierarchy of needs. People often begin to be motivated by deficiency (safety, success, belonging). But as those are met, motivation evolves toward growth, meaning, and eventually self-transcendence—concern for something greater than the self. Maslow’s late writing echoes Krishna: even selfish beginnings can ripen into devotion to the larger whole. - St. Augustine admitted in his youth he prayed: “Lord, grant me chastity… but not yet.” His path began in contradiction, yet led to profound wisdom that shaped Western thought. - Gandhi first studied law in London to secure status and income for his family (success-seeker). Years later, his path of truth and non-violence became one of humanity’s highest moral exemplars. - Mother Teresa began with the heartbreak of witnessing suffering (distress-seeker). That pain deepened into decades of service that redefined compassion. The seed doesn’t have to be noble to bear noble fruit. We live in a culture that often mocks the “wrong reasons.” People who pray for an exam, meditate for productivity, or go to yoga “just for fitness” are seen as missing the point. Krishna disagrees. He honors the entry point. The important thing is that you start. Once you step on the path, the path begins to shape you. It’s a liberating truth. You don’t need perfect motives to begin. You just need the willingness to seek. Whether it’s pain, ambition, curiosity, or wisdom that brings you to the doorstep, the same door opens to the same house.",efb8e124-09dc-5335-9641-c6112754ae8c,https://ziifsmeagbyyjsnmxwns.supabase.co/storage/v1/object/public/content/journeys/audio/practical_gita/9aa53d3c-dc04-4a3d-8e65-806b5ae17d7f.mp3?,https://ziifsmeagbyyjsnmxwns.supabase.co/storage/v1/object/public/content/journeys/covers/Practical_Gita_Know_yourself_v2.webp,defc4266-1eef-4756-b61c-01836d89b08b,9aa53d3c-dc04-4a3d-8e65-806b5ae17d7f,21,04:22,2025-09-26 18:18:41.27276+00
2025-09-22 13:23:08.511196+00,Key Insight 17: Every Being Is Made Of Material and Spiritual Nature,"“Earth, water, fire, air, space, mind, intellect, and ego—these constitute My lower nature. But beyond this, O Arjuna, know My higher nature: the life-force that sustains the world.” — Bhagavad Gita 7.4–7.5 Krishna doesn’t reject the world—he redefines it. The five elements (plus mind, intellect, and ego) make up what he calls the lower nature (apara-prakriti). These are the building blocks of our bodies, our emotions, our instincts—the visible and tangible layers of life. But he insists there is also a higher nature (para-prakriti): the spark of awareness, the conscious principle that animates these elements. The radical point: the sacred is not separate from the world—it is the world. The body, the planet, the cosmos are divine material. And yet, what makes them alive is not just matter, but consciousness. Miss that spark, and you mistake the costume for the actor. Science, too, recognizes two intertwined dimensions. Physics explains the material fabric—atoms, energy fields, molecules. Neuroscience charts the mind’s mechanics—neurons firing, synapses connecting. But ask what consciousness itself is, and you step into mystery. Nobel laureate Erwin Schrödinger once wrote: “The total number of minds in the universe is one. In truth, consciousness is a singular of which the plural is unknown.” His words echo the Gita’s higher nature: a single luminous awareness animating countless forms. William James called consciousness “the stream of thought,” always flowing, never still. But James also pointed to the “I” that knows the stream—the witness distinct from the changing contents. In ACT (Acceptance and Commitment Therapy), this is called self-as-context: you are not just body, thoughts, or moods; you are the field in which they arise. This is para-prakriti in modern therapeutic language. If the elements themselves are divine, then how we treat the world is not just an ecological question but a spiritual one. Modern sustainability thinkers like Thomas Berry speak of the universe as a “communion of subjects, not a collection of objects.” When Krishna says “earth, water, fire, air, space are my lower nature,” he’s pointing to a reverence we often forget: the planet isn’t raw material—it’s part of the divine body. Recognizing this reframes climate action, consumption, even food as encounters with sacred matter. Most of us over-identify with the lower nature—our appearance, our status, our impulses. We forget the higher nature—the silent awareness that watches all of it. That’s why the Gita insists: to know the Divine, you must turn inward. Not to deny the body or the world, but to remember they are only half the truth. The other half is the witness—the consciousness that is changeless even as everything else shifts. When you see both layers clearly, life steadies. The body ages, moods fluctuate, success rises and falls. But the witness—the higher nature—remains luminous, like the current running through changing devices. To live from that place is to walk lighter, with less fear and more reverence.",efb8e124-09dc-5335-9641-c6112754ae8c,https://ziifsmeagbyyjsnmxwns.supabase.co/storage/v1/object/public/content/journeys/audio/practical_gita/9b26c1d9-d49a-41a0-a7c0-2ead9d60995d.mp3?,https://ziifsmeagbyyjsnmxwns.supabase.co/storage/v1/object/public/content/journeys/covers/Practical_Gita_Know_yourself_v2.webp,defc4266-1eef-4756-b61c-01836d89b08b,9b26c1d9-d49a-41a0-a7c0-2ead9d60995d,20,04:35,2025-09-26 18:18:41.27276+00
2025-09-22 13:23:08.770879+00,Key Insight 19: You Are Not the Body—Serve as a Joyful Instrument,"“But beyond both the perishable and the imperishable is the Supreme Person, the highest Self, who has entered the three worlds and sustains them.” — Bhagavad Gita 15.17 Krishna draws a bold line in this verse. He speaks of three realities: - The perishable — the body, aging, changing, bound to time. - The imperishable — the soul or spark that survives change. The Supreme Person (Purushottama*) — the ultimate presence, the witness that animates everything, dwelling even in you. The insight: you are not just your body, or even just your intellect. You are that immortal spark enlivened by the Supreme. To recognize this is not to withdraw from life but to live it differently: free from fear, pride, and pressure. The human obsession with body-image and mental performance is endless: looks, fitness, age, intellect, productivity. Yet every culture’s wisdom traditions insist: you are more. Neuroscience experiments like the rubber hand illusion show how easily the brain can be tricked into misidentifying what is “me.” If ownership of a fake hand can feel real in seconds, maybe our default sense of “I am this body” is more negotiable than we think. Philosophers like Derek Parfit argued that personal identity isn’t a solid nugget but continuity across time—memories, intentions, relationships. When he adopted this view, Parfit wrote that the walls of his “glass tunnel” disappeared; life felt less claustrophobic, more open. The Gita’s vision lands in the same place: liberation comes when identity shifts from fragile roles and surfaces to the deeper witness. When identity is tied only to body or intellect, life becomes fragile. Every wrinkle, every forgotten name, every missed promotion feels like a threat. But when identity shifts to the immortal spark, confidence grows quieter and steadier. You still serve, love, and build—but without clutching. Success becomes a gift, not a burden. Failure becomes feedback, not annihilation. Life itself feels less like a duty to endure and more like a dance to join. Krishna doesn’t ask you to become passive. He reframes life as service: to act as an instrument of the Divine. Think of an orchestra: the violin doesn’t try to play every part, it channels music by serving the score. Life is like that—your body and mind are instruments, but the music flows from a deeper source.",efb8e124-09dc-5335-9641-c6112754ae8c,https://ziifsmeagbyyjsnmxwns.supabase.co/storage/v1/object/public/content/journeys/audio/practical_gita/9c843e80-a084-41f5-9905-b5665c5d5fe8.mp3?,https://ziifsmeagbyyjsnmxwns.supabase.co/storage/v1/object/public/content/journeys/covers/Practical_Gita_Know_yourself_v2.webp,defc4266-1eef-4756-b61c-01836d89b08b,9c843e80-a084-41f5-9905-b5665c5d5fe8,23,03:46,2025-09-26 18:18:41.27276+00
2025-09-25 16:48:34.742794+00,Wrapping Up,"Our journey together has brought you from the chaos of distraction to the threshold of effortless focus.You began by bravely confronting the inner enemies of desire, guilt, and ego. Then, you learned the practical tools to forge a centered mind through Meditation and Cleaning. And finally, you've discovered how to make that centeredness a radiant, lasting part of who you are.You now understand that focus isn't about forcing your mind. It's about purifying your heart. As you continue this work, your inner state will begin to harmonize, and your external life will naturally align with it.To carry this transformation forward, remember these principles:
Observe and Return: Continue to notice the pull of your old patterns, but now you have the tools to gently return to your center every time.
Commit to Your Practice: Make your moments of Meditation and Cleaning non-negotiable. Even a few minutes a day is a powerful anchor.
Live from the Condition: After your practice, don't just get up and rush away. Take a moment to consciously carry that feeling of peace with you into your next activity.This isn't an end, but the beginning of a life lived with intention, clarity, and quiet confidence. Your destiny is truly in your design.",0af7f2db-04d6-53c1-856c-a157bad19de6,https://ziifsmeagbyyjsnmxwns.supabase.co/storage/v1/object/public/content/journeys/audio/58e91f4b-a572-522d-909b-ccc65ddb9d49_0af7f2db-04d6-53c1-856c-a157bad19de6_2.mp3?,https://ziifsmeagbyyjsnmxwns.supabase.co/storage/v1/object/public/content/journeys/covers/12084100_4914815%20(1).jpg,58e91f4b-a572-522d-909b-ccc65ddb9d49,9ebaae94-a654-48c7-91cf-52f3044f984a,2,01:47,2025-09-26 18:18:41.27276+00
2025-09-22 13:23:13.971236+00,Key Insight 52: A Purified Mind speaks in Silence and Peace,"When most of us hear the word tapas—austerity—we imagine external practices: fasting, vows, renunciation. But Krishna shifts the focus inward. The deepest discipline isn’t about what you deny outside—it’s about how you regulate the storm within. He describes three dimensions of mental austerity: - Mauna (silence): not just the absence of words, but the quieting of the relentless inner commentary—judgments, comparisons, worries—that steals peace. - Ātma-vinigrahaḥ (self-mastery): the steadying of the mind so it doesn’t jerk wildly from one desire or fear to another. - Bhāva-saṁśuddhiḥ (purity of emotion): cultivating clean, compassionate states instead of being ruled by resentment, envy, or bitterness. This is radical because it reframes silence itself. True silence isn’t just holding the tongue—it’s quieting the noise inside so that presence can emerge. And presence, as anyone who has sat with a calm, centered person knows, speaks louder than words. A purified mind radiates peace in the room without saying a thing. Modern psychology and neuroscience confirm Krishna’s insight. Practices like mindfulness and meditation have been shown to reduce the brain’s default mode network activity—the very circuits that fuel incessant inner chatter. Emotional regulation research shows that those who train the mind toward compassion and calm have greater resilience and clarity under stress. In short: silence and purity of thought aren’t passive—they actively shape a steadier, stronger self. Think of leaders like the Buddha, whose silence spoke volumes, or even modern examples like Nelson Mandela, whose calm presence often diffused conflict before words were spoken. Their power came not from what they said, but from the inner stillness from which they spoke. The teaching here is piercing in its simplicity: a mind that is noisy cannot know peace, and a heart clouded by impurity cannot offer clarity. But when silence, self-mastery, and purity align, life itself becomes calm, steady, and luminous. The invitation is this: cultivate inner silence not as absence, but as presence. From that space, every word and action becomes an offering of peace.",f9f9ddfc-0a5e-5f74-baf7-818873537e44,https://ziifsmeagbyyjsnmxwns.supabase.co/storage/v1/object/public/content/journeys/audio/practical_gita/a29d1ed3-89fb-47e4-b7c1-451ec32c9533.mp3?,https://ziifsmeagbyyjsnmxwns.supabase.co/storage/v1/object/public/content/journeys/covers/Practical_Gita_grow_yourself_v2.webp,defc4266-1eef-4756-b61c-01836d89b08b,a29d1ed3-89fb-47e4-b7c1-451ec32c9533,61,03:17,2025-09-26 18:18:41.27276+00
2025-09-26 05:01:01.952647+00,Introduction,"Knowing yourself is only the beginning. Once you begin to understand yourself the next step is learning how to live, act, and grow from there. This is where the Gita’s wisdom shifts from identity to action—from who you are to how you live.
The Grow Yourself pillar is about turning self-knowledge into self-mastery. It’s about learning what it means “to act” and what Karma Yoga entails. So, expect to see lots of actionable tips and advice!
Here, Krishna offers practical lessons for life in motion:
Fulfillment comes from within, not endless wanting.

Emotions can be transformed into wisdom.

Excellence means action rooted in clarity and purpose, not reward or fear.

Your choices ripple outward—lead by example.

Mutual nourishment, selflessness, authenticity, and balance are not ideals but daily practices that sustain growth.

Meditation, moderation, and mindfulness become anchors for a steady mind.

Sacrifice, discipline, truthfulness, and humility become the soil where real character flowers.

Even desire, anger, and ego—when mastered instead of indulged—become fuel for inner progress.",f9f9ddfc-0a5e-5f74-baf7-818873537e44,https://ziifsmeagbyyjsnmxwns.supabase.co/storage/v1/object/public/content/journeys/audio/practical_gita/pillar_2.mp3,https://ziifsmeagbyyjsnmxwns.supabase.co/storage/v1/object/public/content/journeys/covers/Practical_Gita_grow_yourself_v2.webp,defc4266-1eef-4756-b61c-01836d89b08b,a4ce5a61-b038-4085-aa87-d19cb3493896,0,01:31,2025-09-26 18:18:41.27276+00
2025-09-25 20:04:05.046863+00,Becoming the Architect of Your Social World,"Welcome to the final stage of our journey. Now that you understand the roots of loneliness and have the tools to rewire your internal approach, it's time to become the architect of your social life. This isn’t about forcing yourself to go to more parties. It's about learning how to create moments and spaces where true connection can flourish.In this section, you'll discover the power of purpose. You'll learn why defining a clear intention for any gathering—from a simple coffee to a dinner party—is the secret to making it meaningful. We'll explore how to use intentional design and even playful rules to build temporary worlds that encourage authenticity and vulnerability. This is where you learn to stop just attending events and start cultivating community.",dcfd619a-542f-57f8-9cc2-2e122d153da5,https://ziifsmeagbyyjsnmxwns.supabase.co/storage/v1/object/public/content/journeys/audio/085b1002-d315-5f5a-bd9e-b0e63e119c6f_dcfd619a-542f-57f8-9cc2-2e122d153da5_0.mp3?,https://ziifsmeagbyyjsnmxwns.supabase.co/storage/v1/object/public/content/journeys/covers/12084100_4914815%20(1).jpg,085b1002-d315-5f5a-bd9e-b0e63e119c6f,a61b85e2-1fc3-4ee6-a5c5-edb1e9f6b63b,0,00:56,2025-09-26 18:18:41.27276+00
2025-09-24 19:07:54.45722+00,Finding Your Built In Off Switch,"Welcome back. Having understood the roots of your stress, we now shift from the problem to the solution. In this section, we activate the powerful tool you already have to create calm.So often, we think of relaxation as something we have to find externally—a vacation, a quiet room, a spa day. But what if calm wasn’t something you had to chase, but something you could generate from within, on demand? The good news is, you can. Your body has a natural, biological counterbalance to the ""fight-or-flight"" response. It’s a built-in ""off-switch.""Here, you'll discover exactly what this ""Relaxation Response"" is and, more importantly, learn a simple, practical method to trigger it in just a few minutes a day.This is where you learn to actively create calm and build the resilience you need to face daily challenges. Let's learn how to use your switch.",e2355a86-33f0-42eb-a5e9-86ef3154efdf,https://ziifsmeagbyyjsnmxwns.supabase.co/storage/v1/object/public/content/journeys/audio/88ee483a-8760-4caf-9fa6-2a7530f5a439_e2355a86-33f0-42eb-a5e9-86ef3154efdf_0.mp3?,https://ziifsmeagbyyjsnmxwns.supabase.co/storage/v1/object/public/kitab-data/Wisdon-Journeys/audio/12084100_4914815%20(1).jpg,88ee483a-8760-4caf-9fa6-2a7530f5a439,a6766888-5aaf-4c20-a736-4da3119a33a2,0,01:00,2025-09-26 18:18:41.27276+00
2025-09-22 13:23:15.443936+00,Checkpoint 1,"These last few insights form a kind of roadmap—not just for death, but for how to live with steadiness, purpose, and grace. First, Krishna tells us that your final thoughts shape your soul’s journey. But those thoughts aren’t last-minute inventions—they’re the cumulative effect of your daily mental habits. If your mind has been trained toward clarity and love, the final note of your life will carry that same tune. Then he reminds us that true devotion is the key to liberation. It isn’t the dramatic gesture that matters, but the quiet constancy—the daily act of turning your attention back to the Divine, the Self, the higher truth. Like water carving stone, devotion is subtle yet unstoppable. The Gita then sharpens the choice: there are two paths, light and dark. But these aren’t only afterlife roads—they show up in every decision. To choose awareness, compassion, and integrity is to walk the path of light. To live in distraction and impulse is to stumble in the dark. Destiny isn’t decided at death; it’s decided moment by moment. Which brings us to the great paradox: grace in death comes from unattached living. The final breath mirrors the posture of your life. If you’ve lived with open hands—present, engaged, but not clutching—then death, too, becomes a doorway, not a collapse. And finally, Krishna reveals the simplest purifier: constant remembrance. Not as a burden, but as a thread woven through everything you do. Work, love, meals, silence—all become sanctified when remembrance is there. It’s this steady presence that clears the fog of distraction and keeps you anchored, no matter what storms arrive. Together, these insights shift the question from How will I die? to How am I living right now? Because in every choice, every thought, you’re already preparing the path your soul will walk.",84708ced-7e2f-5ad5-8ab4-abbd738d5a3e,https://ziifsmeagbyyjsnmxwns.supabase.co/storage/v1/object/public/content/journeys/audio/practical_gita/a6f1a435-e01f-4f28-8bf6-591597684c92.mp3?,https://ziifsmeagbyyjsnmxwns.supabase.co/storage/v1/object/public/content/journeys/covers/Practical_Gita_free_yourself_v3.webp,defc4266-1eef-4756-b61c-01836d89b08b,a6f1a435-e01f-4f28-8bf6-591597684c92,8,02:51,2025-09-26 18:18:41.27276+00
2025-09-22 13:23:16.919367+00,Key Insight 23: Inner Renunciation and Selfless Action Both Liberate,"Most people think spiritual life is a fork in the road: either you renounce everything, or you serve and work in the world. Krishna cuts through that false divide. He tells Arjuna—and us—that both paths, when done in the right spirit, lead to liberation. Think about it. You could sit in the Himalayas, silent as stone, and still be wrapped up in ego: “I am a renunciate.” Or you could be running a business, raising children, teaching in a noisy classroom—and yet be freer than the monk, because your heart carries no attachment. Renunciation (sannyāsa) and selfless action (karma-yoga) are not opposites. They are two expressions of the same truth: it’s not about what you’re doing, but about the inner posture behind it. Silence can be loud with ego. Service can be silent with humility. Your kitchen can be as sacred as a cave. Your office desk, a place of meditation. When ego and craving are absent, every task becomes worship. Gandhi spun khadi on a wheel not because he had to, but because he turned even that small act into a prayer of service. Mother Teresa washed wounds in Calcutta’s alleys with the reverence of a nun at an altar. Krishna’s point is radical: Liberation isn’t location-based. It’s intention-based. Whether you’re inwardly still or outwardly active, what matters is this—are you acting from ego, or from alignment with the Self? The secret is simple: renounce the I, not the action.",84708ced-7e2f-5ad5-8ab4-abbd738d5a3e,https://ziifsmeagbyyjsnmxwns.supabase.co/storage/v1/object/public/content/journeys/audio/practical_gita/a7b7bbf5-cf97-43e3-aa3e-1030c0ccadee.mp3?,https://ziifsmeagbyyjsnmxwns.supabase.co/storage/v1/object/public/content/journeys/covers/Practical_Gita_free_yourself_v3.webp,defc4266-1eef-4756-b61c-01836d89b08b,a7b7bbf5-cf97-43e3-aa3e-1030c0ccadee,27,01:53,2025-09-26 18:18:41.27276+00
2025-09-25 16:48:34.670342+00,Designing Destiny,"Key Idea 4 of 6: The goal isn't to have a profound experience, but to retain that condition.Imagine you've just poured a fresh slab of concrete. It's smooth, perfect, and full of potential. But what happens if you immediately start walking on it, letting dogs run across it, and allowing people to carve their names into it? The concrete is ruined forever. Your inner state after a good morning meditation is exactly like that freshly-laid concrete. It is subtle, pure, and needs time to set. The period immediately following your meditation is one of the most critical moments of your day.The book emphasizes that the goal isn't just to have a profound experience in meditation, but to retain that condition throughout the day. This is the difference between a fleeting spiritual moment and a lasting transformation. After you meditate, avoid sudden movements, loud noises, or distractions like checking your phone. Don't even drink water immediately, as this can pull your attention outward. Instead, sit quietly for five or ten minutes. Feel the condition settling into your heart, drenching your entire system. Let it become a part of you.Once the condition has been set, your work is to carry it with you. This is the true meaning of a meditative state—not just sitting with your eyes closed, but moving through your day with your inner center firmly established in your heart. You work, study, and interact with others while maintaining a gentle grip on that morning peace. This state acts as an inner radar, making you highly perceptive and sharply discriminative. You'll intuitively know what is right and wrong for you, because anything that disturbs that precious inner peace will immediately feel unnatural.We recommend building a ""buffer zone"" around your morning meditation. Schedule an extra 10-15 minutes after you meditate to simply sit in silence. During this time, your only job is to feel the condition and allow it to solidify within you. Then, as you begin your day, make a conscious effort to recall that feeling periodically, anchoring yourself back into that state of peace and clarity.#### Key Idea 5 of 6: Purity and Love should radiate from you without effortDoes a rose have to ask whether it should radiate its fragrance? Does the sun ask for permission to shine? Of course not. It is their nature. The book teaches that as you progress spiritually, your life should become just as natural. Purity and love should radiate from you without effort or announcement. This state of being is described as a kind of spiritual royalty. It’s not about arrogance or status; it’s a regal quality that shines through in a person who is truly humble and simple. Their courtesy, their civility, and their quiet confidence stand out.This spiritual royalty is built on the foundation of humility. But what is true humility? It is not thinking less of yourself; it is thinking of yourself less. The book warns against the trap of spiritual ego, where one gets a small spiritual gift and thinks they have become a master. The moment we think we are great, we build a wall of greatness around ourselves, isolating us from others and from the divine. True progress comes when we break down that wall and see ourselves as insignificant servants of the highest.This leads to a life of truthfulness and naturalness. You no longer need to impress anyone because you are content with what you are. It takes a lot of effort to be unnatural, to tell a lie and remember it. But truth is simple; it flows directly from a pure heart. When you live this way, you can face life's miseries not as punishments, but as opportunities. Just as intense pressure and heat turn coal into a diamond, life's challenges forge your character and make you stronger. You learn to accept them joyfully, knowing they are preparing you for something greater.Your actionable step is to practice humility in your daily interactions. For one day, make a conscious effort to listen more than you speak. When you accomplish something, give the credit to a higher power or to the team around you. Instead of trying to impress others with your knowledge, seek to learn from them. This shift from ""proving"" to ""improving"" is the essence of living with natural grace.#### Key Idea 6 of 6: The entire universe operates on the principle of vibratory compatibilityHave you ever walked into a room and instantly felt a certain ""vibe""? A jail feels heavy and oppressive, while a meditation hall feels light and pious. This atmosphere is created by the collective vibratory level of the people within it. The book explains that the entire universe operates on the principle of vibratory compatibility. Like a key fits a specific lock, every soul is drawn to people, places, and dimensions that match its own frequency. This single concept unlocks the secrets to everything from our relationships to our ultimate destiny.At the moment of death, the soul is not judged by a divine being; it simply finds its natural home. Its vibratory level, determined by the purity or grossness it has cultivated throughout life, dictates which dimension it will settle into. Similarly, at the moment of conception, the attitude and vibratory level of the parents attract a soul of a corresponding frequency. This is why the inner state of the parents is far more important than any astrological chart in determining the destiny of a child.This principle also governs our human relationships. A relationship that requires constant effort, apologies, and ""inputs"" to fix arguments is an unstable system, high in what science calls entropy, or randomness. But a relationship founded on pure, unconditional love is the most stable system possible. When love is the constant state of your being, you don't need to fix things because acceptance and understanding are built-in. You naturally harmonize with others because your own frequency is one of love.The most powerful way to do this is through meditation on the heart, inviting the divine presence. When you meditate, you are not just calming your mind; you are fundamentally changing your frequency. As you purify your own system, you will find that your relationships become more harmonious, you attract more positive circumstances, and you begin to consciously co-create a higher destiny for yourself and for those around you.",0af7f2db-04d6-53c1-856c-a157bad19de6,https://ziifsmeagbyyjsnmxwns.supabase.co/storage/v1/object/public/content/journeys/audio/Designing_destiny_focus2.mp3,https://ziifsmeagbyyjsnmxwns.supabase.co/storage/v1/object/public/content/summaries/cover-pages/Designing%20Destiny.webp,58e91f4b-a572-522d-909b-ccc65ddb9d49,a89572b1-8211-4b6e-8e28-8f82750ae313,1,08:23,2025-09-26 18:18:41.27276+00
2025-09-22 13:23:15.83046+00,Checkpoint 2,"These last few insights all circle around a liberating truth: the Divine is never out of reach, and neither are you. First, Krishna dismantles the idea that spirituality is for the flawless. Everyone is worthy. Your past doesn’t disqualify you; what matters is the sincerity of your turn toward love. A single genuine shift is more powerful than years of spotless appearances. But often, it’s not our past that holds us back—it’s our present hesitation. That’s why Krishna warns: doubt keeps you stuck, trust frees you. Ego dresses itself up as clever skepticism, but in reality, it paralyzes us. Real trust isn’t blind; it’s the willingness to move forward, to let life and practice prove the path true. From there, the Gita opens our eyes to a larger vision: divinity lives in every being. Not just in sages or saints, but in animals, plants, even those we resist or dislike. The heart is the true temple, and consciousness is where the sacred sits. To see this is to live with reverence, not judgment. Finally, Krishna broadens the view further: all splendor is a spark of the Supreme. Every act of genius, beauty, or excellence is borrowed light. When we see success this way, arrogance dissolves into gratitude, and competition turns into celebration. Another’s brilliance isn’t a threat—it’s another facet of the same infinite radiance. Together, these insights teach us something profound: the path is never about exclusion, hesitation, or rivalry. It’s about remembering that the same source shines through every heart, every act, every triumph. And once you see that, reverence becomes the only natural response.",84708ced-7e2f-5ad5-8ab4-abbd738d5a3e,https://ziifsmeagbyyjsnmxwns.supabase.co/storage/v1/object/public/content/journeys/audio/practical_gita/b0487f9a-0ead-4b4b-9391-b9a7bbcb1b29.mp3?,https://ziifsmeagbyyjsnmxwns.supabase.co/storage/v1/object/public/content/journeys/covers/Practical_Gita_free_yourself_v3.webp,defc4266-1eef-4756-b61c-01836d89b08b,b0487f9a-0ead-4b4b-9391-b9a7bbcb1b29,13,02:34,2025-09-26 18:18:41.27276+00
2025-09-22 13:23:14.884621+00,Key Insight 1: See the Self in All and All in the Self,"“He who sees all beings in the Self and the Self in all beings is the greatest yogi.” — Bhagavad Gita 6.29 Krishna offers a definition of yoga that goes far beyond poses or breathwork. The greatest yogi, he says, isn’t the one who sits longest in meditation—it’s the one who looks at every being and recognizes themselves. This is a radical shift in perception. Most of us live from separation—me versus you, mine versus yours, friend versus enemy. That separation fuels comparison, envy, violence, and fear. But Krishna’s vision dissolves these lines. When you truly see the Self in all beings, and all beings in the Self, compassion isn’t a choice anymore—it’s instinct. Every life becomes sacred because you recognize it as an extension of your own. Neuroscience has discovered mirror neurons—brain cells that fire not only when you act, but when you witness someone else act. Your brain literally mirrors another’s experience, wiring you for empathy. Psychology calls it the “expanding circle” of moral concern, as described by philosopher Peter Singer: human progress is the widening of who we consider “us.” The Gita simply got there first—reminding us that the ultimate expansion is to include all beings in that circle. History offers examples of people who embodied this vision. Saint Francis of Assisi called the sun his brother, the moon his sister, and treated even animals with reverence. Gandhi insisted on nonviolence because harming another was, in essence, harming oneself. Martin Luther King Jr. echoed it in his “inescapable network of mutuality”—that we are caught in a single garment of destiny. Krishna’s teaching here is both mystical and practical. Mystical because it points to the one Self shimmering in countless forms. Practical because it reshapes how we live: when you see yourself in others, cruelty feels impossible, arrogance looks absurd, and compassion becomes the only sane response. The heart of this verse is simple but life-changing: yoga is not about escape—it is about union. The truest yogi is the one who widens their heart until it holds the whole world. ##",84708ced-7e2f-5ad5-8ab4-abbd738d5a3e,https://ziifsmeagbyyjsnmxwns.supabase.co/storage/v1/object/public/content/journeys/audio/practical_gita/b1f1a34f-074a-45e9-98b7-9b5312286f22.mp3?,https://ziifsmeagbyyjsnmxwns.supabase.co/storage/v1/object/public/content/journeys/covers/Practical_Gita_free_yourself_v3.webp,defc4266-1eef-4756-b61c-01836d89b08b,b1f1a34f-074a-45e9-98b7-9b5312286f22,1,03:10,2025-09-26 18:18:41.27276+00
2025-09-22 13:23:07.760677+00,Key Insight 10: Undue Attachment Leads To Destruction,"“While contemplating objects of the senses, one develops attachment; from attachment arises desire; from desire, anger; from anger, delusion; from delusion, loss of memory; from loss of memory, destruction of discrimination; from destruction of discrimination, one is lost.” — Bhagavad Gita 2.62–2.63. The Gita doesn’t just warn against attachment—it maps out a chain reaction. Fixate on something, grow attached, then crave it. When blocked, anger surges. Anger clouds judgment, memory falters, and clarity collapses. In short: attachment, left unchecked, leads to self-destruction. Arjuna faces this firsthand. His attachment to family and teachers clouds his vision of duty. Instead of seeing the larger context, he sees only his people and freezes. What could have been clarity turns into paralysis. History offers a corporate mirror. Kodak engineers built the world’s first digital camera in 1975. But leadership’s attachment to film—its profits, its legacy, its identity—made them downplay the new technology. They doubled down on what they knew, blinded to what was coming. Decades later, digital photography swept the market, and in 2012 Kodak filed for bankruptcy. Their attachment, not the invention itself, destroyed them. Psychology describes the same trap. The endowment effect makes us overvalue what’s “ours.” The sunk cost fallacy keeps us tied to failing paths because of what we’ve already invested. And when identity fuses with possessions or roles, evidence that threatens them feels like an attack, so we defend the attachment even harder. What starts as loyalty becomes self-sabotage. Neuroscience helps explain why. Emotional attachment activates the brain’s amygdala, which can overwhelm the prefrontal cortex—our seat of reasoning and perspective. Under that influence, even intelligent people make short-sighted, defensive choices. The Gita’s point is not that caring is bad. It’s that attachment warps clarity. Detachment doesn’t mean coldness; it means freedom to act by principle rather than fear of loss. Leaders, parents, creators—anyone—can love deeply and still choose wisely when not enslaved by clinging. The warning is clear: when we grip too tightly, the very thing we’re trying to protect may become the cause of our downfall. Real wisdom is not in denying attachment but in holding it lightly, so judgment stays intact and action stays aligned.",efb8e124-09dc-5335-9641-c6112754ae8c,https://ziifsmeagbyyjsnmxwns.supabase.co/storage/v1/object/public/content/journeys/audio/practical_gita/b54645b7-07bd-49c8-81bf-b4b6ea5cad2c.mp3?,https://ziifsmeagbyyjsnmxwns.supabase.co/storage/v1/object/public/content/journeys/covers/Practical_Gita_Know_yourself_v2.webp,defc4266-1eef-4756-b61c-01836d89b08b,b54645b7-07bd-49c8-81bf-b4b6ea5cad2c,11,03:54,2025-09-26 18:18:41.27276+00
2025-09-22 13:23:08.939115+00,Key Insight 21: Divinity Manifests In Every Being,"“I am the Self seated in the hearts of all beings.” — Bhagavad Gita 10.20 Chapter 10 of the Gita, Vibhuti Yoga (“The Yoga of Divine Glories”), is Krishna’s sweeping vision of the Divine present everywhere—in mountains and rivers, in leaders and sages, in the smallest creatures and grandest forces. Verse 10.20 delivers the heart of it: the Divine isn’t remote or reserved for a chosen few. “I am the Self seated in the hearts of all beings.” That means: every being—human, animal, plant, even what we consider flawed or fallen—is infused with the same essence. Consciousness itself is the temple; the heart is where divinity dwells. Every living system, from bacteria to whales, pulses with conscious responsiveness to the environment. While not all levels of awareness are equal, the basic capacity to sense, adapt, and persist ties life together. Modern biologists like Lynn Margulis went further: life is not a collection of disconnected individuals, but a web of inter-being, each cell and species carrying the story of the cosmos. The Gita’s language of “the Self seated in all” reads like a spiritual rendering of that unity. In an age of division—by nation, race, religion, politics—the Gita’s teaching cuts through: no surface identity erases the deeper fact. The light is the same. Recognizing this is not sentimental—it’s a shift in perception. It reframes how we meet a stranger, a rival, or even ourselves on a bad day. Instead of only seeing roles, mistakes, or masks, we learn to glimpse the radiance behind them. And when you see that light in yourself, insecurity softens. You are not merely your resume, your body, or your flaws. You are a carrier of the same sacred flame that animates everything. To live from that recognition is to walk with quiet dignity—life becomes less about proving worth and more about expressing it. To dishonor another is to dishonor the spark that lives in you too.",efb8e124-09dc-5335-9641-c6112754ae8c,https://ziifsmeagbyyjsnmxwns.supabase.co/storage/v1/object/public/content/journeys/audio/practical_gita/b5530e23-d86f-45a7-b5de-a7b5400a6637.mp3?,https://ziifsmeagbyyjsnmxwns.supabase.co/storage/v1/object/public/content/journeys/covers/Practical_Gita_Know_yourself_v2.webp,defc4266-1eef-4756-b61c-01836d89b08b,b5530e23-d86f-45a7-b5de-a7b5400a6637,25,02:54,2025-09-26 18:18:41.27276+00
2025-09-22 13:23:10.927145+00,Key Insight 20: Master the Mind through One‑Pointed Focus,"Krishna tells Arjuna that real strength lies not just in physical discipline, but in mental mastery. The restless mind, scattered across countless desires, can enslave us. But a mind trained to focus on one point becomes a tool of liberation. Yoga here is not just posture—it’s practice. Sitting in stillness, drawing in the senses, anchoring thought: this is how the mind purifies itself. The act of focusing isn’t escape—it’s alignment, a way of reclaiming mastery over the inner chaos. When the mind steadies, the Self shines. In Deep Work, Cal Newport argues that one-pointed concentration is the most valuable skill in today’s distracted economy. What Krishna calls yoga, Newport calls the ability to do deep, undistracted work—the skill that separates mastery from mediocrity. The yogi is not someone who escapes the world, but someone who learns to master the mind—and then returns to the world stronger, calmer, freer.",f9f9ddfc-0a5e-5f74-baf7-818873537e44,https://ziifsmeagbyyjsnmxwns.supabase.co/storage/v1/object/public/content/journeys/audio/practical_gita/b5cf4e34-deeb-4ad2-8978-1d7f893d1597.mp3?,https://ziifsmeagbyyjsnmxwns.supabase.co/storage/v1/object/public/content/journeys/covers/Practical_Gita_grow_yourself_v2.webp,defc4266-1eef-4756-b61c-01836d89b08b,b5cf4e34-deeb-4ad2-8978-1d7f893d1597,23,01:32,2025-09-26 18:18:41.27276+00
2025-09-23 20:23:33.788123+00,Introduction,"Hello, and welcome. I’m Ananth, and I’ll be your guide on this journey from anger to love.Let's be honest—anger can feel like hijacking. One moment you're in control, and the next, you're saying or doing things you later regret, driven by a force that feels unstoppable. This cycle of outburst and remorse can leave you feeling exhausted and disconnected from the people you care about most. But what if that powerful emotion wasn't an enemy to be defeated, but a messenger to be understood?This journey is designed to help you do exactly that. We won’t just put a lid on your anger; we will transform its very roots. Together, we will move through three distinct phases. First, we’ll become detectives, decoding the hidden patterns and triggers behind your anger. Then, we’ll turn those triggers into powerful opportunities for healing, learning to respond with intention instead of instinct. Finally, you’ll discover how to actively cultivate love and compassion, making them your new default.This path isn’t about becoming someone you’re not. It’s about uncovering the calm, connected person you already are. Let's begin.",71043452-7b12-4493-96c8-2037439bdb41,https://ziifsmeagbyyjsnmxwns.supabase.co/storage/v1/object/public/content/journeys/audio/journey_4577782e3d_8847c0855237bd3a17da_0.mp3?,https://ziifsmeagbyyjsnmxwns.supabase.co/storage/v1/object/public/content/journeys/covers/12084100_4914815%20(1).jpg,0610db47-e2f8-43c9-8f47-fd23c8f18ba2,b5cfa2ae-913c-4be4-a9d9-bdbce67070ed,0,01:29,2025-09-26 18:18:41.27276+00
2025-09-22 13:23:14.30531+00,Key Insight 55: Tat – Act Without Attachment to Results,"If Om aligns us with the Divine intention, Tat takes us one step deeper—it purifies the motive behind action. Krishna explains that Tat means “that”—pointing beyond the ego, beyond “me” and “mine.” To act in the spirit of Tat is to dedicate your work to that which transcends you. This teaching strikes at the root of anxiety. Most of our stress around action comes not from the work itself but from what we pin to it: Will I succeed? Will I be recognized? What if I fail? The Gita calls these attachments the subtle chains of karma—every desire for reward tying you tighter to the outcome. But when you act in the spirit of Tat, the chains loosen. Work stops being a gamble for gain and becomes a sacred offering. The outcome still matters—you show up fully, with skill and focus—but you’re no longer crushed by success or failure. The action itself becomes freedom. This is the very essence of karma yoga. As Gandhi once said, “Satisfaction lies in the effort, not in the attainment. Full effort is full victory.” History is full of people who embodied Tat. Artists like Vincent van Gogh painted with ferocity even though recognition never came in his lifetime. Their work was an offering, not a transaction. When you shift from “for me” to “for That,” action stops binding you—it liberates you. You still build, create, strive, and serve, but without the restless burden of ownership. What you do becomes lighter, cleaner, freer. In living Tat, you discover that true reward was never in the outcome anyway—it was in the purity of the act itself.",f9f9ddfc-0a5e-5f74-baf7-818873537e44,https://ziifsmeagbyyjsnmxwns.supabase.co/storage/v1/object/public/content/journeys/audio/practical_gita/b5e6273a-e30d-40f5-b1a9-126c1520984f.mp3?,https://ziifsmeagbyyjsnmxwns.supabase.co/storage/v1/object/public/content/journeys/covers/Practical_Gita_grow_yourself_v2.webp,defc4266-1eef-4756-b61c-01836d89b08b,b5e6273a-e30d-40f5-b1a9-126c1520984f,65,02:34,2025-09-26 18:18:41.27276+00
2025-09-24 10:22:32.303503+00,Introduction,"When we hear “Bhagavad Gita,” we usually think of God. A spiritual scripture. But at its heart, the Gita is much more than what we generally perceive it to be. What it really is, is a guide. A guide for ALL aspects of our lives.
It begins with Arjuna, a great warrior, who was about to fight the most decisive battle of his life—but instead of inspiring his men, he did something rather peculiar. When he saw the faces of his friends and family on both sides of the battlefield, he dropped his bow, and collapsed in his chariot.

Suddenly, his duty felt impossible.

That’s when Lord Krishna intervenes and explains the nature of reality to Arjuna. The transmission of knowledge that follows is what became the Bhagavad Gita.
So can a centuries-old book help you thrive in a world of AI, endless to-dos, and constant uncertainty?
Science says: yes.
The “Growth mindset”—Stanford psychologist Carol Dweck’s now-famous idea—shows that focusing on your actions, not just the results, is the key to real progress.
The Gita said it first:
“You have the right to your actions, but never to their outcomes.”
Or take Carl Jung’s concept of “individuation”—the lifelong journey to unite your conscious and unconscious self. 
It’s the same path of self-realization the Gita lays out!
As you journey through the book, we will break down each insight with examples, real-world scenarios, and surprising links to the latest in science, psychology, and philosophy.
And when we cross a certain group of insights that are important or particularly confusing, we will chime in with a recap to summarise. Consider these as checkpoints in your journey!
Read in order, or skip to the insight that speaks to you most. Life isn’t always linear.
Ready? Let’s begin!
",c5c34816-3570-53cb-bc0b-8d5cc8ebcf9d,https://ziifsmeagbyyjsnmxwns.supabase.co/storage/v1/object/public/content/journeys/audio/Practical_Gita_intro.mp3,https://ziifsmeagbyyjsnmxwns.supabase.co/storage/v1/object/public/content/journeys/covers/Practical_Gita.webp,defc4266-1eef-4756-b61c-01836d89b08b,b8c04b2d-4a4d-44d8-907b-ff53044e55d2,1,02:36,2025-09-26 18:18:41.27276+00
2025-09-22 13:23:10.600594+00,"Key Insight 17: The Self‑Controlled, Serene One Lives Happily","“Knowing Me, the Enjoyer of sacrificial austerities, Mighty Lord of all the world and Friend of all creatures, he gains peace.” — Bhagavad Gita 5.29 For some, the verse points directly to God: Krishna as the Divine who enters life not as tyrant but as ally, closer than breath, rooting for your freedom. For others, the “Divine” can be understood as the Higher Self—the deeper center of awareness that is calm, wise, and compassionate. You touch it in moments of clarity, when the noise of ego falls away. Surrender here means learning to trust that inner ally instead of being whipped around by fear and craving. Both readings converge on the same truth: peace arrives when you stop clinging to the ego’s illusion of total control and open to something larger, steadier, wiser. Krishna asks Arjuna to radically shift how he relates to the Divine. Not as a judge to be feared or a distant deity to be appeased, but as a friend and ally—the inner presence that walks with you through every act and every trial. Krishna reframes surrender as strength: when you trust the Divine—or your Higher Self—as your friend, you discover you’re not walking alone.",f9f9ddfc-0a5e-5f74-baf7-818873537e44,https://ziifsmeagbyyjsnmxwns.supabase.co/storage/v1/object/public/content/journeys/audio/practical_gita/b918a109-7051-42ce-bd91-e625d0679fd5.mp3?,https://ziifsmeagbyyjsnmxwns.supabase.co/storage/v1/object/public/content/journeys/covers/Practical_Gita_grow_yourself_v2.webp,defc4266-1eef-4756-b61c-01836d89b08b,b918a109-7051-42ce-bd91-e625d0679fd5,19,01:34,2025-09-26 18:18:41.27276+00
2025-09-22 13:23:13.68746+00,Key Insight 49: Faith Is Shaped by One’s Nature,"Krishna doesn’t treat faith as a random choice, nor as blind belief. He calls it śraddhā—the soul’s inner conviction, the quiet current that guides every choice you make. And he says something profound: your faith isn’t plucked from the air—it grows out of your swabhava, your nature. Look closely and you’ll see this everywhere. The food you crave, the leaders you follow, the ideals you hold—they all mirror your inner tendencies. A person dominated by sattva seeks clarity, purity, and harmony. One steeped in rajas leans toward ambition, achievement, and control. One caught in tamas drifts toward dullness, escapism, or ignorance. Faith, then, is not a universal constant—it’s tinted by the qualities you cultivate. Modern psychology echoes this in the study of confirmation bias: we don’t just choose beliefs; our beliefs choose us, shaped by our temperament, habits, and environment. Neuroscience adds that repeated patterns of thought strengthen corresponding neural circuits, meaning the more we act from a certain “nature,” the more our faith bends in that direction. In plain terms: live tamasically, and your faith becomes tamasic. Live sattvically, and your faith sharpens toward wisdom. Krishna’s insight is liberating because it shows faith is not fixed—it can be refined. Just as a diet or routine shapes the body, your daily choices shape the faith you carry in your heart. And faith, in turn, sets the trajectory of your life. So the question isn’t Do I have faith?—everyone does. The question is: what kind of faith am I nurturing? One that keeps me restless and anxious? One that drags me into lethargy and avoidance? Or one that opens me to clarity, joy, and deeper purpose? If you want to transform your life, begin by refining your faith. Plant it in sattva, water it with discipline, and let it grow into conviction that uplifts not only you, but everyone your life touches.",f9f9ddfc-0a5e-5f74-baf7-818873537e44,https://ziifsmeagbyyjsnmxwns.supabase.co/storage/v1/object/public/content/journeys/audio/practical_gita/b95b6f4a-3e97-4f9c-b340-bff6a012a87b.mp3?,https://ziifsmeagbyyjsnmxwns.supabase.co/storage/v1/object/public/content/journeys/covers/Practical_Gita_grow_yourself_v2.webp,defc4266-1eef-4756-b61c-01836d89b08b,b95b6f4a-3e97-4f9c-b340-bff6a012a87b,58,02:57,2025-09-26 18:18:41.27276+00
2025-09-12 14:04:57.11511+00,"Atomic Habits (1, 2, 3)","CHAPTER 1: The Surprising Power of Atomic Habits

Imagine an airplane taking off from Los Angeles headed for New York City. If the pilot adjusts the heading by just 3.5 degrees south, the plane will land in Washington, D.C. Such a small change is barely noticeable at takeoff, but it results in a completely different destination. This is the power of atomic habits.

We often convince ourselves that massive success requires massive action. We want to make a quantum leap. But improving by just **1% every day** is the secret sauce. Here's the math: if you get 1% better each day for one year, you'll end up thirty-seven times better. Conversely, a 1% decline each day leaves you near zero. Your habits are the **compound interest of self-improvement**.

The problem is that we dismiss small changes because we don't see immediate results. You go to the gym for three days straight but you're still out of shape. This initial ""Valley of Disappointment"" is where most people give up. But the most powerful outcomes of any compounding process are delayed. To make a meaningful difference, habits need to persist long enough to break through the **Plateau of Latent Potential**. It's like an ice cube melting. Nothing happens as you raise the temperature from 25 to 31 degrees. But at 32 degrees, a huge change is unlocked. Your hard work wasn't wasted; it was just being stored.

This is why you should **forget about goals and focus on systems instead**. Goals are about the results you want to achieve; systems are about the processes that lead to those results. If you're a coach, your goal is to win a championship. Your system is how you recruit, practice, and manage. Winners and losers often have the same goals. The difference is their system. Achieving a goal is a momentary change; a system of continuous improvement is what leads to long-term progress.

CHAPTER 2: Your Habits Shape Your Identity (and Vice Versa)

Why is it so hard to stick with good habits? It's because we often try to change the wrong thing. Behavior change occurs on three levels: **outcomes** (what you get), **processes** (what you do), and **identity** (what you believe).

Most people start with outcome-based habits: ""I want to lose weight."" The more effective approach is to start with **identity-based habits**: ""I want to become the type of person who is healthy.""

Imagine two people trying to quit smoking. When offered a cigarette, the first person says, ""No thanks, I'm trying to quit."" This person still sees themselves as a smoker. The second person says, ""No thanks, I'm not a smoker."" This signals a shift in identity. True behavior change is identity change.

Your identity emerges from your habits. Every action you take is a vote for the type of person you wish to become.

* When you make your bed, you embody the identity of an organized person.  
* When you go to the gym, you embody the identity of an athletic person.

The goal is not to run a marathon; the goal is to *become a runner*. The more pride you have in a particular aspect of your identity, the more motivated you will be to maintain the habits associated with it. The most practical way to change who you are is to change what you do. Start by deciding the type of person you want to be, then prove it to yourself with small wins.

CHAPTER 3: The 4 Simple Steps to Building Better Habits

All habits, good or bad, follow the same four-step neurological loop. Understanding this framework is the key to designing good habits and eliminating bad ones.

The process begins with a **Cue**, a trigger that tells your brain to initiate a behavior because it predicts a reward. This leads to a **Craving**, the motivational force behind the habit. You don't crave the habit itself, but the change in state it delivers. The third step is the **Response**, which is the actual habit you perform. Finally, the Response delivers a **Reward**, which satisfies the craving and teaches your brain that the loop is worth remembering for the future.

This loop can be broken down into a simple framework called the **Four Laws of Behavior Change**:

1. **The 1st Law (Cue): Make It Obvious.**  
2. **The 2nd Law (Craving): Make It Attractive.**  
3. **The 3rd Law (Response): Make It Easy.**  
4. **The 4th Law (Reward): Make It Satisfying.**

To break a bad habit, we simply invert these laws: Make it invisible, unattractive, difficult, and unsatisfying. These four laws are the levers you can pull to reprogram your behavior.",847067e7-e5a5-4026-8027-9b318812af02,https://ziifsmeagbyyjsnmxwns.supabase.co/storage/v1/object/public/content/journeys/audio/atomic_habits1.mp3,https://ziifsmeagbyyjsnmxwns.supabase.co/storage/v1/object/public/content/summaries/cover-pages/Atomic%20Habits.webp,ed364aba-85e7-44fd-801d-499307199b5f,b9cdb9c8-d943-42d8-9541-dd021de92473,2,05:59,2025-09-26 18:18:41.27276+00
2025-09-25 16:48:33.70794+00,Introduction,"Does your mind feel like a browser with too many tabs open? Are you constantly pulled in a dozen directions, your energy draining away before the day is even half over? This feeling of being scattered isn't a personal failing; it's the default state in a world designed to steal our attention. But it doesn't have to be your reality.Welcome to a journey from Distraction to Focus. This isn't about productivity hacks or willpower. It's about fundamentally redesigning your inner world so that focus becomes your natural state of being.Together, we will walk a clear path. First, we will confront the inner chaos and name the enemies that steal your peace. Then, we will forge a centered mind by learning simple, profound practices to build your mental and spiritual core. Finally, you will learn to radiate that focus effortlessly, transforming not just your work, but how you show up in every area of your life.This journey is your path back to clarity. Let's begin the powerful work of reclaiming your attention and, with it, your destiny.",d4342060-4f6d-51e6-bb5c-fff65947dc60,https://ziifsmeagbyyjsnmxwns.supabase.co/storage/v1/object/public/content/journeys/audio/58e91f4b-a572-522d-909b-ccc65ddb9d49_d4342060-4f6d-51e6-bb5c-fff65947dc60_0.mp3?,https://ziifsmeagbyyjsnmxwns.supabase.co/storage/v1/object/public/content/journeys/covers/12084100_4914815%20(1).jpg,58e91f4b-a572-522d-909b-ccc65ddb9d49,bacbef82-94ce-42ff-9cba-74a48b3f085d,0,01:13,2025-09-26 18:18:41.27276+00
2025-09-22 13:23:08.430523+00,"Key Insight 16: Live in the World, but Stay Rooted in the Divine","In most myths, the world tree grows up from the earth into the sky. In the Gita, the cosmic Ashvattha tree has its roots above (in the Divine) and its branches below (the world we live in). It’s a striking metaphor. What looks like the whole of reality—the sprawling branches of activities, desires, relationships—is only the visible half. The source of nourishment, the roots, are hidden, anchored in something transcendent. Forget the roots, and the branches weaken no matter how lush they appear. Krishna’s point is simple: don’t mistake appearances for origin. The world of roles, possessions, and cravings can seem self-sufficient, but its strength comes from something deeper. Like a lotus rising unsullied from muddy water, you can live amid the swirl of activity while remaining inwardly anchored. To be “rooted in the Divine” is to align with truth, values, and a steady inner compass, rather than being blown around by every gust of circumstance. Psychology describes this as the difference between extrinsic and intrinsic orientation. Research by Edward Deci and Richard Ryan shows that when people anchor their lives in extrinsic goals (status, approval, wealth), satisfaction is fragile and burnout rises. But those who orient toward intrinsic values—growth, connection, service—show greater well-being and resilience. Like the tree, strength flows from roots not visible in the day-to-day scramble. Neuroscience adds one more angle: practices that “root” attention—like mindfulness and prayer—literally change the brain. Long-term meditators show strengthened prefrontal control and reduced amygdala reactivity, markers of emotional stability. In other words, rooting awareness in steady practices buffers the mind from being yanked around by cravings and anxieties. Leadership research agrees. Studies on values-based leadership show that leaders who consistently act from clearly articulated values foster trust and long-term success, even in turbulent industries. The branches (strategies, quarterly tactics) change; the roots (principles) remain. Our culture is branch-obsessed: new goals, new roles, new platforms. The Gita’s inverted tree reframes success: grow branches, yes—but remember what feeds them. Roots above, branches below. That’s how you can be fully engaged in the world—building, leading, loving—without being consumed by it.",efb8e124-09dc-5335-9641-c6112754ae8c,https://ziifsmeagbyyjsnmxwns.supabase.co/storage/v1/object/public/content/journeys/audio/practical_gita/bc31c08b-249e-4f6f-a8c4-5f5f930b11c0.mp3?,https://ziifsmeagbyyjsnmxwns.supabase.co/storage/v1/object/public/content/journeys/covers/Practical_Gita_Know_yourself_v2.webp,defc4266-1eef-4756-b61c-01836d89b08b,bc31c08b-249e-4f6f-a8c4-5f5f930b11c0,19,03:58,2025-09-26 18:18:41.27276+00
2025-09-22 13:23:13.02812+00,Key Insight 43: Endless Desire Breeds Endless Anxiety,"“The disturbed and negative mind is entangled in endless anxieties from desires.” — Bhagavad Gita Desire is never content to arrive alone. It brings its cousins—worry, restlessness, and fear. Krishna describes the disturbed mind as one cluttered with wants, perpetually entangled in anxieties. The more we want, the more fragile our peace becomes, because every desire comes with a condition: I’ll be happy when… Modern life gives this teaching a perfect stage. We live in an economy of desire—ads promising fulfillment, endless scrolls feeding comparison, upgrades packaged as salvation. It feels like the next purchase, the next promotion, the next relationship will finally settle the heart. But as soon as one desire is met, another rises. Peace keeps moving one step ahead, always out of reach. This doesn’t mean suppressing every want. It means loosening the grip. Desire can guide action, but when it becomes master, it turns life into a storm of anxieties. The invitation is to reclaim your center—to enjoy without clinging, to pursue without being consumed. Krishna’s wisdom is timeless: the more you clutter the heart with “must-haves,” the less space there is for joy. Real freedom begins when you stop outsourcing peace to the next achievement and discover it in the present moment.",f9f9ddfc-0a5e-5f74-baf7-818873537e44,https://ziifsmeagbyyjsnmxwns.supabase.co/storage/v1/object/public/content/journeys/audio/practical_gita/be221be1-a808-488c-8c68-0be16ffc7441.mp3?,https://ziifsmeagbyyjsnmxwns.supabase.co/storage/v1/object/public/content/journeys/covers/Practical_Gita_grow_yourself_v2.webp,defc4266-1eef-4756-b61c-01836d89b08b,be221be1-a808-488c-8c68-0be16ffc7441,50,01:53,2025-09-26 18:18:41.27276+00
2025-09-22 13:23:15.193094+00,"Key Insight 5: The Right Path Leads to Liberation, the wrong path to Rebirth","“There are two paths: one of light, one of darkness. One leads to liberation, the other to return.” At first glance, this verse sounds like it’s talking about the afterlife: a bright road upward or a shadowy descent back to earth. But Krishna’s genius lies in making cosmic truths relevant here and now. These two “paths” aren’t only about what happens after death—they describe the choices shaping every moment of life. The path of light (uttarāyaṇa) is when your inner compass is steady—aligned with clarity, compassion, and truth. It’s when your energy flows toward growth rather than distraction. The path of darkness (dakṣiṇāyana) is when impulse, fear, and unconscious habits drive your decisions. Instead of steering your life, you’re carried away by whatever noise is loudest. Think of it like neuropsychology’s two modes: System 2 (slow, conscious, deliberate) versus System 1 (automatic, reactive), as Daniel Kahneman explains in Thinking, Fast and Slow. The “path of light” is the disciplined mind—pausing, reflecting, acting with purpose. The “path of darkness” is the untrained mind—reacting, craving, scrolling, snapping, regretting. History gives us vivid illustrations. When Socrates was sentenced to death, he calmly chose the path of light—meeting it with acceptance, integrity, and philosophical clarity. He shaped not just his own destiny, but Western thought for centuries. In contrast, we see figures undone by unchecked impulses—leaders who had power but chose ambition and greed, only to spiral back into turmoil and obscurity. Krishna’s teaching reminds us that destiny is shaped in the daily, ordinary moments. Every time you respond with patience instead of anger, you’re walking the path of light. Every time you lose yourself in envy or distraction, you’re slipping into the shadows. Death, then, is not a sudden exam—it’s simply the continuation of whichever road you’ve been paving all along. So the real question isn’t what path will I take when I die? but what path am I taking right now?",84708ced-7e2f-5ad5-8ab4-abbd738d5a3e,https://ziifsmeagbyyjsnmxwns.supabase.co/storage/v1/object/public/content/journeys/audio/practical_gita/bf7efbd4-887d-423d-bc27-6b7b6013f368.mp3?,https://ziifsmeagbyyjsnmxwns.supabase.co/storage/v1/object/public/content/journeys/covers/Practical_Gita_free_yourself_v3.webp,defc4266-1eef-4756-b61c-01836d89b08b,bf7efbd4-887d-423d-bc27-6b7b6013f368,5,03:00,2025-09-26 18:18:41.27276+00
2025-09-25 16:48:34.29239+00,Spiritual Anatomy,"Key Idea 2 of 6: Your inner growth begins with practice—and thrives on attitude.How do you begin a journey so profound? Daaji provides a simple yet powerful set of tools designed for modern life, known as the Heartfulness practices. These aren't rigid rituals but gentle techniques to align you with your inner nature. The journey begins with Relaxation, a guided process to release physical tension and empty the energetic ""dumpsters"" in your body, preparing you for deeper work.The cornerstone is the morning Meditation. You simply sit comfortably, turn your attention inward, and suppose that a source of divine light is already present within your heart, drawing you in. This heart-centered approach bypasses the noisy chatter of the mind, allowing you to connect directly with your core. The second pillar is the evening Cleaning. This is your daily spiritual detox. You visualize all the emotional complexities and impurities gathered during the day—stress, irritation, negativity—leaving your system from your back in the form of smoke. This practice prevents the buildup of emotional baggage, leaving you feeling light and rejuvenated. Finally, the nighttime Prayer is a moment of connection and surrender, setting a peaceful tone for sleep and reinforcing your intention for growth.However, these practices are only 5% of the equation. The other 95% is the secret ingredient: your attitude. Daaji highlights three ""mother tincture"" attitudes that accelerate your progress. First is a Sense of Urgency, a positive restlessness that keeps your focus on the goal. Second is Humility, the self-awareness of your smallness before a greater ideal, which attracts grace. And third is Liveliness, a cheerful, pliable spirit that throws away the deadwood of sadness and keeps your heart open and flowing. By combining these simple practices with a conscious cultivation of attitude, you create the perfect conditions for your inner world to blossom.#### Key Idea 3: You Can Outgrow Your ConditioningHave you ever seen a mighty circus elephant tied by a thin rope to a small plastic chair? As a baby, that elephant was tied to a tree with a strong rope it couldn't break. Over time, it became conditioned to believe it was powerless, and now, even with all its strength, the memory of the rope is enough to hold it captive. We are all like that elephant, bound by invisible chains from our past. In yogic philosophy, these chains are called samskaras.Samskaras are deep emotional impressions formed from past experiences, especially those charged with strong likes and dislikes. When you resist an experience you dislike (""How could they do that to me?"") or become attached to one you like (""I can't live without them\!""), the flow of your consciousness gets blocked. These blocks create samskaras, which then carve out habitual patterns of emotional response. They are the reason you automatically feel fear around dogs after being bitten as a child, or why a certain song can instantly trigger feelings of heartbreak years later. These conditioned responses hijack your awareness and prevent your chakras from functioning freely, turning them from spinning wheels of energy into tight, suffocated knots.The practice of evening Cleaning is your primary tool for dissolving these samskaras. It works without you needing to relive past traumas; you simply hold the intention to release all impurities, and the process works on a subtle level to unburden your system. For moments of acute stress during the day—after an argument or receiving bad news—you can perform an ""emergency cleaning"" for just a few minutes to prevent new, heavy samskaras from forming. By consistently cleaning these blocks, you are cutting the ropes that tie you to the plastic chair. You free your consciousness to flow, allowing your chakras to finally open and your true, powerful self to emerge.",ddcb31ab-b544-51f7-999e-d4f230095371,https://ziifsmeagbyyjsnmxwns.supabase.co/storage/v1/object/public/content/journeys/audio/Spiritual_Anatomy_Focus.mp3,https://ziifsmeagbyyjsnmxwns.supabase.co/storage/v1/object/public/content/summaries/cover-pages/Spiritual%20Anatomy.webp,58e91f4b-a572-522d-909b-ccc65ddb9d49,bfc30426-51c6-4ace-bbae-e1f8f5bf6933,1,05:06,2025-09-26 18:18:41.27276+00
2025-09-22 13:23:13.790675+00,Key Insight 50: Food Reflects and Reinforces the Gunas,"Krishna invites us to look at food not only as calories or taste, but as energy. Every meal carries a subtle vibration that feeds not just the body but the mind. And, just as the three gunas—sattva, rajas, and tamas—color our moods and actions, they also color our food. Sattvic food is light, fresh, nourishing, and balanced. Think of fruits, vegetables, grains, nuts, and milk prepared with care and eaten in moderation. It uplifts both body and mind, leaving behind clarity and calm. Sattvic food supports concentration, serenity, and devotion. Rajasic food excites and agitates. Spicy, oily, overly salty or stimulating foods fuel restlessness and desire. They may energize in the short term, but they push the mind toward craving, competition, and constant activity. Tamasic food dulls and depresses. Stale, over-processed, heavy, or lifeless meals weigh down the body and fog the mind. Too much of it leads to lethargy, avoidance, and a loss of vitality. Krishna’s wisdom is simple but piercing: the food you crave reveals your state, and the food you choose reinforces it. A restless mind leans toward rajasic foods, and those foods then stir up more restlessness. A lethargic mood seeks tamasic comfort, and the heaviness only deepens. The cycle feeds itself—until you choose differently. Modern science affirms this. Research on the gut-brain axis shows that diet directly influences mood, cognition, and even resilience to stress. Highly processed foods are linked to fatigue and depression, while whole, nutrient-rich foods improve clarity, focus, and emotional balance. What Krishna framed as gunas, neuroscience now traces in neurotransmitters. The lesson is not about rigid rules but awareness. Food is a mirror of the mind, and also a tool to reshape it. When you eat with mindfulness—choosing freshness over excess, balance over extremes—you’re not just feeding your body; you’re aligning your inner state. In the Gita’s view, food is more than fuel—it’s practice. Every meal is a chance to tune yourself toward clarity, vitality, and harmony.",f9f9ddfc-0a5e-5f74-baf7-818873537e44,https://ziifsmeagbyyjsnmxwns.supabase.co/storage/v1/object/public/content/journeys/audio/practical_gita/c1d03c8a-02af-466f-b4be-796790c7c46d.mp3?,https://ziifsmeagbyyjsnmxwns.supabase.co/storage/v1/object/public/content/journeys/covers/Practical_Gita_grow_yourself_v2.webp,defc4266-1eef-4756-b61c-01836d89b08b,c1d03c8a-02af-466f-b4be-796790c7c46d,59,03:06,2025-09-26 18:18:41.27276+00
2025-09-22 13:23:11.861342+00,Checkpoint 5,"What have we just seen so far? Let’s recap. Krishna has been guiding us from the idea of devotion as a lofty concept into something far more lived and intimate. The heart of it is simple: wisdom is not for the bookshelf—it’s for your life. We learned that devotion isn’t about bargaining or fear—it’s about walking through the world with a focused heart. It’s about remembering, quietly and constantly, that there’s something deeper moving through you. When that remembrance is alive, even ordinary tasks shine. We also saw that knowledge alone doesn’t transform—it’s when you live it that it becomes real. Cooking, working, talking with a friend—these can all be infused with awareness, turning routine into sacred action. And then comes the radical twist: what matters is not the size of what you offer, but the intention behind it. A simple act of love is greater than a grand gesture of ego. That insight levels the playing field. No one is too poor, too ordinary, too “unworthy.” Everyone can live in the sacred. Taken together, these lessons form a bridge: life doesn’t need to be escaped to become divine. It only needs to be remembered, lived, and offered with love.",f9f9ddfc-0a5e-5f74-baf7-818873537e44,https://ziifsmeagbyyjsnmxwns.supabase.co/storage/v1/object/public/content/journeys/audio/practical_gita/c359d7c7-9e77-49af-8c26-0c3012bfdcec.mp3?,https://ziifsmeagbyyjsnmxwns.supabase.co/storage/v1/object/public/content/journeys/covers/Practical_Gita_grow_yourself_v2.webp,defc4266-1eef-4756-b61c-01836d89b08b,c359d7c7-9e77-49af-8c26-0c3012bfdcec,35,01:51,2025-09-26 18:18:41.27276+00
2025-09-22 13:23:12.787339+00,Key Insight 40: Your Inner Qualities Shape Your Destiny,"We spend so much time measuring success by what we have—degrees, wealth, recognition—that we forget the Gita’s sharper metric: who you are on the inside matters more than what you accumulate outside. Krishna makes a bold distinction: - Divine wealth (daivi sampat) — qualities like courage, compassion, honesty, forgiveness, self-restraint. These don’t just make you a “good person”; they actually free the mind, reduce fear, and align you with liberation. - Demoniacal wealth (asuri sampat) — pride, greed, anger, hypocrisy. These may bring quick wins—power, status, domination—but they eventually breed restlessness, anxiety, and bondage. History is filled with reminders. Think of Nelson Mandela: despite 27 years in prison, he walked out radiating forgiveness, not revenge. That inner quality shaped not just his destiny, but his nation’s. Contrast that with leaders who amassed fortunes and empires through greed and cruelty—many left behind only fear and collapse. Modern psychology backs this up. Martin Seligman’s research on “character strengths” shows that lasting wellbeing isn’t built on pleasure or power, but on virtues like gratitude, kindness, and perseverance. These inner traits literally predict life satisfaction more than external status markers. Neuroscience also points out that qualities like compassion and forgiveness rewire the brain toward resilience, lowering stress and increasing emotional stability. Krishna’s teaching is clear: the real battlefield isn’t outside—it’s inside. Every day you’re cultivating seeds. Which will grow stronger—the divine or the demoniacal? That choice, repeated daily, quietly builds your destiny. Because in the end, your bank account won’t walk with you. Your inner account will. And that’s what the Gita calls your true wealth.",f9f9ddfc-0a5e-5f74-baf7-818873537e44,https://ziifsmeagbyyjsnmxwns.supabase.co/storage/v1/object/public/content/journeys/audio/practical_gita/c3b1494f-26ad-4c1c-9520-de14ee36f3a0.mp3?,https://ziifsmeagbyyjsnmxwns.supabase.co/storage/v1/object/public/content/journeys/covers/Practical_Gita_grow_yourself_v2.webp,defc4266-1eef-4756-b61c-01836d89b08b,c3b1494f-26ad-4c1c-9520-de14ee36f3a0,47,02:56,2025-09-26 18:18:41.27276+00
2025-09-25 16:48:34.546805+00,From Practice to Presence,"Welcome to our final section. This is where we learn to make focus your natural state, not just a fleeting moment.Have you ever had a great meditation session, only to have that peace shattered by the first stressful email that hits your inbox? The goal isn't just to find calm on a cushion; it's to carry that centered condition with you into the beautiful chaos of your daily life.In this concluding part of our journey, you'll learn how to protect and sustain your inner state so that focus becomes a lasting quality. We'll explore how to shift from trying to be focused to simply being focused.You will also discover the universal principle that governs a focused life: vibratory compatibility. As you purify your inner world, you naturally begin to attract people and circumstances that resonate with your newfound clarity and purpose. This is where focus stops being an effort and starts becoming your destiny.",0af7f2db-04d6-53c1-856c-a157bad19de6,https://ziifsmeagbyyjsnmxwns.supabase.co/storage/v1/object/public/content/journeys/audio/58e91f4b-a572-522d-909b-ccc65ddb9d49_0af7f2db-04d6-53c1-856c-a157bad19de6_0.mp3?,https://ziifsmeagbyyjsnmxwns.supabase.co/storage/v1/object/public/content/journeys/covers/12084100_4914815%20(1).jpg,58e91f4b-a572-522d-909b-ccc65ddb9d49,c6ab1dd4-4f11-4fd5-91d2-753215564f42,0,01:08,2025-09-26 18:18:41.27276+00
2025-09-12 14:04:58.215976+00,The Golden Rule — Host: Ananth,"Sometimes we try to *delete* a habit and it keeps boomeranging. The issue isn't that you're weak; it's that the **cue and reward** are still doing their job. Enter the **Golden Rule of habit change**: you usually can't erase the loop, but you can **swap the routine** while keeping the **same cue** and **same reward**.

In plain English: keep the *when/where* the same, keep the *feeling you're chasing* the same… but try a different *middle move* that gets you there.

Hold your own loop in mind and take a guess: *What's the real reward I'm hunting for at that moment—relief, connection, dopamine, calm?*

Done? Alright, let's explore this more deeply in the next excerpt from the Kitab summary of **The Power of Habit!**",85323c30-17dd-4169-aaae-c6321d498909,https://ziifsmeagbyyjsnmxwns.supabase.co/storage/v1/object/public/content/journeys/audio/journey_5.mp3,https://ziifsmeagbyyjsnmxwns.supabase.co/storage/v1/object/public/content/journeys/covers/12084100_4914815%20(1).jpg,ed364aba-85e7-44fd-801d-499307199b5f,c7b9781c-6f01-4d8b-a6a1-c544ff46c123,2,00:59,2025-09-26 18:18:41.27276+00
2025-09-22 13:23:12.321141+00,"Key Insight 35: Many Paths, One Destination - The Unity of all Beings","Some people turn inward through meditation. Others analyze deeply through knowledge and reason. Some throw themselves into service through selfless action. Still others arrive by simply listening to the wisdom of a teacher and holding it with faith. Krishna embraces them all. there is no single gatekeeper to truth. The Gita doesn’t set one path above the others—it affirms them all as valid. Whether you are contemplative, intellectual, active, or devotional, each path can carry you to the same reality. And the most tender inclusion? The path of śravaṇāt—hearing. Not everyone has the capacity for rigorous meditation or the appetite for deep study. Yet even those who open their hearts and listen with sincerity are walking the path. Spiritual realization is not reserved for the elite—it is open to anyone willing to take a step with faith. This democratization of the spiritual journey echoes across traditions. The Buddha spoke of different “rafts” to cross the river. Rumi wrote, “The lamps are different, but the Light is the same.” In psychology, we now know that people thrive when they find approaches that match their temperament: some calm the mind through mindfulness, others through service, others through learning and reflection. The form may differ, but the essence is shared. In a divided world, this teaching is disarming. It whispers: your way is not the only way, but your way is still valid. Instead of competing over methods, we are invited to honor the sincerity of effort wherever we see it. The goal is not to argue about the road, but to remember the destination.",f9f9ddfc-0a5e-5f74-baf7-818873537e44,https://ziifsmeagbyyjsnmxwns.supabase.co/storage/v1/object/public/content/journeys/audio/practical_gita/ca0a101e-294c-4aef-a275-6d26186fa6e1.mp3?,https://ziifsmeagbyyjsnmxwns.supabase.co/storage/v1/object/public/content/journeys/covers/Practical_Gita_grow_yourself_v2.webp,defc4266-1eef-4756-b61c-01836d89b08b,ca0a101e-294c-4aef-a275-6d26186fa6e1,41,02:33,2025-09-26 18:18:41.27276+00
2025-09-25 16:48:33.990643+00,Designing Destiny,"Key Idea 1 of 6: Purity Forges Your DestinyImagine an old spiritual master sitting with his student. He takes his finger and draws a line on the back of his hand, saying, ""This is a water canal."" Then, he draws another line branching off from the first. ""You understand?"" he asks. ""Fifty percent of the power is reduced."" He draws a third branch. The power is diluted even further. This simple metaphor from the book perfectly illustrates the core principle of purity. In our modern lives, we are constantly running dozens of ""applications"" at once—multiple desires, ambitions, and distractions. Like apps on a phone, they drain our inner battery, leaving us scattered and ineffective.The solution is to live a life of purity, which is not about deprivation, but about focus. It means choosing one primary application for your life: the pursuit of your highest self, or God Realisation. This doesn't mean you abandon your career, studies, or family. Instead, every other activity becomes a support system for this one central goal. You earn money not just for comfort, but to facilitate your spiritual journey. You maintain relationships not just for pleasure, but to grow in love and understanding. Your consciousness becomes drenched in this primary purpose.When you have this clarity of intention, your inner resources are optimized. You stop wasting energy on conflicting desires and trivial pursuits. Storms may come and go, but your ship remains steady because you are guided by a single, brilliant star.What is my one true application? Identify the single most important goal that all other activities in your life can serve. Write it down and place it where you can see it daily. This singular focus is the first and most crucial step in designing your destiny. But focusing your energy is only half the battle. What about the internal forces that constantly try to pull you in a million different directions? In our next key idea, we'll confront these inner enemies head-on.#### Key Idea 2 of 6: Desire, Guilt and Ego are the enemies you need to ConquerHave you ever wondered why true, lasting happiness feels so elusive? The book offers a stunningly simple formula: Happiness is inversely related to desires. If you have ten desires and fulfill five, you are only fifty percent happy. But what happens if you have zero desires? Mathematically, anything divided by zero is infinity. By reducing your desires, you unlock infinite happiness and contentment. This is because desires are the root of our greatest inner enemies. When a desire goes unfulfilled, it leads to disappointment, which breeds anger. Anger destroys your mental balance, and without that balance, you lose your very humanness.The heaviest of all our inner burdens is guilt. It’s like lead at the bottom of our consciousness, weighing us down. Guilt arises from two sources: doing something you shouldn't have, and, even more powerfully, not doing something you should have. These ""inactions""—the lost opportunities, the words left unsaid, the help not offered—can haunt us for a lifetime. When you sit for meditation, these heavy samskaras, or impressions, are often the first to surface. The key is not to run from them. Instead, you must open your heart and allow the Master’s help to vacuum them out.Finally, there is the ego. The book doesn't tell you to destroy your ego—that's impossible. Instead, you must repurpose it. A destructive ego compares itself to others: ""I am better than you."" A constructive ego compares you to your past self: ""I can do better than I did yesterday."" Use your ego to excel in everything you do—your work, your relationships, and your spiritual practice—not to feel superior, but to continuously elevate your own potential.Reframe your relationship with these inner forces. The next time you feel a strong desire, pause and observe it instead of acting on it. When guilt surfaces, don't suppress it; offer it up in your meditation for cleaning. And when your ego flares up, turn its focus inward, challenging yourself to improve on your own previous performance. By mastering these inner enemies, you clear the path for profound inner work, which begins with cleaning your inner slate.",d4342060-4f6d-51e6-bb5c-fff65947dc60,https://ziifsmeagbyyjsnmxwns.supabase.co/storage/v1/object/public/content/journeys/audio/Designing_destiny_focus1.mp3,https://ziifsmeagbyyjsnmxwns.supabase.co/storage/v1/object/public/content/summaries/cover-pages/Designing%20Destiny.webp,58e91f4b-a572-522d-909b-ccc65ddb9d49,cb4aa98f-eab5-43ad-a682-1a45e740ac20,2,05:36,2025-09-26 18:18:41.27276+00
2025-09-22 13:23:08.271013+00,Checkpoint 3,"“That was some heavy exposure! Let’s go through all of that once more.” Krishna reveals the nature of the Self itself. He begins with a simple reminder: you are the witness. Thoughts, senses, impulses—they rise and fall, but you are the one who observes them. The real “you” is not the storm of desires, but the stillness that sees the storm. This flows into a deeper metaphysical truth: Prakriti and Purusha are beginningless. Nature (body, mind, emotions, instincts) is always changing, while Spirit (the conscious witness) is changeless. Both exist together, but they are not the same. Most of our suffering comes from confusing the two—mistaking the temporary dance of prakriti for the eternal self of purusha. Krishna makes the contrast sharper: know what is the Field, and who is the Knower of the Field. The body, mind, and experiences are the Field—ever-shifting. The Self is the Knower—the one who notices but is never altered by the changes. And finally, he insists: the field is impermanent and ever-changing. Bodies age, moods flip, relationships shift, fortunes turn. To identify with these alone is to live in constant fear of loss. But to identify with the Knower is to find a ground that doesn’t move. Together, these insights sketch a liberating map: - The Field—body, mind, nature—is transient. - The Knower—the witness within—is permanent. - Freedom comes not from rejecting the world, but from remembering you are more than what changes. The Gita is whispering here: Don’t mistake the costume for the actor. Don’t mistake the waves for the ocean. Know yourself as the witness, and life stops feeling like a storm you can’t control. Instead, it becomes a play you can participate in—with clarity, freedom, and even joy.",efb8e124-09dc-5335-9641-c6112754ae8c,https://ziifsmeagbyyjsnmxwns.supabase.co/storage/v1/object/public/content/journeys/audio/practical_gita/ce189564-fcd9-4a40-9090-283c45330629.mp3?,https://ziifsmeagbyyjsnmxwns.supabase.co/storage/v1/object/public/content/journeys/covers/Practical_Gita_Know_yourself_v2.webp,defc4266-1eef-4756-b61c-01836d89b08b,ce189564-fcd9-4a40-9090-283c45330629,17,02:36,2025-09-26 18:18:41.27276+00
2025-09-25 20:04:04.506448+00,Understanding Your Built in Need for Belonging,"This first section is about getting to the root of the issue. We're going to uncover why loneliness hurts so much. You might feel like your loneliness is a modern problem, a unique flaw, but it’s not. It’s a powerful, ancient survival instinct that has gone haywire in our modern world.In the chapters ahead, you’ll discover that the pain of loneliness is as real as any physical injury. It's your body's alarm system screaming for connection. We’ll explore the evolutionary science that proves you are fundamentally hardwired to belong. This isn’t about abstract theory; it's about understanding your own biology. By the end of this section, you'll see your loneliness not as a weakness, but as a powerful, built-in drive that you can learn to work with, not against. Let's get started.",311ad037-84f4-57f8-92fd-8aa84e086f58,https://ziifsmeagbyyjsnmxwns.supabase.co/storage/v1/object/public/content/journeys/audio/085b1002-d315-5f5a-bd9e-b0e63e119c6f_311ad037-84f4-57f8-92fd-8aa84e086f58_1.mp3?,https://ziifsmeagbyyjsnmxwns.supabase.co/storage/v1/object/public/content/journeys/covers/12084100_4914815%20(1).jpg,085b1002-d315-5f5a-bd9e-b0e63e119c6f,cfbb6390-5e28-4ec4-ba02-e55ff3360fbd,1,00:58,2025-09-26 18:18:41.27276+00
2025-09-25 16:48:33.846202+00,Lets Face the Noise Within,"Welcome to our first step. This section is about identifying exactly what’s stealing your focus.It’s one thing to feel distracted; it’s another to know why. You feel that pull to check your phone, the lingering weight of a past mistake, or the sting of comparing yourself to others. These aren't random events. They are symptoms of a deeper inner chaos fueled by very specific forces.In this section, you're going to get a clear diagnosis. We will shine a light on the three internal enemies that keep you scattered: unfulfilled desires, lingering guilt, and a destructive ego.You'll discover how these forces act like apps running in the background, draining your inner battery. By learning to see them clearly, you take the first, most crucial step toward disarming them and reclaiming your power.",d4342060-4f6d-51e6-bb5c-fff65947dc60,https://ziifsmeagbyyjsnmxwns.supabase.co/storage/v1/object/public/content/journeys/audio/58e91f4b-a572-522d-909b-ccc65ddb9d49_d4342060-4f6d-51e6-bb5c-fff65947dc60_1.mp3?,https://ziifsmeagbyyjsnmxwns.supabase.co/storage/v1/object/public/content/journeys/covers/12084100_4914815%20(1).jpg,58e91f4b-a572-522d-909b-ccc65ddb9d49,d12461e5-e686-4f19-9942-593ad05ffdca,1,01:09,2025-09-26 18:18:41.27276+00
2025-09-22 13:23:08.104544+00,Key Insight 13: The Field (Body-Mind) Is Impermanent and Ever-Changing,"“The five great elements, the ego, intelligence, the unmanifest, the ten senses and the one mind, and the five objects of the senses, desire, hatred, pleasure, pain, the aggregate, consciousness, and resolve—this is the Field and its modifications.” — Bhagavad Gita 13.6–7 Krishna doesn’t just make a claim about the “Field” of experience—he dissects it. The field is not some vague spiritual metaphor; it is a composite of everything we identify as “me” or “mine”: - The body itself, made of the five great elements. - The inner instruments—ego (ahaṅkāra), intelligence (buddhi), and mind (manas). - The senses and their objects—the entire spectrum of perception. - The emotional palette—desire, hatred, pleasure, pain. - And even consciousness and resolve—the subtle processes by which we think, decide, and act. The point is not to belittle these, but to show their nature: each one is transient, fluctuating, subject to conditions. The field is vast, but it is impermanent. What endures is the Knower of the field—the awareness that can observe all these modifications without being them. Arjuna needs this breakdown because he, like us, is lost in identification. “I am my role,” “I am my feelings,” “I am my choices.” Krishna’s detailed list is a wake-up call: no, those are part of the field. You are the one who sees the field. Neuroscience shows that emotions like anger or joy are not eternal truths but constructed states. Lisa Feldman Barrett describes emotions as predictions the brain makes to interpret bodily sensations. In other words, “I am furious” really means “my brain has labeled this mix of sensations as anger.” When you see this as part of the field—temporary, constructed—you gain space to respond differently. Psychology also teaches the impermanence of identity. Erik Erikson’s developmental theory showed that our sense of self morphs through stages of life—what defines “me” at 15 is not what defines “me” at 50. Yet despite the shifts, something watches it all. Clinical practices like mindfulness-based therapy reinforce this: when people observe thoughts and feelings as passing events, their suffering decreases. Why? Because they stop fusing identity with the field. History provides sobering reminders of what happens when we forget this impermanence. Consider leaders or celebrities who confuse their public role (part of the field) with their unchanging essence. When fame fades, identity crumbles. Contrast that with figures like Nelson Mandela, who endured decades of imprisonment by anchoring himself not in shifting conditions but in inner purpose—the witness perspective. His body, environment, and circumstances changed, but he did not confuse those changes with who he was. The Gita’s brilliance here is methodical. By cataloging the field, Krishna takes away our excuses. You cannot say “But my emotions are who I am,” because they’re listed as part of the field. You cannot say “But my mind is me,” because intellect, mind, and ego are all listed as part of the field. Once you see this clearly, the door opens: you are not trapped in what changes. You are the awareness that remains as the field flows and transforms.",efb8e124-09dc-5335-9641-c6112754ae8c,https://ziifsmeagbyyjsnmxwns.supabase.co/storage/v1/object/public/content/journeys/audio/practical_gita/d15ac779-ea79-4138-9480-a907bb3430db.mp3?,https://ziifsmeagbyyjsnmxwns.supabase.co/storage/v1/object/public/content/journeys/covers/Practical_Gita_Know_yourself_v2.webp,defc4266-1eef-4756-b61c-01836d89b08b,d15ac779-ea79-4138-9480-a907bb3430db,15,04:40,2025-09-26 18:18:41.27276+00
2025-09-22 13:23:14.961844+00,Key Insight 2: Grace flows to the one who seeks sincerely,"“Those who strive with sincerity and devotion, taking refuge in Me, attain knowledge and liberation.” — Bhagavad Gita 7.29–30 - -- Krishna makes a subtle but crucial point here: liberation isn’t about perfection—it’s about sincerity. Grace flows not to the flawless, but to the seeker who is genuine. We often think we need to have it all figured out before we begin—clear mind, spotless heart, perfect practice. But the Gita flips this: the very act of turning sincerely toward truth invites support. The universe, Krishna says, meets you where you are. Think of it like this: a crooked line, if it keeps moving toward the center, will eventually arrive. The problem is not imperfection—it’s indifference. A stumble while striving is still a stride forward. Modern psychology echoes this in studies on “self-compassion.” Kristin Neff’s research shows that those who meet their flaws with sincerity and kindness—not shame—grow faster and suffer less. Neuroscience backs it up: intention and attention literally rewire the brain over time. Small, sincere efforts accumulate into lasting change. History gives us countless examples of imperfect yet sincere seekers. Augustine began as a skeptic and pleasure-seeker before becoming a saint. Gandhi admitted to his failures in truth and celibacy, yet his sincerity toward nonviolence transformed a nation. Their lives remind us: it is the direction of the heart, not the perfection of the path, that matters. you don’t need to be extraordinary to be touched by grace—you just need to be sincere. The smallest act done with authenticity carries more power than grand gestures done for show.",84708ced-7e2f-5ad5-8ab4-abbd738d5a3e,https://ziifsmeagbyyjsnmxwns.supabase.co/storage/v1/object/public/content/journeys/audio/practical_gita/d28b7104-3fc7-48bc-a95e-413f9be683a8.mp3?,https://ziifsmeagbyyjsnmxwns.supabase.co/storage/v1/object/public/content/journeys/covers/Practical_Gita_free_yourself_v3.webp,defc4266-1eef-4756-b61c-01836d89b08b,d28b7104-3fc7-48bc-a95e-413f9be683a8,2,02:22,2025-09-26 18:18:41.27276+00
2025-09-25 20:13:04.665872+00,Thinking Fast and Slow,"#### Key Idea 1 of 5: Your Mind Is a Tale of Two SystemsTo understand the two main characters in your mind, let’s try a quick experiment. First, look at a photo of a woman with an angry expression. Almost instantly, you not only see her dark hair, but you also know she is angry and about to say something unkind. This was effortless. Now, consider this problem: 17 x 24\. You immediately know it’s a multiplication problem, and you can probably solve it, but you need to deliberately focus. You’ll feel a mental strain, your muscles will tense, and your pupils will dilate. This is real work.These two experiences perfectly illustrate the two ""systems"" that drive your thinking. The first is System 1, the hero of our story. It operates automatically and quickly, with little or no effort and no sense of voluntary control. It’s your gut reaction, the part of you that knows 2+2=4, detects hostility in a voice, or drives a car on an empty road. System 1 is an associative machine, constantly making sense of the world by linking ideas and generating impressions, intuitions, and feelings. It operates on a simple but powerful principle Kahneman calls WYSIATI: What You See Is All There Is. It constructs the most coherent story possible from the information it has, ignoring what it doesn't know.The second character is System 2, the one you think of as ""you."" This is your conscious, reasoning self that has beliefs, makes choices, and decides what to think about. System 2 is slow, deliberate, and effortful. It’s what you use to solve the 17 x 24 problem, fill out a tax form, or monitor your behavior in a social situation. However, a defining feature of System 2 is its laziness. It is reluctant to invest more effort than is strictly necessary.Most of your life, you are in a state of comfortable cognitive ease, with System 1 running the show and System 2 in a low-effort mode. System 1 continuously generates suggestions for System 2—impressions, intuitions, intentions. If all is well, System 2 will endorse these suggestions with little or no modification. But when System 1 runs into difficulty, it calls on System 2 for support. By understanding this dynamic, you can start to recognize when your gut feeling is a brilliant insight and when it's a lazy shortcut that needs a second look from your more deliberate mind. But what happens when System 1's shortcuts lead us astray? It turns out, this happens in predictable ways, often because our mind cleverly substitutes a hard question with a much easier one.#### Key Idea 2 of 5: Your Intuition Creates Biases by Answering an Easier QuestionImagine you’re told about a man named Steve. He is very shy and withdrawn, invariably helpful, but with little interest in people or in the world of reality. He has a need for order and a passion for detail. Is Steve more likely to be a librarian or a farmer? If you’re like most people, you immediately thought ""librarian."" Your mind answered the easy question: How much does Steve resemble the stereotype of a librarian? This is the Representativeness Heuristic at work.However, you ignored the harder, statistical question: What is the probability that Steve is a librarian? You overlooked a crucial fact: in the United States, male farmers outnumber male librarians by more than 20 to 1\. This statistical fact, known as a base rate, should have heavily influenced your judgment. This is the core mechanism behind your intuitive errors: when faced with a difficult question, System 1 substitutes it with an easier one and answers that instead. These mental shortcuts, or heuristics, are efficient but produce predictable, systematic errors called biases.Another powerful shortcut is the Availability Heuristic. You judge the frequency of an event by how easily examples come to mind. This is why you might worry more about a dramatic but rare plane crash than about the more common but less vivid danger of strokes. Media coverage, personal experience, and emotionally charged images create an ""availability cascade"" that distorts your perception of risk and importance.Then there’s the Anchoring Heuristic. Your estimates are unconsciously tethered to any number you are exposed to, even if it's completely irrelevant. If a charity’s donation form suggests amounts of 100, 250, and 1,000, you’re likely to give much more than if it suggested 25, 50, and 75\. The initial number acts as an anchor, pulling your judgment toward it.These heuristics are not conscious strategies; they are automatic operations of System 1\. The next time you make a quick judgment, ask yourself: ""Am I answering the real question, or a simpler one?"" Forcing this check can protect you from overvaluing vivid but rare events or getting stuck on an initial, irrelevant number. This reliance on flawed mental shortcuts doesn't just affect our guesses; it fuels one of the most dangerous biases of all: an unearned and unshakable sense of confidence in our own wisdom.",80d9c02b-f1c6-597b-accd-7129755c3a99,https://ziifsmeagbyyjsnmxwns.supabase.co/storage/v1/object/public/content/journeys/audio/clarity_thinking_fast_and_slow_voice.mp3,"https://ziifsmeagbyyjsnmxwns.supabase.co/storage/v1/object/public/content/summaries/cover-pages/8e66163f2bbc9e7ea1eb12ab_Thinking, Fast and Slow.webp?",6e8f711a-b1a8-5d02-a0e8-7aef99360e7c,d45a0ab5-f087-438c-b311-7b8bacde8b10,2,06:34,2025-09-26 18:18:41.27276+00
2025-09-12 14:04:57.987841+00,"Atomic Habits (4,5,6,7)","CHAPTER 4: The 1st Law: Make It Obvious

Our environment is the invisible hand that shapes our behavior. You don't have to be the victim of your environment; you can be the architect of it. The most powerful human sense is vision, so making visual cues obvious can have a huge impact on your habits.

A simple technique is the **Habits Scorecard**. Make a list of your daily habits and mark them as positive (+), negative (-), or neutral (=). This simple act of observation raises your awareness of what you're actually doing each day.

To build a new habit, use an **implementation intention**: ""I will [BEHAVIOR] at [TIME] in [LOCATION]."" For example, ""I will meditate for one minute at 7 a.m. in my kitchen."" People who make a specific plan are far more likely to follow through.

An even more powerful method is **habit stacking**: ""After [CURRENT HABIT], I will [NEW HABIT]."" For instance, ""After I pour my morning coffee, I will meditate for one minute."" You anchor your new habit to an existing one, creating a clear and immediate cue.

To break a bad habit, you invert this law: **Make it invisible.** One of the most practical ways to eliminate a bad habit is to reduce your exposure to the cue that causes it. If you're wasting too much time on your phone, leave it in another room. Self-control is a short-term strategy; a disciplined environment is a long-term one.

CHAPTER 5: The 2nd Law: Make It Attractive

Our brains are wired to pursue pleasure. Modern society is filled with ""supernormal stimuli""—highly engineered versions of reality that are more attractive than what our ancestors ever faced. Junk food, social media, and video games are all designed to be irresistible by hijacking our brain's reward system, which is driven by the neurotransmitter **dopamine**.

Dopamine is released not just when you experience pleasure, but when you *anticipate* it. It's the anticipation of the reward that motivates you to act. We can use this to our advantage with a strategy called **temptation bundling**. You link an action you *want* to do with an action you *need* to do.

* *Need* to exercise? Only listen to your favorite podcast while at the gym.  
* *Want* to check social media? Do ten push-ups (need) before you open the app (want).

We are also heavily influenced by the habits of three groups: **the close** (family and friends), **the many** (the tribe), and **the powerful** (those with status). One of the most effective things you can do is join a culture where your desired behavior is the normal behavior. If you want to get fit, surround yourself with fit people. The seductive pull of social norms will work in your favor.

To break a bad habit, **make it unattractive**. Reframe your mindset. Instead of thinking ""I *have* to go for a run,"" think ""I *get* to build endurance and get fit."" Highlight the benefits of avoiding a bad habit. Smoking doesn't relieve stress; it destroys your nerves. This reframing makes the bad habit less appealing.

CHAPTER 6: The 3rd Law: Make It Easy

Human behavior follows the **Law of Least Effort**. We naturally gravitate toward the option that requires the least amount of work. Instead of trying to power through the friction in your life, reduce it.

Think of it like a garden hose with a kink in it. You could crank up the water pressure, or you could just unkink the hose. Making your habits easy is like unkinking the hose. Redesign your environment for convenience. Want to eat healthier? Chop up fruits and vegetables on the weekend and store them in containers for easy access. Want to read more? Put a book on your pillow when you make your bed in the morning.

The most effective way to counteract procrastination is the **Two-Minute Rule**: When you start a new habit, it should take less than two minutes to do.

* ""Read before bed"" becomes ""Read one page.""  
* ""Do 30 minutes of yoga"" becomes ""Take out my yoga mat.""

The point is to master the habit of showing up. Anyone can read one page. A habit must be established before it can be improved. These two-minute habits are the ""gateway"" to larger routines.

To break a bad habit, **make it difficult**. Increase the friction. Want to watch less TV? Unplug it after each use and take the batteries out of the remote. You can even use a **commitment device**, a choice you make in the present that locks in better behavior in the future, like buying food in smaller packages to prevent overeating.

### **CHAPTER 7: The 4th Law: Make It Satisfying**

This is the cardinal rule of behavior change: **What is immediately rewarded is repeated. What is immediately punished is avoided.**

Our brains evolved in an immediate-return environment. The problem is that we now live in a delayed-return environment. The rewards of good habits (being healthy, wealthy, and wise) are delayed. The rewards of bad habits (a cigarette, a donut) are immediate.

To get a habit to stick, you need to feel immediately successful. The first three laws—make it obvious, attractive, and easy—increase the odds a behavior is performed *this time*. The fourth law—make it satisfying—increases the odds it will be repeated *next time*.

A great way to do this is with a **habit tracker**. Simply marking an X on a calendar each day you complete your habit provides a satisfying visual of your progress. You won't want to ""break the chain."" This creates immediate satisfaction and keeps you motivated. If you do miss a day, remember the rule: **never miss twice**. The first mistake doesn't ruin you; it's the spiral of repeated mistakes that follows.

To break a bad habit, **make it unsatisfying**. The consequence must be immediate and painful. Get an **accountability partner**. If you fail to stick to your commitment, you might have to pay your friend $20. You can even create a **habit contract**, a written agreement outlining your commitment and the punishment for failing. This adds a social cost and makes the consequences of your bad habits public and painful.",85323c30-17dd-4169-aaae-c6321d498909,https://ziifsmeagbyyjsnmxwns.supabase.co/storage/v1/object/public/content/journeys/audio/atomic_habits2.mp3,https://ziifsmeagbyyjsnmxwns.supabase.co/storage/v1/object/public/content/summaries/cover-pages/Atomic%20Habits.webp,ed364aba-85e7-44fd-801d-499307199b5f,d4fdb32b-33ca-443f-9a0e-aa0d9e464aed,1,07:37,2025-09-26 18:18:41.27276+00
2025-09-22 13:23:15.673525+00,Key Insight 10: Divinity Manifests In Every Being,"“I am the Self seated in the hearts of all beings.” Earlier, the Gita asked us to practice seeing unity—training our perception until compassion became natural. Here, Krishna goes a step further: He doesn’t say, “Try to see oneness.” He declares, “Oneness is already here. I am the Self in every heart.” This is not just spiritual poetry—it’s a radical shift in perspective. The divine isn’t tucked away in distant heavens, but pulsing quietly in every being you meet. Man, woman, child, animal, even those we label as enemies—the same presence lives there. The heart, not the temple, is where the real sanctum lies. Social psychology’s “contact hypothesis” (Gordon Allport) demonstrates that prejudice shrinks when people connect directly—because beneath the labels, we intuit the shared essence. Krishna frames that essence as nothing less than the Divine. Think of Abraham Lincoln’s words at the end of a brutal civil war: “With malice toward none, with charity for all…” He wasn’t being naïve—he was naming a deeper truth: you can stand firm against injustice without erasing the humanity of those on the other side. This insight also reframes how we treat ourselves. If the Self sits within every heart, then no past mistake can erase your worth. Spiritual failure is not disqualification; it’s forgetting who lives within you. To remember—even briefly—is to step back into wholeness. So here’s the invitation: before you speak, decide, or judge, pause and whisper inwardly—“The same Self is in their heart and mine.” Notice how it changes your tone, softens your edges, and steadies your choices. Because when you really see the One shining through all, reverence stops being something you practice—it becomes the only way to live.",84708ced-7e2f-5ad5-8ab4-abbd738d5a3e,https://ziifsmeagbyyjsnmxwns.supabase.co/storage/v1/object/public/content/journeys/audio/practical_gita/d5192142-65d7-4e79-9e76-5fbaf16cb40a.mp3?,https://ziifsmeagbyyjsnmxwns.supabase.co/storage/v1/object/public/content/journeys/covers/Practical_Gita_free_yourself_v3.webp,defc4266-1eef-4756-b61c-01836d89b08b,d5192142-65d7-4e79-9e76-5fbaf16cb40a,11,02:46,2025-09-26 18:18:41.27276+00
2025-09-22 13:23:16.84416+00,Key Insight 22: Action Is Not to Be Renounced—Only undue Attachment,"We’ve all felt it: that temptation to step away from responsibility because it feels too heavy. “If only I could quit this job… walk away from this relationship… leave everything behind.” Arjuna, too, wanted to lay down his bow and escape the battlefield. But Krishna’s reminder is sharp and liberating: the problem isn’t action itself—it’s the way we cling to it. Action is the rhythm of life. Even the choice to do “nothing” is still an act—your body breathes, your mind spins, your heart beats. So renouncing action is impossible. What Krishna asks us to renounce is the sticky glue of ego and expectation. Think of a musician. When she plays only to impress, every missed note torments her. But when she plays as an offering—losing herself in the music—her art becomes freedom. The same applies to us. Whether you’re sending an email, cooking dinner, or leading a team—if you’re obsessed with how you’ll be judged, you’re bound. If you act with sincerity, but release the grip on outcomes, you’re free. This is the essence of karma yoga. Action doesn’t have to entangle you. It can liberate you—when you see yourself not as “the doer,” but as a channel. Detachment doesn’t mean carelessness. It means caring deeply about the work, but not about the applause. The Gita, here, reframes work itself as worship. Keep acting. Keep showing up. Just drop the ownership.",84708ced-7e2f-5ad5-8ab4-abbd738d5a3e,https://ziifsmeagbyyjsnmxwns.supabase.co/storage/v1/object/public/content/journeys/audio/practical_gita/d643ec25-d287-4c3f-bd90-37cf48caecbf.mp3?,https://ziifsmeagbyyjsnmxwns.supabase.co/storage/v1/object/public/content/journeys/covers/Practical_Gita_free_yourself_v3.webp,defc4266-1eef-4756-b61c-01836d89b08b,d643ec25-d287-4c3f-bd90-37cf48caecbf,26,02:09,2025-09-26 18:18:41.27276+00
2025-09-22 13:23:12.090086+00,Key Insight 33: Simplicity and inner contentment are the soil in which true devotion blossoms.,"“Content with anything that comes, steady-minded, full of devotion—he is dear to Me.” - Krishna Krishna paints a picture of the devotee not as someone dazzling the world with riches, rituals, or drama, but as someone quietly content. This person is steady, uncluttered, satisfied with what arrives. Their devotion thrives not because they have more, but because they need less. Simplicity here doesn’t mean deprivation. It means freedom—the ability to live from enough rather than endless hunger. A contented heart doesn’t waste energy chasing the next shiny thing; it has space to notice the sacred in the ordinary. A simple meal becomes gratitude, a quiet evening becomes devotion, a small gesture becomes offering. Modern life, however, teaches the opposite: more, faster, bigger. We’re sold the idea that fulfillment lies just one purchase, one achievement, one upgrade away. Yet psychology shows that beyond a certain threshold, more wealth or possessions don’t increase happiness. What does? Contentment, gratitude, and presence. Research in positive psychology finds that people who cultivate gratitude practices report higher levels of well-being than those who accumulate possessions. Thoreau sought “simplicity, simplicity, simplicity” at Walden Pond. The Buddha called contentment the greatest wealth. Even contemporary voices like Pico Iyer remind us that stillness and simplicity are luxuries in a noisy world—and the source of depth. Krishna’s point is timeless: devotion doesn’t grow in the soil of cluttered desires. It blossoms in the quiet ground. Simplify what you can, savor what you have, and let devotion spring naturally from a heart unburdened by endless craving.",f9f9ddfc-0a5e-5f74-baf7-818873537e44,https://ziifsmeagbyyjsnmxwns.supabase.co/storage/v1/object/public/content/journeys/audio/practical_gita/d653b43a-b9d7-4272-b5c1-ca58baa67adf.mp3?,https://ziifsmeagbyyjsnmxwns.supabase.co/storage/v1/object/public/content/journeys/covers/Practical_Gita_grow_yourself_v2.webp,defc4266-1eef-4756-b61c-01836d89b08b,d653b43a-b9d7-4272-b5c1-ca58baa67adf,38,02:28,2025-09-26 18:18:41.27276+00
2025-09-12 14:04:57.402068+00,Break Down Your Habits! — Host: Ananth,"Welcome back. Quick mini-lab session. We're not fixing anything yet; we're just naming the loop.

Write one true sentence about your habit using this mold:

'When [CUE], I want to feel [CRAVING], so I [RESPONSE], and I get [REWARD].'

For Example: 'When I park on the couch after work (the cue), I want to feel relaxed (the craving), so I open Instagram (the response), and I get a hit of novelty (the reward).'

Now your turn—today or yesterday, be specific:

* Where were you? What time? Who was around? (**cue**)

* What feeling were you chasing—relief, fun, focus, comfort? (**craving**)

* What did you do? (**response**)

* What showed up right after? (**reward**)

Read it once out loud. And that's it. You've mapped your habit. But, how do you change or build new habits?

We'll get to that in the next part.""",847067e7-e5a5-4026-8027-9b318812af02,https://ziifsmeagbyyjsnmxwns.supabase.co/storage/v1/object/public/content/journeys/audio/Journey3.mp3,https://ziifsmeagbyyjsnmxwns.supabase.co/storage/v1/object/public/content/journeys/covers/12084100_4914815%20(1).jpg,ed364aba-85e7-44fd-801d-499307199b5f,d797a34c-418e-4615-bea4-ed79f36884ed,3,01:06,2025-09-26 18:18:41.27276+00
2025-09-25 20:04:04.810123+00,The Loneliness Cure,"Key Idea 2 of 4: Diagnose Your Affection Hunger and Stop the Self-SabotageHave you ever scrolled through a social media feed filled with hundreds of ""friends"" yet felt a profound sense of isolation? This gap between the connection you see and the connection you feel is the essence of affection deprivation. It’s not about the quantity of your relationships, but the quality—specifically, the difference between the affection you want and the affection you get. When this gap becomes a chronic ache, it can silently wreak havoc on your entire life.The consequences of living in an ""affection famine"" are not just emotional; they are deeply physical. Neuroscientists have discovered that our brains process social rejection in the same area that processes physical pain. That feeling of a ""broken heart"" isn't just a metaphor; your body is experiencing real distress. This chronic stress weakens your immune system, disrupts your sleep, and leaves you more vulnerable to depression and anxiety. Socially disconnected people are also more likely to engage in poor self-care, such as exercising less, eating poorly, and abusing alcohol.Faced with this painful void, many of us fall into misguided coping strategies that only deepen our loneliness. One common mistake is to demand affection from a partner, which often feels like a command rather than a genuine expression and can cause them to pull away. Another is to sexualize affection, using physical intimacy as a shortcut to feel connected, only to be left feeling emptier when the encounter ends. Perhaps the most dangerous path is engaging in risky behaviors—like casual hookups or substance use—to numb the pain of disconnection. These actions provide a fleeting sense of relief but ultimately sabotage any chance of building the genuine, lasting connections we truly crave.By recognizing these self-defeating patterns, you can begin to break the cycle. The first step to a cure is a proper diagnosis. Acknowledge the gap between the affection you desire and the affection you receive. Identify the misguided paths you may have followed in an attempt to fill it. This awareness is empowering. It clears the way for you to stop fighting a losing battle and start implementing strategies that actually build the authentic connections you need to thrive.Key Idea 3 of 4: You Must Invite, Model, and Recognize the Affection You SeekConsider Kris, who constantly tells her fiancé, Brad, that she needs more affection. Her demands, born of frustration, only make Brad feel pressured and awkward, causing him to retreat further. This is a classic mistake. The solution isn’t to demand love, but to create an environment where it can flourish naturally. This requires a three-part strategy: inviting, modeling, and recognizing affection.First, you must invite affection instead of demanding it. An invitation is a gentle encouragement, not a requirement. It creates a safe space for the other person to respond authentically, without feeling cornered. For example, instead of saying, ""You never hug me anymore,"" you might say, ""I could really use a hug right now."" This simple shift changes the dynamic from accusation to vulnerable request, making it far more likely to be met with warmth.Second, you need to model the specific behaviors you desire. If you want more verbal affirmations, make a point of genuinely telling your loved ones how much you appreciate them. Let them see you expressing affection openly and comfortably with friends and family. This isn't about being manipulative; it's about teaching by example. You show them what a healthy, affectionate interaction looks like and feels like, making it easier for them to reciprocate.Finally, and perhaps most powerfully, you must learn to recognize the diverse ways affection is already being shown to you. Many of us have a narrow definition of affection, limited to hugs, kisses, and ""I love yous."" But people, especially men, often express love through instrumental actions. Think of Steve, who shows his love for his wife, Kaitlyn, by making sure her car is safe to drive and handling household repairs. These aren't just chores; they are tangible expressions of care. When you start to see these actions as a different ""affection language,"" you realize you may be receiving far more love than you thought. By acknowledging and appreciating these gestures—""Thank you for taking care of my car, it makes me feel so looked after""—you validate their form of expression and encourage even more connection. This shift in perspective can instantly reduce your perceived affection gap and open the door to a deeper, more understanding relationship.",a1fba066-6d8e-5942-bfe7-cd41fceb3972,https://ziifsmeagbyyjsnmxwns.supabase.co/storage/v1/object/public/content/journeys/audio/connections_loneliness_cure_voice.mp3,https://ziifsmeagbyyjsnmxwns.supabase.co/storage/v1/object/public/content/summaries/cover-pages/3997d754550dfa0590e4c1bb_The Loneliness Cure.webp?,085b1002-d315-5f5a-bd9e-b0e63e119c6f,db4f36fb-7020-4a9c-8b76-cdddddc68451,1,06:05,2025-09-26 18:18:41.27276+00
2025-09-22 13:23:13.189711+00,Checkpoint 8,"We’ve just traveled through a set of teachings that bring the focus back to the heart of what sustains us—not achievements, not appearances, but the inner ground we stand on. Krishna first reminded us that the Divine energy is seated in every being. Life itself is animated by this presence. To see this is to move from reaction to reverence—no longer dividing the world into “worthy” and “unworthy,” but recognizing the same flame flickering in all. From there, he gave us a map of divine character. Fearlessness, compassion, humility, forgiveness—these aren’t lofty ornaments but the very currency of the spirit. They are the markers of maturity, the qualities that endure when status and possessions fade. But then comes the caution: beware spiritual arrogance. The ego can disguise itself even in virtue, whispering, “I am the best, there is none like me.” True wisdom isn’t measured in superiority—it bows lower, serves deeper, and remembers it is always learning. Krishna then turned to the restlessness of desire. Endless wanting breeds endless anxiety. The more conditions we place on happiness, the more fragile peace becomes. Desire promises fulfillment but delivers worry. Freedom begins when we stop outsourcing joy to the next achievement. Finally, he drew the line between freedom and chaos: authentic truth must be our guide, not personal whim. Whim feels like liberty, but it traps us in impulsiveness. Real freedom is disciplined—it flows from alignment with dharma, the inner compass of truth.",f9f9ddfc-0a5e-5f74-baf7-818873537e44,https://ziifsmeagbyyjsnmxwns.supabase.co/storage/v1/object/public/content/journeys/audio/practical_gita/dbddc505-f1f4-412c-8bde-c098cb012b5d.mp3?,https://ziifsmeagbyyjsnmxwns.supabase.co/storage/v1/object/public/content/journeys/covers/Practical_Gita_grow_yourself_v2.webp,defc4266-1eef-4756-b61c-01836d89b08b,dbddc505-f1f4-412c-8bde-c098cb012b5d,52,02:32,2025-09-26 18:18:41.27276+00
2025-09-22 13:23:11.247132+00,Key Insight 24: Meditation Is Your Anchor,"Krishna tells Arjuna that meditation isn’t a luxury or a retreat for saints in caves—it’s the anchor of inner life. The yogi doesn’t run away from the world forever but carves out space to sit, return inward, and rest in the Self. Meditation here means training the mind to let go of its constant grasping—desires, possessions, comparisons—and rest in awareness itself. Alone doesn’t necessarily mean isolation in the mountains. It means a posture of inwardness: withdrawing from the noise long enough to rediscover stillness. For some, meditation is communion with the Divine—Krishna’s presence felt in the silence. For others, it’s returning to the Higher Self: the quiet witness within that remains steady even as the outer world storms. Both interpretations converge: meditation is the way to meet the part of you that doesn’t shake. Krishna’s counsel is: “anchor yourself daily in meditation.” Sit, breathe, let go. Even a few minutes of inwardness can purify the mind and return you to yourself.",f9f9ddfc-0a5e-5f74-baf7-818873537e44,https://ziifsmeagbyyjsnmxwns.supabase.co/storage/v1/object/public/content/journeys/audio/practical_gita/dc9da4a7-355b-4516-a2d1-fedf4e8b317f.mp3?,https://ziifsmeagbyyjsnmxwns.supabase.co/storage/v1/object/public/content/journeys/covers/Practical_Gita_grow_yourself_v2.webp,defc4266-1eef-4756-b61c-01836d89b08b,dc9da4a7-355b-4516-a2d1-fedf4e8b317f,27,01:44,2025-09-26 18:18:41.27276+00
2025-09-22 13:23:12.630114+00,Checkpoint 7,"Pause here for a moment. Krishna has just shown us the three qualities of nature—sattva, rajas, and tamas—that weave through every life. Think of them as currents. Some lift, some stir, some drag. But all three are always present, shaping the mind and heart. Sattva feels like light. It brings clarity, harmony, and joy. When sattva is strong, the mind steadies, choices become cleaner, and life feels aligned. Yet even sattva can bind—if we start clinging to our own “goodness,” mistaking virtue for the destination. Rajas is fire. It fuels ambition, desire, and restless energy. Rajas builds, creates, invents—but it also agitates. It pulls us into endless cycles of craving, achievement, and more craving. Busyness masquerades as purpose, and peace slips further away. Tamas is fog. It drags us into inertia, dullness, and avoidance. Sometimes it shows up as laziness; other times as numbing habits, addictions, or emotional withdrawal. Tamas whispers “not now,” until later becomes never. Taken together, the gunas explain why our moods, actions, and even identities shift. At times, we feel luminous and clear; other times, driven but restless; still others, heavy and stuck. The key is awareness. To see which force is playing through you is the first step to freedom. Krishna’s promise is not that you’ll erase the gunas, but that you can rise above them. Sattva refines, rajas energizes, tamas rests—but none of them define the Self. The goal is to learn from them, move through them, and ultimately anchor in the witness beyond them.",f9f9ddfc-0a5e-5f74-baf7-818873537e44,https://ziifsmeagbyyjsnmxwns.supabase.co/storage/v1/object/public/content/journeys/audio/practical_gita/ddee9c5c-0f92-4259-9a71-44956b255549.mp3?,https://ziifsmeagbyyjsnmxwns.supabase.co/storage/v1/object/public/content/journeys/covers/Practical_Gita_grow_yourself_v2.webp,defc4266-1eef-4756-b61c-01836d89b08b,ddee9c5c-0f92-4259-9a71-44956b255549,45,02:55,2025-09-26 18:18:41.27276+00
2025-09-22 13:23:16.534126+00,Key Insight 19: Transcending Gunas Brings Equanimity,"The Gita doesn’t stop at helping us understand the play of the gunas—sattva (clarity), rajas (restlessness), and tamas (inertia). It points to something higher: a state beyond their grip. Most of us swing between them daily—moments of calm insight, bursts of restless ambition, spells of dull apathy. These moods seem to define us. But Krishna says: you are not bound to keep riding this seesaw. A yogi learns to watch the gunas without being ruled by them. This doesn’t mean becoming cold or indifferent. The transcendent one feels pain and pleasure, honor and blame—but they are not shaken by them. Their identity isn’t glued to success or collapse. It’s like being in the eye of a storm—winds swirl, but the center stays still. Modern psychology mirrors this in the idea of emotional regulation—freedom doesn’t come from avoiding highs and lows, but from not letting them hijack your choices. Neuroscience too shows that when awareness strengthens (through practices like meditation), the brain’s prefrontal cortex helps keep balance even when emotions surge. Krishna’s vision of transcendence is not about escaping life but about living with unshakable center. To be serene in praise and blame, in pleasure and pain, is not numbness—it’s freedom. And that freedom makes you capable of love, service, and wisdom without being drained by the constant drama of the gunas.",84708ced-7e2f-5ad5-8ab4-abbd738d5a3e,https://ziifsmeagbyyjsnmxwns.supabase.co/storage/v1/object/public/content/journeys/audio/practical_gita/de7904c7-7710-4c6b-bf81-d543d5d9614e.mp3?,https://ziifsmeagbyyjsnmxwns.supabase.co/storage/v1/object/public/content/journeys/covers/Practical_Gita_free_yourself_v3.webp,defc4266-1eef-4756-b61c-01836d89b08b,de7904c7-7710-4c6b-bf81-d543d5d9614e,22,02:01,2025-09-26 18:18:41.27276+00
2025-09-23 20:23:34.762669+00,From Anger to love,"Key Idea 4 of 5: Practice Boundless Love and CompassionDuring his 25 years in Chinese forced labor camps, Dr. Tenzin Chödrak, one of the Dalai Lama’s physicians, endured unimaginable torture. Yet, after each session, he would work to regain a sense of compassion for his torturers, viewing them as brainwashed individuals who deserved pity, not hate. He later said that without this practice of love and compassion, his heart would have filled with animosity, and he would not have survived. His story reveals a profound truth: love is not a soft, passive feeling, but a courageous, life-sustaining practice and the ultimate antidote to anger.You cannot feel boundless love and burning hatred in the same moment. As Matthieu Ricard explains, they are mutually exclusive. The more you cultivate thoughts of love, the less mental real estate is available for anger and resentment. Just as you can train a muscle, you can train your mind in compassion until it becomes your natural, default state. This isn’t about waiting for loving feelings to arise; it’s about actively generating them.The practice is systematic and accessible to everyone. You begin with what is easy. Sit quietly and bring to mind someone you love dearly and unconditionally, perhaps a child or a beloved pet. Allow yourself to be completely filled with a feeling of pure, selfless love for them, wishing only for their happiness. Bathe in that feeling. Once you have established this state, you begin to expand the circle. Extend that same feeling of loving-kindness to friends, then to neutral people like a clerk at the store, and then—and this is the most challenging and transformative step—extend it to those who have harmed you.This doesn't mean condoning their actions. It means recognizing their own suffering and wishing for them to be free from the hatred or ignorance that drives them. As Satish Kumar reminds us, this is the essence of radical acceptance, loving without expectation or judgment. Victor Kannan offers a practical application: when you feel angry with someone, sit quietly and consciously send them love-filled thoughts. This practice mystically transforms your inner state and often, the situation itself.Your actionable takeaway is to begin this practice of cultivating love. Start with just five minutes a day. Choose one person and radiate love toward them. Then, see if you can extend it to one more person. This is how you actively starve the roots of anger. By choosing to rejoice in others' happiness and wishing for all beings to be free from suffering, you are not just changing your mood; you are fundamentally rewiring your emotional landscape, building a vast inner world where anger simply cannot thrive. This rewiring ultimately leads to the final stage of transformation: the dissolution of the self.Key Idea 5 of 5: The Goal Is to Move from 'I' to 'Thou'In O. Henry’s classic story, ""The Gift of the Magi,"" a young, impoverished couple, Della and Jim, each secretly sell their most prized possession to buy a Christmas gift for the other. Della sells her beautiful long hair to buy a chain for Jim’s gold watch, while Jim sells his watch to buy ornate combs for Della’s hair. The gifts are now useless, but the story reveals the highest form of love: a state where the other’s happiness is so paramount that one’s own identity and desires dissolve.This is the ultimate destination on the journey from anger to love. As Kamlesh Patel explains, it is a progression from a life centered on ""I"" to one centered on ""thou."" Anger is almost always rooted in the ""I"": my expectations were not met, I was disrespected, my needs were ignored. It is an emotion that reinforces the ego and the sense of a separate, vulnerable self. True love, conversely, is the gravity of the soul—a powerful force that pulls you out of this self-centered orbit and into a state of unity.The journey unfolds in stages. First, you move from ""I"" to ""we."" Your focus shifts from your individual needs to the health of the relationship and the connection you share. You begin to prioritize harmony and understanding over being right. But the final, most profound leap is from ""we"" to ""thou."" In this state, as exemplified by Della and Jim, the beloved’s well-being becomes your sole focus. There is no ""I"" left to be offended, no ego left to be bruised. When you exist in this state of loving surrender, what is there to be angry about?This state is achieved through the cultivation of humility and acceptance. It is the understanding that love is the ultimate antidote to entropy—the natural tendency toward disorder. Anger creates disorder in our relationships and our inner world. Love, through acceptance and sacrifice, is the energy that constantly brings the system back into a state of stable, harmonious order.This doesn't mean you become a doormat. It means your sense of self is so secure in its connection to a greater whole that it no longer needs to defend its territory. Your identity is no longer defined by your wounds, your desires, or your ego, but by your capacity to become an instrument of love itself. The actionable practice here is a mental shift. In moments of conflict, consciously move your focus from ""What about me?"" to ""What does love require of me right now?"" This question dissolves the ego and opens the door to a response rooted not in self-preservation, but in selfless connection.",44f93d33-39c3-4357-b5b3-2af0c217febe,https://ziifsmeagbyyjsnmxwns.supabase.co/storage/v1/object/public/content/journeys/audio/Journey_anger_to_love3.mp3,https://ziifsmeagbyyjsnmxwns.supabase.co/storage/v1/object/public/content/summaries/cover-pages/From%20Anger%20To%20Love.webp,0610db47-e2f8-43c9-8f47-fd23c8f18ba2,e4241bfc-38d6-4080-a1ac-afe21e5a9d2b,1,07:06,2025-09-26 18:18:41.27276+00
2025-09-23 20:23:34.466849+00,From Anger to love,"Key Idea 2 of 5: Move from Automatic Reaction to Conscious Response. The great Sufi master Hazrat  Ali once overpowered an enemy on the battlefield. As he prepared for the final blow, the soldier spat in his face. In that instant, every instinct would scream for retaliation. But Hazrat ‘Ali did the unthinkable. He paused, threw down his sword, and walked away. When the baffled soldier asked why, he replied, “I am the Lion of God, not a lion of passion.” In that moment of insult, the fight was no longer for a just cause; it would have been driven by his personal anger. He recognized the shift and chose to master his reaction.This story beautifully illustrates the most critical skill in transforming anger: creating a space between the trigger and your response. Most of the damage caused by anger comes not from the feeling itself, but from the automatic, unconscious reaction that follows. Your ancient survival wiring is designed for speed, not wisdom. It hijacks your rational mind and puts your emotions in the driver's seat. To master anger, you must learn to reclaim control in that crucial gap.Fortunately, this doesn't require superhuman willpower, but simple, conscious practices. When you feel anger rising, your body is preparing for a physical confrontation. You can consciously deactivate this response. If you are standing, sit down. If you are sitting, lie on the ground. This simple physical act sends a powerful signal to your nervous system that the threat is not immediate and that a fight is not necessary. Rebalancing your breath is another potent tool. A few slow, deep breaths can calm your racing heart and bring your prefrontal cortex—the thinking part of your brain—back online.In this reclaimed space, you can shift from a reactive mind to a responsive heart. Instead of seeing an adversary, you can practice deep listening, as peace advocate Scilla Elworthy suggests. Your undivided attention is a profound gift that can de-escalate conflict. When someone feels truly heard, their own defensiveness softens. You can move from a place of ""I'm right and you're wrong"" to a place of ""I see that you're in pain."" This allows you to survey the situation with clarity and compassion, rather than judgment and blame.The actionable step here is to practice the pause. The next time you feel triggered, commit to waiting. It could be for ten seconds of deep breathing or, as Kamlesh Patel suggests, for 24 hours before addressing a major issue. This conscious postponement isn't suppression; it's strategic. It allows the volatile energy of the initial reaction to dissipate, so you can respond with wisdom and integrity, not passion. By mastering this pause, you turn moments of potential destruction into opportunities for connection. But this raises a deeper question: why do these triggers have so much power over us in the first place? The answer often lies buried in our past.Key Idea 3 of 5: Follow Your Anger Toward Its Root to Heal Past TraumaHave you ever been shocked by the intensity of your own anger over something seemingly small? A casual comment or a minor mistake triggers a disproportionate explosion, leaving you and others bewildered. Marilyn Cornelius offers a powerful metaphor for this experience: these triggers are like hidden landmines, remnants of past battles you may not even consciously remember. Your anger, in this case, is a loyal messenger screaming that you’ve just stepped on one. It’s desperately trying to draw your attention to an old, unhealed wound.This explosive, seemingly irrational anger is often a direct symptom of unresolved trauma, frequently stemming from adverse childhood experiences (ACEs). When you experience abuse, neglect, fear, or humiliation as a child, your developing system doesn't know how to process it. That raw energy gets suppressed and buried deep in your subconscious. Llewellyn Vaughan-Lee shares his own story of growing up with an angry mother, sensing that her anger was a protective shell around a deep, unspoken wound. Like her, many of us learn to live with this buried pain, building our adult personalities on top of it.To truly be free from the grip of reactive anger, you must do more than just manage your behavior in the moment. You must have the courage to follow the anger back to its source. This is the ""shadow work"" Carl Jung spoke of: making the darkness conscious. It involves turning inward to face the pain, fear, and shame that you’ve spent a lifetime avoiding. This is the alchemical work of the heart, as Elizabeth Denley describes it, where you purify the deep-seated subconscious patterns, or samskaras, that dictate your reactions.This inner work is not about blaming the past or remaining a victim. It is about liberating your present. By bringing the light of your awareness to these old wounds, you release the trapped energy. You begin to understand that when your partner’s forgetfulness triggers rage, it’s not about the forgotten milk; it’s about the deep childhood pain of feeling unseen or unimportant.The foundation for this deep, often difficult, work is self-love. You must create a safe inner space of compassion for yourself to even begin to approach these painful memories. Without it, the process can be overwhelming. The actionable step is to begin cultivating a practice of radical self-compassion. When you feel that explosive anger, instead of judging yourself, offer yourself kindness. Acknowledge the pain of the inner child who was hurt long ago. This act of self-love is the first step in defusing the landmine, allowing you to heal the root cause so you stop projecting your old pain onto new situations. As you heal these wounds, you create space for something new to grow in their place: boundless love.",deabba62-7a49-45b1-b058-74933fc1d7c2,https://ziifsmeagbyyjsnmxwns.supabase.co/storage/v1/object/public/content/journeys/audio/anger_to_Love_book.mp3,https://ziifsmeagbyyjsnmxwns.supabase.co/storage/v1/object/public/content/summaries/cover-pages/From%20Anger%20To%20Love.webp,0610db47-e2f8-43c9-8f47-fd23c8f18ba2,e43b7445-aef2-4af0-a67e-850ed236e549,1,07:31,2025-09-26 18:18:41.27276+00
2025-09-22 13:23:14.39286+00,Key Insight 56: Sat – Stay True to Purpose and Integrity,"If Om aligns intention with the Divine, and Tat frees action from attachment, Sat is the seal of truth—it ensures what we do is real, enduring, and sincere. The word Sat carries the weight of permanence. It is not about fleeting appearances or polished surfaces. It is about grounding action in absolute truth and goodness. According to Krishna, when sacrifice, charity, or discipline is offered with Sat—with sincerity, integrity, and without hidden motives—it carries lasting power. Without Sat, even generous acts collapse into showmanship, discipline becomes ego, and sacrifice curdles into empty ritual. In today’s language, Sat is alignment with integrity. Think of leaders whose words and deeds match, whose decisions remain anchored in principle even when pressure mounts. History remembers them not for charisma but for character. Nelson Mandela’s refusal to abandon reconciliation—even after decades of imprisonment—was Sat in action. Malala Yousafzai, standing for education despite threats, embodies Sat as purpose lived consistently, not selectively. Without Sat, even noble actions lose meaning; with Sat, even small acts shine. A smile offered sincerely, a promise kept quietly, an effort made without deceit—these ripple far longer than grand gestures performed for applause. To live in Sat is to make truth and sincerity your compass. Not truth as in blunt fact alone, but truth as in alignment with what is enduring, life-giving, and real. In that space, every act—however ordinary—becomes part of a life that is whole, luminous, and free.",f9f9ddfc-0a5e-5f74-baf7-818873537e44,https://ziifsmeagbyyjsnmxwns.supabase.co/storage/v1/object/public/content/journeys/audio/practical_gita/e443a756-5e9f-437f-bed6-d730367c8bbc.mp3?,https://ziifsmeagbyyjsnmxwns.supabase.co/storage/v1/object/public/content/journeys/covers/Practical_Gita_grow_yourself_v2.webp,defc4266-1eef-4756-b61c-01836d89b08b,e443a756-5e9f-437f-bed6-d730367c8bbc,66,02:43,2025-09-26 18:18:41.27276+00
2025-09-12 14:04:58.55818+00,"The Power of Habit (Key Idea #5, #6)","Key Idea 5: To Actually Follow Through With A habit, You Must Cultivate Willpower

Have you ever wondered why some people seem to have superhuman self-control while others struggle? A series of studies revealed a fascinating insight: willpower isn't a character trait; it's a finite resource, like a muscle. It gets tired from overuse. If you spend all morning resisting the urge to check your phone while working on a difficult report, you'll have less willpower left to resist dessert after dinner. This is called decision fatigue.

However, the research also showed that, like a muscle, willpower can be strengthened with practice. Starbucks discovered this when trying to improve its customer service. They realized their employees' willpower often failed during stressful encounters with angry customers. So, they developed a system to turn self-control into an automatic habit. They created pre-written scripts for difficult situations, like their famous LATTE method for handling complaints (Listen, Acknowledge, Take action, Thank, Explain).

By repeatedly practicing these routines, employees didn't have to use their limited willpower to decide how to react in a moment of crisis. The response became automatic—a habit. They had, in effect, built a willpower habit loop. The Cue was an angry customer. The Routine was the LATTE method. The Reward was a de-escalated situation and a sense of professional pride.

You can do the same thing in your own life. Identify the moments when your willpower is most likely to fail. Is it when you're tired, hungry, or stressed? Then, create a plan—a pre-written script—for how you will handle that situation. For example: ""When I feel the urge to skip my workout after a long day (Cue), I will immediately change into my gym clothes and listen to my workout playlist for five minutes (Routine)."" By planning your routine in advance, you conserve your precious willpower for when you truly need it. You turn self-discipline from a struggle into a skill.

Now you have the loop, the craving, the golden rule, keystone habits, and the willpower muscle. But there is one final, essential ingredient that ties it all together, especially when you're facing a major life change.

### **Key Idea #6: Lasting Change is a Team Sport**

Even with a perfect understanding of the habit loop, lasting change can be incredibly difficult. When faced with intense stress or uncertainty, our old, deeply ingrained habits can roar back to life. So what provides the staying power? The final ingredient, Duhigg argues, is belief. You have to believe that change is possible. And for most people, that belief is born and nurtured within a community.

Consider Alcoholics Anonymous. AA is one of the most successful habit-change programs in history, and its structure is a masterclass in habit rewiring. It provides a clear system for changing the routines associated with the cues of addiction. But its true power lies in something deeper. It provides a community. By sharing their struggles and successes with a group, members start to believe they can change because they see others doing it. When a member has a moment of crisis—a powerful cue to drink—they have a new routine: call their sponsor. This group support provides the belief necessary to get through the tough times.

This same principle applies to any significant change. Whether you're trying to lose weight, start a business, or quit smoking, doing it with others dramatically increases your chances of success. A running group provides accountability. A writers' circle provides encouragement. Even just telling a friend about your goal creates a social contract that makes you more likely to stick with it. The shared experience makes the belief in change feel real and attainable.

So, as you work to change your habits, don't try to do it alone. Find your team. Join a group, find a partner, or tell your family what you're trying to achieve. When your personal willpower fades, the collective belief of your community can carry you through. It is the final, essential piece of the puzzle for making change not just possible, but permanent.",e8f39bb6-a5f3-490f-941b-40bb41c75ab8,https://ziifsmeagbyyjsnmxwns.supabase.co/storage/v1/object/public/content/journeys/audio/power_habits2.mp3,https://ziifsmeagbyyjsnmxwns.supabase.co/storage/v1/object/public/content/summaries/cover-pages/The%20Power%20of%20Habit.png,ed364aba-85e7-44fd-801d-499307199b5f,e5badabe-b9f8-4efe-9432-c70376ea4f1b,1,05:25,2025-09-26 18:18:41.27276+00
2025-09-22 13:23:09.961726+00,Key Insight 10: Desireless Action Comes from Inner Purity,"Krishna offers one of the Gita’s most enduring images: the lotus. It grows in muddy water, yet its petals remain untouched. In the same way, the wise person moves through the world of action and desire but stays inwardly free. True renunciation isn’t about running away from life, work, or responsibility. It’s about releasing inner cravings. When your sense of worth is no longer shackled to outcomes—praise, success, recognition—your actions stop binding you. Work still happens. Life still unfolds. But you remain steady, clean, unburdened. Stoic thinkers like Epictetus warned that attachment to externals—wealth, power, reputation—leads to slavery of the mind. Freedom comes from anchoring in what’s within your control: your choices, your response. Buddhism calls this the middle path: neither clinging to desire nor rejecting life, but walking with balance. Desirelessness is not about shrinking ambition; it’s about purifying it. You still act, you still strive, but your center isn’t chained to the result. This frees you from the cycle of pride when you succeed and despair when you fail.",f9f9ddfc-0a5e-5f74-baf7-818873537e44,https://ziifsmeagbyyjsnmxwns.supabase.co/storage/v1/object/public/content/journeys/audio/practical_gita/e689691c-d4fa-41ae-bf74-f239b20bdfbe.mp3?,https://ziifsmeagbyyjsnmxwns.supabase.co/storage/v1/object/public/content/journeys/covers/Practical_Gita_grow_yourself_v2.webp,defc4266-1eef-4756-b61c-01836d89b08b,e689691c-d4fa-41ae-bf74-f239b20bdfbe,11,01:45,2025-09-26 18:18:41.27276+00
2025-09-22 13:23:16.612522+00,Key Insight 20: Cut the Illusory Roots—Seek the Real,"Ever seen a banyan tree? Its roots twist downward, spread wide, and keep sprouting more. It’s hard to tell where the tree ends and where it begins. Krishna uses this image to describe worldly life—dense, tangled, and deeply rooted in illusion. The “roots” here are not your family, work, or relationships themselves. They’re the hidden clutches of ego, attachment, and possessiveness. We grip so tightly to roles, achievements, or pleasures that we mistake them for who we are. And like a banyan tree that never stops sprawling, the cycle of desire keeps growing until we feel trapped in it. The Gita’s advice? Don’t burn the tree down or run from it. Take up the axe of discernment. Cut the false roots—the belief that “this is mine,” “this is me,” or “this will last forever.” Detachment doesn’t mean rejecting life—it means refusing to let temporary things define your permanent essence. Viktor Frankl, in Man’s Search for Meaning, wrote that chasing pleasure or power always leaves us empty. Real meaning emerges only when we rise above possession and ego. The Gita is saying the same thing in its own way: you cannot cling your way to freedom. When you cut through illusion, you don’t lose life—you finally see it clearly. Relationships are no longer chains but sacred bonds. Work is no longer a burden but an offering. Success and failure no longer define you—they simply pass through you. The Eternal lies beyond the banyan’s branches. To reach it, you don’t need to destroy the tree of life. You only need the courage to stop mistaking its shadows for your home.",84708ced-7e2f-5ad5-8ab4-abbd738d5a3e,https://ziifsmeagbyyjsnmxwns.supabase.co/storage/v1/object/public/content/journeys/audio/practical_gita/e7ceaff8-410f-4f92-b5c9-86d4c027479f.mp3?,https://ziifsmeagbyyjsnmxwns.supabase.co/storage/v1/object/public/content/journeys/covers/Practical_Gita_free_yourself_v3.webp,defc4266-1eef-4756-b61c-01836d89b08b,e7ceaff8-410f-4f92-b5c9-86d4c027479f,23,02:14,2025-09-26 18:18:41.27276+00
2025-09-24 19:07:53.837685+00,Introduction,"Hi, I’m Ananth, and I’ll be your guide on this journey from stress to peace.Let’s be honest. That feeling of being constantly ‘on,’ overwhelmed by notifications, deadlines, and a never-ending to-do list? It’s become normal. But just because it's common doesn’t mean it's okay. You feel the tension in your shoulders, the quickened heartbeat, the mental fog. You know something has to change, but the idea of ‘managing stress’ feels like just another task to add to the list.This journey is different. We’re not going to add more to your plate. Instead, we’re going to uncover the real reason you feel this way and give you the tools to change it from the inside out.Together, we will first uncover why your body is wired to react to a traffic jam like it's a life-or-death threat. Then, you'll discover your body's own built-in ‘off-switch’ for stress—a tool you already possess. Finally, you’ll learn how to transform life's inevitable difficulties into a source of profound and lasting peace.This is your path to moving from being controlled by stress to being in control of your response. Let's begin.",1093440c-67e7-47ba-be2a-782028502c92,https://ziifsmeagbyyjsnmxwns.supabase.co/storage/v1/object/public/content/journeys/audio/88ee483a-8760-4caf-9fa6-2a7530f5a439_1093440c-67e7-47ba-be2a-782028502c92_0.mp3?,https://ziifsmeagbyyjsnmxwns.supabase.co/storage/v1/object/public/kitab-data/Wisdon-Journeys/audio/12084100_4914815%20(1).jpg,88ee483a-8760-4caf-9fa6-2a7530f5a439,e87dc612-1d5f-4f7c-bf9c-da50175c4dd5,0,01:33,2025-09-26 18:18:41.27276+00
2025-09-22 13:23:09.099343+00,Checkpoint 5,"“Congratulations! You have reached the end of this pillar! Here is a final recap of the last set of insights you just heard. This arc of insights zooms in on identity—who you really are—and how that recognition transforms how you live.” First, Krishna insists: you are not this body (15.17). The body ages, the intellect falters, but the true self—the immortal spark enlivened by the Supreme—remains untouched. Life is not about clinging to ego or status; it’s about becoming an instrument in the larger orchestra of the Divine. When you serve from that place, pressure softens, pride loosens, and even work becomes joy. But if we are more than the body, why do we feel so bound? Krishna explains through the three gunas (14.5)—sattva (clarity), rajas (restless passion), and tamas (inertia). These qualities belong to nature, not the soul, yet they shape our moods, decisions, and personalities. Real freedom begins with awareness: you are not the gunas—you are the witness who notices their play. And what is it that you witness in others? Krishna’s answer is radical: divinity exists in every heart (10.8). No being is excluded. The same essence animates saint and sinner, friend and stranger. Recognizing this shifts how you meet people: not as roles or masks, but as bearers of the same light that shines in you. Finally, Krishna turns the gaze inward: the truest light is not outside, but within (15.6). Unlike the sun, moon, or fire, it doesn’t flicker or fade. It’s glimpsed in stillness, in love, in moments of timeless joy. The search for worth, peace, or clarity ends not in the world’s lights, but in rediscovering the radiance already seated in your own heart. Together, these insights sketch a picture: - You are more than body and mind. - You are shaped by nature’s forces, but not bound by them. - Every being carries the same divine spark. - The light you’ve been chasing outward is already within. The Gita is saying: life transforms when you stop clutching, start witnessing, and learn to live lit from the inside out. This marks the end of the “Know Yourself” pillar. Equipped with this knowledge we can now dive into what it means to “Grow Yourself"". See you there!",efb8e124-09dc-5335-9641-c6112754ae8c,https://ziifsmeagbyyjsnmxwns.supabase.co/storage/v1/object/public/content/journeys/audio/practical_gita/ea9b1252-9563-4d83-8b51-ff6d0abcebc1.mp3?,https://ziifsmeagbyyjsnmxwns.supabase.co/storage/v1/object/public/content/journeys/covers/Practical_Gita_Know_yourself_v2.webp,defc4266-1eef-4756-b61c-01836d89b08b,ea9b1252-9563-4d83-8b51-ff6d0abcebc1,27,03:14,2025-09-26 18:18:41.27276+00
2025-09-22 13:23:11.395801+00,Key Insight 25: Stay Steadfast in Devotion and Knowledge,"Krishna isn’t asking Arjuna to simply fight harder or think smarter—He’s asking for something deeper: “Anchor your heart in Me, fix your mind on Me, and through yoga you will know Me completely, without doubt.” Notice the balance here: heart and mind. Devotion without knowledge can slide into blind sentiment. Knowledge without devotion can become dry, arrogant philosophy. But when the two hold hands—when love fuels your seeking, and clarity guides your love—you step into a relationship with the Divine that is both tender and unshakable. Think about people you admire most. Often, it’s not just their brilliance, nor just their kindness—it’s the way both qualities weave together. Einstein famously said, “Science without religion is lame, religion without science is blind.” He wasn’t preaching dogma, but pointing to the same harmony Krishna highlights: head and heart must meet for truth to shine. Even modern psychology affirms this. Neuroscientist Antonio Damasio showed that decision-making collapses when emotion is absent—the rational mind alone isn’t enough. Conversely, unchecked emotion without reasoning leads to chaos. Progress, whether spiritual or personal, comes when intellect and devotion move as one current. Krishna calls this yoga—not just posture and breath, but union. Union of your rational mind and your surrendered heart. Union of discipline and love. Union of clarity and trust. This isn’t about running away from life, but living it with a different center of gravity. You keep working, striving, loving—but now with your compass locked to something higher. Your mind grows sharper because your heart is rooted. Your heart grows freer because your mind is clear. And here’s the promise: steadfastness leads to certainty. Doubt may buzz around you, but when your inner life is balanced—devotion steady, knowledge alive—you begin to know, not just believe. And in that knowing, fear dissolves.",f9f9ddfc-0a5e-5f74-baf7-818873537e44,https://ziifsmeagbyyjsnmxwns.supabase.co/storage/v1/object/public/content/journeys/audio/practical_gita/eac48029-99cf-4ac9-8d15-d0b9bf0de8ff.mp3?,https://ziifsmeagbyyjsnmxwns.supabase.co/storage/v1/object/public/content/journeys/covers/Practical_Gita_grow_yourself_v2.webp,defc4266-1eef-4756-b61c-01836d89b08b,eac48029-99cf-4ac9-8d15-d0b9bf0de8ff,29,03:01,2025-09-26 18:18:41.27276+00
2025-09-22 13:23:12.165829+00,Checkpoint 6,"Let’s pause here and draw together the thread. Krishna has been showing us what devotion looks like when it takes root in daily life. It’s not about withdrawing from the world, nor about chasing divine approval through rituals or performance. It’s about the quality of your inner posture. We saw how a steady heart in both praise and blame is a mark of maturity. The greatest devotee doesn’t swing with the highs of acclaim or collapse under the lows of criticism. They stand rooted, acting from purpose rather than applause. That steadiness is not indifference—it’s freedom. From there, Krishna pointed us toward simplicity and contentment as the soil where devotion blossoms. A restless mind always reaching for more cannot see the sacred that’s already present. But a heart satisfied with “enough” creates space for love, gratitude, and devotion to thrive. Together, these teachings remind us: true devotion is not loud—it is steady, simple, and sincere. It shines not in grand gestures, but in how you carry yourself when no one is watching, in how you find peace with what is, and in how you keep your balance when the world tries to pull you off center.",f9f9ddfc-0a5e-5f74-baf7-818873537e44,https://ziifsmeagbyyjsnmxwns.supabase.co/storage/v1/object/public/content/journeys/audio/practical_gita/edb24259-f564-4890-aeae-0015d540d773.mp3?,https://ziifsmeagbyyjsnmxwns.supabase.co/storage/v1/object/public/content/journeys/covers/Practical_Gita_grow_yourself_v2.webp,defc4266-1eef-4756-b61c-01836d89b08b,edb24259-f564-4890-aeae-0015d540d773,39,01:52,2025-09-26 18:18:41.27276+00
2025-09-22 13:23:13.361268+00,Key Insight 46: Sattvic Food Nurtures Life & gives Clarity,"What you eat doesn’t stop at your stomach—it seeps into your thoughts, emotions, and even the subtle texture of your awareness. Sattvic food—pure, fresh, simple, nourishing—builds serenity. It supports clarity of mind, steadiness of emotions, and lightness of spirit. Think of fresh fruits and vegetables, grains, legumes, nuts, milk, and foods prepared with care and balance. Just as polluted water clouds a pond, heavy or toxic food clouds the mind. Clean food clears the mirror. Nutrition studies show that diets rich in whole, plant-based foods reduce inflammation, stabilize mood, and improve cognitive function. Psychologists exploring the gut-brain axis have found that the microbes in our intestines directly influence mental states, linking diet to anxiety, depression, and clarity. In other words: what you eat shapes how you think and feel. But Krishna goes further: it’s not only what you eat, but how. Food consumed in gratitude and moderation nourishes more deeply than the same food eaten in haste or excess. Mindless eating feeds only the body. Mindful eating nourishes the soul. In a world of fast food and fast lives, the Gita’s invitation is radical: slow down, eat clean, eat consciously. Sattvic food doesn’t just add years to your life—it adds life to your years. The deeper teaching? Food is a form of devotion. When chosen and consumed with awareness, it becomes yajña—an offering that sustains not just your body, but your inner clarity and your capacity to live in harmony with yourself and the world.",f9f9ddfc-0a5e-5f74-baf7-818873537e44,https://ziifsmeagbyyjsnmxwns.supabase.co/storage/v1/object/public/content/journeys/audio/practical_gita/ee16fea1-2bfc-44ad-9be3-ae816cee1953.mp3?,https://ziifsmeagbyyjsnmxwns.supabase.co/storage/v1/object/public/content/journeys/covers/Practical_Gita_grow_yourself_v2.webp,defc4266-1eef-4756-b61c-01836d89b08b,ee16fea1-2bfc-44ad-9be3-ae816cee1953,54,02:36,2025-09-26 18:18:41.27276+00
2025-09-22 13:23:15.59836+00,"Key Insight 9: Doubt keeps you stuck, Trust frees you","“Doubt and ego keep you stuck; trust opens the doorway to freedom.” We’ve all had that voice in our heads: “What if this is wrong? What if I fail? What if I look foolish?” Doubt feels rational, but often it’s just fear wearing the mask of intelligence. Krishna calls it out plainly: doubt—especially when fueled by ego—doesn’t protect you, it paralyzes you. He’s not asking for blind belief. The Gita never glorifies passivity. What Krishna points to is a deeper kind of trust—the kind born from experience, practice, and inner alignment. It’s the trust that lets you step forward even when outcomes aren’t guaranteed. Albert Bandura’s research on self-efficacy shows that belief in your ability to act is one of the strongest predictors of success. Doubt undercuts this belief, keeping you stuck in hesitation. Trust, on the other hand, quiets the noise long enough to take action—and action creates proof. History is full of examples. When Rosa Parks refused to give up her seat in Montgomery, it wasn’t because she knew the entire civil rights movement would ignite. It was because she trusted that standing for dignity was worth the risk. Her trust freed not just her, but a generation. Freedom doesn’t come from controlling every variable—it comes from surrendering the need to. When you trust, you stop being your own biggest obstacle. The energy wasted on self-doubt is released into movement, creativity, and growth. So the question is: are you circling in doubt, waiting for certainty before you act? Or are you willing to trust—your deeper self, the process, the presence that Krishna says is always with you—and step forward anyway? Because while doubt keeps you circling the same ground, trust is what lets you finally take flight.",84708ced-7e2f-5ad5-8ab4-abbd738d5a3e,https://ziifsmeagbyyjsnmxwns.supabase.co/storage/v1/object/public/content/journeys/audio/practical_gita/ee9ad3c6-c999-4748-9bac-7af6a5b2e6ac.mp3?,https://ziifsmeagbyyjsnmxwns.supabase.co/storage/v1/object/public/content/journeys/covers/Practical_Gita_free_yourself_v3.webp,defc4266-1eef-4756-b61c-01836d89b08b,ee9ad3c6-c999-4748-9bac-7af6a5b2e6ac,10,02:34,2025-09-26 18:18:41.27276+00
2025-09-25 20:13:04.923396+00,Putting It in Context,"You now have the blueprint for your emotional world. You understand that ""emotional hijackings"" are a feature of your brain's wiring, not a flaw in your character. This knowledge is freedom. It means you can stop blaming yourself for feeling strong emotions and start managing them with skill.By learning to identify a feeling as it arises, you create a crucial gap between the emotion and your reaction. In that space lies your power to choose a wiser response.Here are a few ways to start managing your emotional world today:
Name It to Tame It: When a strong feeling surfaces, take one deep breath and silently label it. Simply saying to yourself, ""This is anxiety,"" or ""I'm feeling anger,"" separates you from the emotion and reduces its power over you.
Create a Cooling-Off Ritual: When you feel anger rising, have a pre-planned action. It could be splashing water on your face, walking to a different room, or listening to one specific calm song. This creates an automatic ""cooling-off"" period.You’ve learned to understand your mind and manage your emotions. But where do you apply these skills? The final piece of the puzzle is learning to ground yourself in the only place where life actually happens: right now. Let’s move on to our final section.",1e46e555-4af9-52fc-825a-37c0d8d75cb9,https://ziifsmeagbyyjsnmxwns.supabase.co/storage/v1/object/public/content/journeys/audio/6e8f711a-b1a8-5d02-a0e8-7aef99360e7c_1e46e555-4af9-52fc-825a-37c0d8d75cb9_2.mp3?,https://ziifsmeagbyyjsnmxwns.supabase.co/storage/v1/object/public/content/journeys/covers/12084101_4914816%20(1).jpg,6e8f711a-b1a8-5d02-a0e8-7aef99360e7c,f00795de-37ce-4344-bec9-148e04b5434a,2,01:51,2025-09-26 18:18:41.27276+00
2025-09-25 20:04:04.43016+00,Your Path to Lasting Connection,"Welcome. I'm Ananth, and I'll be your guide on this journey from loneliness to connection. That feeling of isolation you're experiencing—the sense that you're on the outside looking in—isn't a personal failure. It's a universal human signal, like hunger or thirst, telling you a fundamental need isn't being met. But for too long, you might have believed it was something you just had to endure. That ends today.This journey is designed to give you a practical, step-by-step roadmap. It's not about quick fixes or pretending to be someone you're not. It’s about understanding the deep-seated roots of your loneliness, rewiring the habits that keep you stuck, and finally, learning the art of creating the meaningful social life you deserve.Together, we will transform your understanding of connection. You will move from feeling adrift to feeling anchored. You’ll learn not just how to find connection, but how to build and sustain it with confidence. Let’s begin this path together.",311ad037-84f4-57f8-92fd-8aa84e086f58,https://ziifsmeagbyyjsnmxwns.supabase.co/storage/v1/object/public/content/journeys/audio/085b1002-d315-5f5a-bd9e-b0e63e119c6f_311ad037-84f4-57f8-92fd-8aa84e086f58_0.mp3?,https://ziifsmeagbyyjsnmxwns.supabase.co/storage/v1/object/public/content/journeys/covers/12084100_4914815%20(1).jpg,085b1002-d315-5f5a-bd9e-b0e63e119c6f,f7117c2e-bf2f-450d-be9d-728c40d6a826,0,01:17,2025-09-26 18:18:41.27276+00
2025-09-24 19:07:54.676194+00,Your Claim to Calm,"You've now learned that calm is not an accident—it's a skill. It’s a biological response that you can consciously trigger. You possess the ""off-switch"" to your body's stress alarm, and now you have a practical method to use it every single day. This is a game-changer. It puts the power to find balance directly into your hands.This practice is about building a new baseline, one of greater calm and stability. Here are two ways to integrate this into your life immediately:
Schedule Your Calm (60 seconds): Right now, open your calendar and block out 10-20 minutes for yourself tomorrow. Label it ""My Time"" or ""Reset."" Treating this practice as an unbreakable appointment is the key to consistency.
Use a Micro-Dose of Calm (60 seconds): When you feel overwhelmed today, find a quiet corner. Close your eyes, take three slow, deep breaths, and on each exhale, silently say a calming word like ""peace"" or ""one."" That's it. Notice the immediate shift.Building daily calm is a powerful shield against everyday stress. But what about the deeper pains and old wounds that a simple relaxation practice can't always reach? In our final section, we’ll explore how to transform that kind of suffering into a source of profound strength and lasting peace.",e2355a86-33f0-42eb-a5e9-86ef3154efdf,https://ziifsmeagbyyjsnmxwns.supabase.co/storage/v1/object/public/content/journeys/audio/88ee483a-8760-4caf-9fa6-2a7530f5a439_e2355a86-33f0-42eb-a5e9-86ef3154efdf_2.mp3?,https://ziifsmeagbyyjsnmxwns.supabase.co/storage/v1/object/public/kitab-data/Wisdon-Journeys/audio/12084100_4914815%20(1).jpg,88ee483a-8760-4caf-9fa6-2a7530f5a439,f79bbc24-76b8-4528-839f-92ebe0513f7c,2,01:48,2025-09-26 18:18:41.27276+00
2025-09-22 13:23:15.992255+00,Key Insight 13: Pure Love (Bhakti) Is the Highest Yoga,"“They who worship Me, fixing their mind on Me… I consider them the best of yogis.” When we hear the word yoga, we often picture asanas, discipline, or meditation. But Krishna quietly redefines it here: the highest yoga isn’t found in bodily mastery or intellectual brilliance—it’s found in love. Pure, steady devotion. Not as sentimentality, but as the deepest strength the heart can offer. Bhakti has often been misunderstood as “soft” compared to the rigor of study (jnana) or the discipline of action (karma). But the Gita insists otherwise. Love focused on the Divine—steady, unwavering—becomes a force that stabilizes the restless mind better than reason or ritual. Love, when rooted in faith, binds together the fragments of a life into something whole. Think of the young mother in your story. Overwhelmed by divorce, two jobs, and relentless demands, she keeps a picture of Krishna on her fridge. Not out of ritual, but as a lifeline. Every time life presses in, she talks to Him like a friend: “Take care of this mess.” Slowly, what begins as tears becomes resilience. Not because her struggles vanish, but because she isn’t carrying them alone. Her bhakti is raw, real, unpolished—and therefore powerful. This is the essence of what William James called “the will to believe”: trust in a higher connection gives people the courage to endure and transform what feels unbearable. Modern psychology confirms this too. Research on secure attachment (Bowlby, Ainsworth) shows that having even one figure you trust—human or divine—creates emotional stability and resilience under stress. Bhakti provides that anchoring presence. Great figures across traditions lived this truth. Mirabai, the medieval poet-saint, sang to Krishna through ridicule, exile, and loneliness. Her devotion wasn’t escape; it was rebellion against despair. Rumi wrote, “Love is the bridge between you and everything.” For Krishna, that bridge is not metaphor—it is the very definition of yoga. So when he says, “The one absorbed in Me with love is the best yogi,” he isn’t dismissing other paths. He’s telling us the secret: all the study, discipline, and rituals point toward one thing—anchoring the heart in love. Bhakti is the yoga anyone can practice. You don’t need perfect posture, endless knowledge, or spotless history. You only need to keep turning your heart, again and again, toward the Presence within and around you. That turning—sometimes with song, sometimes with silence, sometimes with nothing more than a whispered “help”—is what makes you, in Krishna’s words, the highest yogi.",84708ced-7e2f-5ad5-8ab4-abbd738d5a3e,https://ziifsmeagbyyjsnmxwns.supabase.co/storage/v1/object/public/content/journeys/audio/practical_gita/face4f45-9121-4a2c-8339-f83e3b1c65fc.mp3?,https://ziifsmeagbyyjsnmxwns.supabase.co/storage/v1/object/public/content/journeys/covers/Practical_Gita_free_yourself_v3.webp,defc4266-1eef-4756-b61c-01836d89b08b,face4f45-9121-4a2c-8339-f83e3b1c65fc,15,03:44,2025-09-26 18:18:41.27276+00
2025-09-22 13:23:08.35136+00,Key Insight 15: The Divine Light Shines Through All,"In 1945, after surviving a Nazi concentration camp, psychiatrist Viktor Frankl wrote: “A thought transfixed me: for the first time in my life I saw the truth… that love is the ultimate and the highest goal.” Even in the darkest possible conditions, Frankl perceived something untouchable—an inner light that suffering could not extinguish. His words echo the Gita’s vision in 13.18: there is a light “beyond darkness,” an essence shining through all forms. Krishna names this principle the Kshetrajna—the Knower of the Field. Just as sunlight allows sight, this “light of all lights” allows knowledge, recognition, and meaning. Unlike the physical sun, it doesn’t rise or set. It “dwells in the hearts of all,” which means it’s not reserved for saints or philosophers—it’s the baseline awareness present in every being. The verse insists: look past surface difference, and you’ll discover the same luminous witness behind every form. Neuroscience uses different words but circles a similar mystery: consciousness itself. Nobel laureate Francis Crick once called it “the astonishing hypothesis”: that all your joys, sorrows, and identity are bound up in neural processes. Yet even reductionist models concede: without awareness, there is nothing to know. Cognitive scientist Anil Seth describes consciousness as a “controlled hallucination,” the light our brains project to make sense of raw inputs. The Gita’s claim—that there is a universal illumination making all knowing possible—remains remarkably resonant. Psychology adds a social layer. Research on moral elevation (Jonathan Haidt) shows that witnessing authentic kindness or courage triggers a physical response—warmth, tears, awe. It feels like a light inside recognizing light outside. Similarly, mirror neuron research suggests our brains are wired to resonate with others’ states. This resonance is why people describe figures like the Dalai Lama, Desmond Tutu, or Nelson Mandela as “radiant.” Their power isn’t just in argument—it’s in presence. Philosophy, too, finds the metaphor irresistible. In Plato’s Republic, the Form of the Good is compared to the sun: it illuminates both the object of knowledge and the power of knowing. Kant described enlightenment as “emergence from self-imposed immaturity”—a stepping into inner light. Across traditions, “light” is shorthand for what makes understanding, dignity, and transcendence possible.",efb8e124-09dc-5335-9641-c6112754ae8c,https://ziifsmeagbyyjsnmxwns.supabase.co/storage/v1/object/public/content/journeys/audio/practical_gita/fc221795-384b-4cd5-ae71-5685b51a2e44.mp3?,https://ziifsmeagbyyjsnmxwns.supabase.co/storage/v1/object/public/content/journeys/covers/Practical_Gita_Know_yourself_v2.webp,defc4266-1eef-4756-b61c-01836d89b08b,fc221795-384b-4cd5-ae71-5685b51a2e44,18,03:59,2025-09-26 18:18:41.27276+00
2025-09-22 13:23:09.653435+00,Key Insight 6: Lead by Example—Your Actions Shape Others,"Krishna reminds Arjuna that no action exists in a vacuum. What you do—and how you do it—ripples outward, shaping the choices of others. He points to King Janaka, a ruler who carried immense responsibilities, yet lived in spiritual awareness. Janaka did not renounce his throne to pursue perfection; he ruled skillfully, dutifully, and selflessly, turning even kingship into yoga. The lesson is clear: you don’t need to abandon the world to live spiritually. You can lead, govern, work, parent, create—while staying inwardly free. But you must remember that others are watching. Your example gives them courage to live better, too. Psychology calls this social learning. Albert Bandura’s research showed that people learn not only by instruction, but by imitation—watching how others behave. Leaders, parents, teachers, even peers set invisible norms. - Corporate culture thrives (or withers) based on what leaders actually do, not what they say. A boss preaching “work-life balance” while sending 2 a.m. emails teaches stress, not balance. - In families, children often mirror not lectures, but lived behaviors. Patience, honesty, and kindness are “caught” more than “taught.” - History shows this at scale: Gandhi’s insistence on nonviolence gave millions the courage to resist oppression without hatred. His example was itself a force. We often underestimate our influence. We think our choices are private, but they ripple—through workplaces, homes, communities. Even silence, even avoidance, teaches something. Krishna’s call is both empowering and sobering: you are always leading someone, whether you intend to or not. The question isn’t “Am I a role model?” The question is “What kind of model am I being?” Like King Janaka, you don’t need to flee responsibility to find freedom. You need to step into responsibility consciously—acting with clarity, devotion, and detachment. When you do, your life itself becomes guidance for others. Krishna’s challenge is timeless: lead not by command, but by example. Your actions shape the world more than your words.",f9f9ddfc-0a5e-5f74-baf7-818873537e44,https://ziifsmeagbyyjsnmxwns.supabase.co/storage/v1/object/public/content/journeys/audio/practical_gita/fcfb301a-3b01-4599-8b11-07a4190f149d.mp3?,https://ziifsmeagbyyjsnmxwns.supabase.co/storage/v1/object/public/content/journeys/covers/Practical_Gita_grow_yourself_v2.webp,defc4266-1eef-4756-b61c-01836d89b08b,fcfb301a-3b01-4599-8b11-07a4190f149d,7,03:25,2025-09-26 18:18:41.27276+00
2025-09-22 13:23:07.087835+00,Key Insight 3: Attachment Clouds Judgment and Purpose,"Arjuna’s greatest struggle wasn’t the war itself. It was what he saw on the battlefield: beloved teachers, cousins, and friends lined up on both sides. The sight shattered his clarity. His bow slipped not because he feared death, but because his heart clung to those he couldn’t bear to fight. In that moment, his attachment drowned out his purpose. The Gita captures this as a dangerous cascade: fixation on objects → attachment → desire → anger → delusion → loss of memory → destruction of judgment. In plain terms: what you cling to begins to control you, and eventually clouds your ability to see what must be done. Modern life offers vivid parallels. Kodak invented the first digital camera in 1975. Yet the company’s deep attachment to film—its identity, its profits, its history—blinded leadership to the future. Even as digital photography spread, they clung to what felt safe, until the very attachment destroyed them. By 2012, Kodak filed for bankruptcy, forced to sell patents and spin off businesses just to survive. Attachment, unchecked, had become their undoing. Behavioral science explains why. Psychologists call it the sunk cost fallacy—once we’ve invested time, money, or love, we feel compelled to stick with it, even when logic says let go. Add the endowment effect, where anything labeled “mine” suddenly becomes overvalued, and our judgment bends further. What feels like loyalty often turns into self-sabotage. Neuroscience adds another layer: strong emotional attachment activates the amygdala, the brain’s alarm system, which can overwhelm the prefrontal cortex—the part responsible for perspective and decision-making. Under that grip, even seasoned leaders falter. But the Gita doesn’t demonize attachment. It reframes it. Detachment doesn’t mean apathy; it means acting with care without letting care distort clarity. In practice: making decisions anchored in purpose, not fear of loss. It’s the difference between a leader who protects a failing product out of nostalgia and one who pivots toward what serves the mission. The lesson is timeless: when you place identity in what is transient, you hand over your judgment. Clarity begins the moment you loosen that grip. As Arjuna learns, peace and purpose aren’t found in denying attachment, but in seeing through it—and choosing the path aligned with truth, not fear.",efb8e124-09dc-5335-9641-c6112754ae8c,https://ziifsmeagbyyjsnmxwns.supabase.co/storage/v1/object/public/content/journeys/audio/practical_gita/fd5fd906-de60-4b55-b98d-81caf880229b.mp3?,https://ziifsmeagbyyjsnmxwns.supabase.co/storage/v1/object/public/content/journeys/covers/Practical_Gita_Know_yourself_v2.webp,defc4266-1eef-4756-b61c-01836d89b08b,fd5fd906-de60-4b55-b98d-81caf880229b,3,03:32,2025-09-26 18:18:41.27276+00
2025-09-22 13:23:15.748406+00,Key Insight 11: All Splendour arises from the Glory of the Supreme,"Krishna reframes success in a way that dissolves both arrogance and envy. Every flash of brilliance—whether in art, science, leadership, or compassion—isn’t the isolated achievement of an individual. It’s a spark, a glimpse, of something far greater shining through. This doesn’t diminish human effort—it dignifies it. Your creativity, your talent, your victories are real. But the Gita reminds us: they are also borrowed light. Just as the moon reflects the sun, every act of excellence reflects the Supreme. To see this clearly is to move from ownership to offering. History is full of examples. Albert Einstein spoke of his awe at the “cosmic religious feeling,” saying the mind that grasps the order of the universe feels humility, not pride. Rabindranath Tagore called his poems “songs that visited him” rather than personal inventions. Greatness, when rightly seen, doesn’t puff up the ego—it bows it down in gratitude. Even psychology backs this shift. Research on awe (Dacher Keltner, UC Berkeley) shows that when people encounter vastness—whether in nature, art, or human achievement—their sense of self shrinks, and feelings of connection and humility rise. Awe literally quiets the ego and opens us to reverence. When you see splendor as a spark of the Divine, two transformations happen: - Arrogance dissolves: Success no longer inflates “I did this” into ego. It becomes, “I was entrusted with this moment of brilliance.” - Competition softens: Another’s excellence isn’t a threat—it’s another spark of the same flame. Instead of jealousy, you feel celebration. Krishna reminds us that beauty, power, and prosperity are not personal possessions, but sacred currents flowing through us. The right response is not grasping or boasting, but wonder and offering. So the next time you witness greatness—in yourself or another—pause and remember: this too is a spark of the Infinite. Let it humble you, not divide you. Let it inspire reverence, not rivalry. Because when we see every light as His light, life itself becomes a festival of splendor.",84708ced-7e2f-5ad5-8ab4-abbd738d5a3e,https://ziifsmeagbyyjsnmxwns.supabase.co/storage/v1/object/public/content/journeys/audio/practical_gita/fd7629eb-b97e-4c44-bdc9-6a11a6ae3baa.mp3?,https://ziifsmeagbyyjsnmxwns.supabase.co/storage/v1/object/public/content/journeys/covers/Practical_Gita_free_yourself_v3.webp,defc4266-1eef-4756-b61c-01836d89b08b,fd7629eb-b97e-4c44-bdc9-6a11a6ae3baa,12,03:23,2025-09-26 18:18:41.27276+00
2025-09-22 13:23:09.573115+00,Checkpoint 1,"“Hey, welcome to the first checkpoint in Grow Yourself. This pillar is particularly important and large! So, keep an eye out for more checkpoints. See you further in!” Krishna’s teachings in this arc take us from the inner struggle of desire to the outer expression of purposeful work. Together, they form the backbone of Karma Yoga—how to act in the world without being enslaved by it. It begins with the reminder that fulfillment cannot be outsourced (2.55). Chasing “more” only keeps the heart restless. True steadiness comes when you anchor in the Self, not in fleeting rewards. Then comes the challenge of the senses: transform emotions into wisdom (2.64). Attraction and repulsion will always tug at you. But emotions, when seen clearly, become signals rather than shackles—teachers rather than tyrants. From this steadiness, Krishna reframes yoga itself: excellence in action (2.50). Yoga is not retreat from life, but skillfulness in every act—done with precision, presence, and alignment. Work becomes sacred not by what you achieve, but by how you perform it. He goes further: action is inevitable (3.4 & 3.5). Even inaction is a form of doing. The only real question is whether you will act unconsciously—driven by ego and fear—or consciously, with purpose and clarity. And finally, the heart of karma yoga: act with purpose, not reward (3.19). When you stop bargaining with the future and give yourself fully to the task at hand, action itself becomes devotion. Free from hope and fear, your work becomes both excellent and liberating.",f9f9ddfc-0a5e-5f74-baf7-818873537e44,https://ziifsmeagbyyjsnmxwns.supabase.co/storage/v1/object/public/content/journeys/audio/practical_gita/fe0244ca-0e5e-4ce4-9354-ec1e03e1089e.mp3?,https://ziifsmeagbyyjsnmxwns.supabase.co/storage/v1/object/public/content/journeys/covers/Practical_Gita_grow_yourself_v2.webp,defc4266-1eef-4756-b61c-01836d89b08b,fe0244ca-0e5e-4ce4-9354-ec1e03e1089e,6,02:12,2025-09-26 18:18:41.27276+00
2025-09-22 13:23:12.012906+00,Key Insight 32: Stay Centered in Criticism and Acclaim,"“He who neither rejoices nor hates… who is steady in honor and dishonor… is dear to Me.” — Bhagavad Gita Praise feels sweet, blame burns—but Krishna asks Arjuna to see both as passing winds. The highest devotee is not the one who avoids judgment, but the one who isn’t ruled by it. This doesn’t mean becoming numb. It means maturing into equanimity—holding steady when the world claps for you, and just as steady when it jeers. Imagine standing in a storm: the winds howl, but your roots grip deeper. That is the strength Krishna points to. History gives us examples. Mahatma Gandhi was hailed as a saint by some and derided as a nuisance by others—yet he kept walking his path. Nelson Mandela endured both vilification and veneration without letting either corrupt his purpose. Their strength came not from avoiding judgment, but from refusing to let judgment own them. Krishna calls this devotee “dear to Me” because such a person is free. Free from the ego’s craving for praise, free from the despair of blame. Their anchor lies deeper—in the Self, in devotion, in purpose. That freedom doesn’t make them cold; it makes them unshakably steady, able to love without needing approval and to serve without fear of rejection. Don’t let the world’s cheers inflate you or its jeers deflate you. Root yourself in something steadier. When you learn to stand firm in both honor and dishonor, you move from living for others’ eyes to living in alignment with your own truth.",f9f9ddfc-0a5e-5f74-baf7-818873537e44,https://ziifsmeagbyyjsnmxwns.supabase.co/storage/v1/object/public/content/journeys/audio/practical_gita/feb05619-b35d-4dd3-adc8-4bf395220d95.mp3?,https://ziifsmeagbyyjsnmxwns.supabase.co/storage/v1/object/public/content/journeys/covers/Practical_Gita_grow_yourself_v2.webp,defc4266-1eef-4756-b61c-01836d89b08b,feb05619-b35d-4dd3-adc8-4bf395220d95,37,02:25,2025-09-26 18:18:41.27276+00
2025-09-22 13:23:08.189289+00,Key Insight 14: Prakriti (The Field) & Purusha (The Witness) Are Beginningless,"Life feels like a tug-of-war. On one side: Prakriti—the realm of change. Bodies that grow and age, minds that race, instincts that pull, emotions that surge. On the other side: Purusha—the silent, steady witness, the Self that simply observes. Krishna tells Arjuna that both are eternal, without beginning. All of reality unfolds from their dance: Purusha, pure awareness; Prakriti, the stage on which life moves. This is not meant to split the world into “good” and “bad.” The body and mind are not mistakes—they are Prakriti, the field through which life expresses itself. But neither are they the whole of us. Beneath every shifting state lies Purusha, the changeless presence that watches. Real peace comes not from rejecting nature or clinging only to spirit, but from knowing both—and aligning with the witness even as we engage the world. Arjuna needs this reminder because he is drowning in the drama of Prakriti: family ties, fear of dishonor, the swirl of emotions. Krishna invites him to step back into Purusha—the awareness beyond roles and moods. From that perspective, the battle is still real, but it no longer defines his being. Modern science provides uncanny parallels. Neuroscientist Antonio Damasio distinguishes between the “proto-self” (bodily states) and the “autobiographical self” (the ongoing narrative of who we think we are). But beyond both lies the fact of awareness itself—the witness of all narratives. Cognitive researchers call this meta-awareness: the capacity to notice not just what you think or feel, but that you are thinking and feeling. Jonathan Schooler’s studies show that meta-awareness interrupts mind-wandering and restores perspective. It is Purusha showing itself in the lab. Philosophy wrestles with the same tension. Spinoza described nature as “Deus sive Natura”—God or Nature—as the eternal substance, of which we are modes. Derek Parfit came to see the self not as a fixed soul but as continuity of mental states, which made him less fearful of death and more compassionate to others. The Gita balances these views: the changing flux of Prakriti is real, but not ultimate; the enduring witness of Purusha is what stabilizes us. In practice, this insight reshapes how we live. If we think we are only Prakriti, we become slaves to change—ecstatic when desires are met, destroyed when they’re not. If we identify with Purusha alone, we risk detachment that denies life’s richness. The wisdom is in holding both: to engage Prakriti fully while rooted in Purusha’s steadiness. It is the art of being in the world but not consumed by it. That is why Krishna calls this knowledge liberating. When you know yourself as both—an embodied actor in nature’s play and the changeless witness beyond it—you stop clinging to every shift in the field. You play the role wholeheartedly, yet you never lose your center. This is the dance of detachment and engagement, the foundation of true freedom.",efb8e124-09dc-5335-9641-c6112754ae8c,https://ziifsmeagbyyjsnmxwns.supabase.co/storage/v1/object/public/content/journeys/audio/practical_gita/fff2adcc-ac19-40f2-ae1a-fae5385c3f41.mp3?,https://ziifsmeagbyyjsnmxwns.supabase.co/storage/v1/object/public/content/journeys/covers/Practical_Gita_Know_yourself_v2.webp,defc4266-1eef-4756-b61c-01836d89b08b,fff2adcc-ac19-40f2-ae1a-fae5385c3f41,16,04:54,2025-09-26 18:18:41.27276+00